action_id,cuts,segments,rho
0,"[1, 1, 1]","[[0, 1], [1, 1], [1, 1], [1, 19]]",1.0
1,"[1, 1, 1]","[[0, 1], [1, 1], [1, 1], [1, 19]]",0.75
2,"[1, 1, 1]","[[0, 1], [1, 1], [1, 1], [1, 19]]",0.5
3,"[1, 1, 1]","[[0, 1], [1, 1], [1, 1], [1, 19]]",0.25
4,"[1, 1, 2]","[[0, 1], [1, 1], [1, 2], [2, 19]]",1.0
5,"[1, 1, 2]","[[0, 1], [1, 1], [1, 2], [2, 19]]",0.75
6,"[1, 1, 2]","[[0, 1], [1, 1], [1, 2], [2, 19]]",0.5
7,"[1, 1, 2]","[[0, 1], [1, 1], [1, 2], [2, 19]]",0.25
8,"[1, 1, 3]","[[0, 1], [1, 1], [1, 3], [3, 19]]",1.0
9,"[1, 1, 3]","[[0, 1], [1, 1], [1, 3], [3, 19]]",0.75
10,"[1, 1, 3]","[[0, 1], [1, 1], [1, 3], [3, 19]]",0.5
11,"[1, 1, 3]","[[0, 1], [1, 1], [1, 3], [3, 19]]",0.25
12,"[1, 1, 4]","[[0, 1], [1, 1], [1, 4], [4, 19]]",1.0
13,"[1, 1, 4]","[[0, 1], [1, 1], [1, 4], [4, 19]]",0.75
14,"[1, 1, 4]","[[0, 1], [1, 1], [1, 4], [4, 19]]",0.5
15,"[1, 1, 4]","[[0, 1], [1, 1], [1, 4], [4, 19]]",0.25
16,"[1, 1, 5]","[[0, 1], [1, 1], [1, 5], [5, 19]]",1.0
17,"[1, 1, 5]","[[0, 1], [1, 1], [1, 5], [5, 19]]",0.75
18,"[1, 1, 5]","[[0, 1], [1, 1], [1, 5], [5, 19]]",0.5
19,"[1, 1, 5]","[[0, 1], [1, 1], [1, 5], [5, 19]]",0.25
20,"[1, 1, 6]","[[0, 1], [1, 1], [1, 6], [6, 19]]",1.0
21,"[1, 1, 6]","[[0, 1], [1, 1], [1, 6], [6, 19]]",0.75
22,"[1, 1, 6]","[[0, 1], [1, 1], [1, 6], [6, 19]]",0.5
23,"[1, 1, 6]","[[0, 1], [1, 1], [1, 6], [6, 19]]",0.25
24,"[1, 1, 7]","[[0, 1], [1, 1], [1, 7], [7, 19]]",1.0
25,"[1, 1, 7]","[[0, 1], [1, 1], [1, 7], [7, 19]]",0.75
26,"[1, 1, 7]","[[0, 1], [1, 1], [1, 7], [7, 19]]",0.5
27,"[1, 1, 7]","[[0, 1], [1, 1], [1, 7], [7, 19]]",0.25
28,"[1, 1, 8]","[[0, 1], [1, 1], [1, 8], [8, 19]]",1.0
29,"[1, 1, 8]","[[0, 1], [1, 1], [1, 8], [8, 19]]",0.75
30,"[1, 1, 8]","[[0, 1], [1, 1], [1, 8], [8, 19]]",0.5
31,"[1, 1, 8]","[[0, 1], [1, 1], [1, 8], [8, 19]]",0.25
32,"[1, 1, 9]","[[0, 1], [1, 1], [1, 9], [9, 19]]",1.0
33,"[1, 1, 9]","[[0, 1], [1, 1], [1, 9], [9, 19]]",0.75
34,"[1, 1, 9]","[[0, 1], [1, 1], [1, 9], [9, 19]]",0.5
35,"[1, 1, 9]","[[0, 1], [1, 1], [1, 9], [9, 19]]",0.25
36,"[1, 1, 10]","[[0, 1], [1, 1], [1, 10], [10, 19]]",1.0
37,"[1, 1, 10]","[[0, 1], [1, 1], [1, 10], [10, 19]]",0.75
38,"[1, 1, 10]","[[0, 1], [1, 1], [1, 10], [10, 19]]",0.5
39,"[1, 1, 10]","[[0, 1], [1, 1], [1, 10], [10, 19]]",0.25
40,"[1, 1, 11]","[[0, 1], [1, 1], [1, 11], [11, 19]]",1.0
41,"[1, 1, 11]","[[0, 1], [1, 1], [1, 11], [11, 19]]",0.75
42,"[1, 1, 11]","[[0, 1], [1, 1], [1, 11], [11, 19]]",0.5
43,"[1, 1, 11]","[[0, 1], [1, 1], [1, 11], [11, 19]]",0.25
44,"[1, 1, 12]","[[0, 1], [1, 1], [1, 12], [12, 19]]",1.0
45,"[1, 1, 12]","[[0, 1], [1, 1], [1, 12], [12, 19]]",0.75
46,"[1, 1, 12]","[[0, 1], [1, 1], [1, 12], [12, 19]]",0.5
47,"[1, 1, 12]","[[0, 1], [1, 1], [1, 12], [12, 19]]",0.25
48,"[1, 1, 13]","[[0, 1], [1, 1], [1, 13], [13, 19]]",1.0
49,"[1, 1, 13]","[[0, 1], [1, 1], [1, 13], [13, 19]]",0.75
50,"[1, 1, 13]","[[0, 1], [1, 1], [1, 13], [13, 19]]",0.5
51,"[1, 1, 13]","[[0, 1], [1, 1], [1, 13], [13, 19]]",0.25
52,"[1, 1, 14]","[[0, 1], [1, 1], [1, 14], [14, 19]]",1.0
53,"[1, 1, 14]","[[0, 1], [1, 1], [1, 14], [14, 19]]",0.75
54,"[1, 1, 14]","[[0, 1], [1, 1], [1, 14], [14, 19]]",0.5
55,"[1, 1, 14]","[[0, 1], [1, 1], [1, 14], [14, 19]]",0.25
56,"[1, 1, 15]","[[0, 1], [1, 1], [1, 15], [15, 19]]",1.0
57,"[1, 1, 15]","[[0, 1], [1, 1], [1, 15], [15, 19]]",0.75
58,"[1, 1, 15]","[[0, 1], [1, 1], [1, 15], [15, 19]]",0.5
59,"[1, 1, 15]","[[0, 1], [1, 1], [1, 15], [15, 19]]",0.25
60,"[1, 1, 16]","[[0, 1], [1, 1], [1, 16], [16, 19]]",1.0
61,"[1, 1, 16]","[[0, 1], [1, 1], [1, 16], [16, 19]]",0.75
62,"[1, 1, 16]","[[0, 1], [1, 1], [1, 16], [16, 19]]",0.5
63,"[1, 1, 16]","[[0, 1], [1, 1], [1, 16], [16, 19]]",0.25
64,"[1, 1, 17]","[[0, 1], [1, 1], [1, 17], [17, 19]]",1.0
65,"[1, 1, 17]","[[0, 1], [1, 1], [1, 17], [17, 19]]",0.75
66,"[1, 1, 17]","[[0, 1], [1, 1], [1, 17], [17, 19]]",0.5
67,"[1, 1, 17]","[[0, 1], [1, 1], [1, 17], [17, 19]]",0.25
68,"[1, 1, 18]","[[0, 1], [1, 1], [1, 18], [18, 19]]",1.0
69,"[1, 1, 18]","[[0, 1], [1, 1], [1, 18], [18, 19]]",0.75
70,"[1, 1, 18]","[[0, 1], [1, 1], [1, 18], [18, 19]]",0.5
71,"[1, 1, 18]","[[0, 1], [1, 1], [1, 18], [18, 19]]",0.25
72,"[1, 1, 19]","[[0, 1], [1, 1], [1, 19], [19, 19]]",1.0
73,"[1, 1, 19]","[[0, 1], [1, 1], [1, 19], [19, 19]]",0.75
74,"[1, 1, 19]","[[0, 1], [1, 1], [1, 19], [19, 19]]",0.5
75,"[1, 1, 19]","[[0, 1], [1, 1], [1, 19], [19, 19]]",0.25
76,"[1, 2, 2]","[[0, 1], [1, 2], [2, 2], [2, 19]]",1.0
77,"[1, 2, 2]","[[0, 1], [1, 2], [2, 2], [2, 19]]",0.75
78,"[1, 2, 2]","[[0, 1], [1, 2], [2, 2], [2, 19]]",0.5
79,"[1, 2, 2]","[[0, 1], [1, 2], [2, 2], [2, 19]]",0.25
80,"[1, 2, 3]","[[0, 1], [1, 2], [2, 3], [3, 19]]",1.0
81,"[1, 2, 3]","[[0, 1], [1, 2], [2, 3], [3, 19]]",0.75
82,"[1, 2, 3]","[[0, 1], [1, 2], [2, 3], [3, 19]]",0.5
83,"[1, 2, 3]","[[0, 1], [1, 2], [2, 3], [3, 19]]",0.25
84,"[1, 2, 4]","[[0, 1], [1, 2], [2, 4], [4, 19]]",1.0
85,"[1, 2, 4]","[[0, 1], [1, 2], [2, 4], [4, 19]]",0.75
86,"[1, 2, 4]","[[0, 1], [1, 2], [2, 4], [4, 19]]",0.5
87,"[1, 2, 4]","[[0, 1], [1, 2], [2, 4], [4, 19]]",0.25
88,"[1, 2, 5]","[[0, 1], [1, 2], [2, 5], [5, 19]]",1.0
89,"[1, 2, 5]","[[0, 1], [1, 2], [2, 5], [5, 19]]",0.75
90,"[1, 2, 5]","[[0, 1], [1, 2], [2, 5], [5, 19]]",0.5
91,"[1, 2, 5]","[[0, 1], [1, 2], [2, 5], [5, 19]]",0.25
92,"[1, 2, 6]","[[0, 1], [1, 2], [2, 6], [6, 19]]",1.0
93,"[1, 2, 6]","[[0, 1], [1, 2], [2, 6], [6, 19]]",0.75
94,"[1, 2, 6]","[[0, 1], [1, 2], [2, 6], [6, 19]]",0.5
95,"[1, 2, 6]","[[0, 1], [1, 2], [2, 6], [6, 19]]",0.25
96,"[1, 2, 7]","[[0, 1], [1, 2], [2, 7], [7, 19]]",1.0
97,"[1, 2, 7]","[[0, 1], [1, 2], [2, 7], [7, 19]]",0.75
98,"[1, 2, 7]","[[0, 1], [1, 2], [2, 7], [7, 19]]",0.5
99,"[1, 2, 7]","[[0, 1], [1, 2], [2, 7], [7, 19]]",0.25
100,"[1, 2, 8]","[[0, 1], [1, 2], [2, 8], [8, 19]]",1.0
101,"[1, 2, 8]","[[0, 1], [1, 2], [2, 8], [8, 19]]",0.75
102,"[1, 2, 8]","[[0, 1], [1, 2], [2, 8], [8, 19]]",0.5
103,"[1, 2, 8]","[[0, 1], [1, 2], [2, 8], [8, 19]]",0.25
104,"[1, 2, 9]","[[0, 1], [1, 2], [2, 9], [9, 19]]",1.0
105,"[1, 2, 9]","[[0, 1], [1, 2], [2, 9], [9, 19]]",0.75
106,"[1, 2, 9]","[[0, 1], [1, 2], [2, 9], [9, 19]]",0.5
107,"[1, 2, 9]","[[0, 1], [1, 2], [2, 9], [9, 19]]",0.25
108,"[1, 2, 10]","[[0, 1], [1, 2], [2, 10], [10, 19]]",1.0
109,"[1, 2, 10]","[[0, 1], [1, 2], [2, 10], [10, 19]]",0.75
110,"[1, 2, 10]","[[0, 1], [1, 2], [2, 10], [10, 19]]",0.5
111,"[1, 2, 10]","[[0, 1], [1, 2], [2, 10], [10, 19]]",0.25
112,"[1, 2, 11]","[[0, 1], [1, 2], [2, 11], [11, 19]]",1.0
113,"[1, 2, 11]","[[0, 1], [1, 2], [2, 11], [11, 19]]",0.75
114,"[1, 2, 11]","[[0, 1], [1, 2], [2, 11], [11, 19]]",0.5
115,"[1, 2, 11]","[[0, 1], [1, 2], [2, 11], [11, 19]]",0.25
116,"[1, 2, 12]","[[0, 1], [1, 2], [2, 12], [12, 19]]",1.0
117,"[1, 2, 12]","[[0, 1], [1, 2], [2, 12], [12, 19]]",0.75
118,"[1, 2, 12]","[[0, 1], [1, 2], [2, 12], [12, 19]]",0.5
119,"[1, 2, 12]","[[0, 1], [1, 2], [2, 12], [12, 19]]",0.25
120,"[1, 2, 13]","[[0, 1], [1, 2], [2, 13], [13, 19]]",1.0
121,"[1, 2, 13]","[[0, 1], [1, 2], [2, 13], [13, 19]]",0.75
122,"[1, 2, 13]","[[0, 1], [1, 2], [2, 13], [13, 19]]",0.5
123,"[1, 2, 13]","[[0, 1], [1, 2], [2, 13], [13, 19]]",0.25
124,"[1, 2, 14]","[[0, 1], [1, 2], [2, 14], [14, 19]]",1.0
125,"[1, 2, 14]","[[0, 1], [1, 2], [2, 14], [14, 19]]",0.75
126,"[1, 2, 14]","[[0, 1], [1, 2], [2, 14], [14, 19]]",0.5
127,"[1, 2, 14]","[[0, 1], [1, 2], [2, 14], [14, 19]]",0.25
128,"[1, 2, 15]","[[0, 1], [1, 2], [2, 15], [15, 19]]",1.0
129,"[1, 2, 15]","[[0, 1], [1, 2], [2, 15], [15, 19]]",0.75
130,"[1, 2, 15]","[[0, 1], [1, 2], [2, 15], [15, 19]]",0.5
131,"[1, 2, 15]","[[0, 1], [1, 2], [2, 15], [15, 19]]",0.25
132,"[1, 2, 16]","[[0, 1], [1, 2], [2, 16], [16, 19]]",1.0
133,"[1, 2, 16]","[[0, 1], [1, 2], [2, 16], [16, 19]]",0.75
134,"[1, 2, 16]","[[0, 1], [1, 2], [2, 16], [16, 19]]",0.5
135,"[1, 2, 16]","[[0, 1], [1, 2], [2, 16], [16, 19]]",0.25
136,"[1, 2, 17]","[[0, 1], [1, 2], [2, 17], [17, 19]]",1.0
137,"[1, 2, 17]","[[0, 1], [1, 2], [2, 17], [17, 19]]",0.75
138,"[1, 2, 17]","[[0, 1], [1, 2], [2, 17], [17, 19]]",0.5
139,"[1, 2, 17]","[[0, 1], [1, 2], [2, 17], [17, 19]]",0.25
140,"[1, 2, 18]","[[0, 1], [1, 2], [2, 18], [18, 19]]",1.0
141,"[1, 2, 18]","[[0, 1], [1, 2], [2, 18], [18, 19]]",0.75
142,"[1, 2, 18]","[[0, 1], [1, 2], [2, 18], [18, 19]]",0.5
143,"[1, 2, 18]","[[0, 1], [1, 2], [2, 18], [18, 19]]",0.25
144,"[1, 2, 19]","[[0, 1], [1, 2], [2, 19], [19, 19]]",1.0
145,"[1, 2, 19]","[[0, 1], [1, 2], [2, 19], [19, 19]]",0.75
146,"[1, 2, 19]","[[0, 1], [1, 2], [2, 19], [19, 19]]",0.5
147,"[1, 2, 19]","[[0, 1], [1, 2], [2, 19], [19, 19]]",0.25
148,"[1, 3, 3]","[[0, 1], [1, 3], [3, 3], [3, 19]]",1.0
149,"[1, 3, 3]","[[0, 1], [1, 3], [3, 3], [3, 19]]",0.75
150,"[1, 3, 3]","[[0, 1], [1, 3], [3, 3], [3, 19]]",0.5
151,"[1, 3, 3]","[[0, 1], [1, 3], [3, 3], [3, 19]]",0.25
152,"[1, 3, 4]","[[0, 1], [1, 3], [3, 4], [4, 19]]",1.0
153,"[1, 3, 4]","[[0, 1], [1, 3], [3, 4], [4, 19]]",0.75
154,"[1, 3, 4]","[[0, 1], [1, 3], [3, 4], [4, 19]]",0.5
155,"[1, 3, 4]","[[0, 1], [1, 3], [3, 4], [4, 19]]",0.25
156,"[1, 3, 5]","[[0, 1], [1, 3], [3, 5], [5, 19]]",1.0
157,"[1, 3, 5]","[[0, 1], [1, 3], [3, 5], [5, 19]]",0.75
158,"[1, 3, 5]","[[0, 1], [1, 3], [3, 5], [5, 19]]",0.5
159,"[1, 3, 5]","[[0, 1], [1, 3], [3, 5], [5, 19]]",0.25
160,"[1, 3, 6]","[[0, 1], [1, 3], [3, 6], [6, 19]]",1.0
161,"[1, 3, 6]","[[0, 1], [1, 3], [3, 6], [6, 19]]",0.75
162,"[1, 3, 6]","[[0, 1], [1, 3], [3, 6], [6, 19]]",0.5
163,"[1, 3, 6]","[[0, 1], [1, 3], [3, 6], [6, 19]]",0.25
164,"[1, 3, 7]","[[0, 1], [1, 3], [3, 7], [7, 19]]",1.0
165,"[1, 3, 7]","[[0, 1], [1, 3], [3, 7], [7, 19]]",0.75
166,"[1, 3, 7]","[[0, 1], [1, 3], [3, 7], [7, 19]]",0.5
167,"[1, 3, 7]","[[0, 1], [1, 3], [3, 7], [7, 19]]",0.25
168,"[1, 3, 8]","[[0, 1], [1, 3], [3, 8], [8, 19]]",1.0
169,"[1, 3, 8]","[[0, 1], [1, 3], [3, 8], [8, 19]]",0.75
170,"[1, 3, 8]","[[0, 1], [1, 3], [3, 8], [8, 19]]",0.5
171,"[1, 3, 8]","[[0, 1], [1, 3], [3, 8], [8, 19]]",0.25
172,"[1, 3, 9]","[[0, 1], [1, 3], [3, 9], [9, 19]]",1.0
173,"[1, 3, 9]","[[0, 1], [1, 3], [3, 9], [9, 19]]",0.75
174,"[1, 3, 9]","[[0, 1], [1, 3], [3, 9], [9, 19]]",0.5
175,"[1, 3, 9]","[[0, 1], [1, 3], [3, 9], [9, 19]]",0.25
176,"[1, 3, 10]","[[0, 1], [1, 3], [3, 10], [10, 19]]",1.0
177,"[1, 3, 10]","[[0, 1], [1, 3], [3, 10], [10, 19]]",0.75
178,"[1, 3, 10]","[[0, 1], [1, 3], [3, 10], [10, 19]]",0.5
179,"[1, 3, 10]","[[0, 1], [1, 3], [3, 10], [10, 19]]",0.25
180,"[1, 3, 11]","[[0, 1], [1, 3], [3, 11], [11, 19]]",1.0
181,"[1, 3, 11]","[[0, 1], [1, 3], [3, 11], [11, 19]]",0.75
182,"[1, 3, 11]","[[0, 1], [1, 3], [3, 11], [11, 19]]",0.5
183,"[1, 3, 11]","[[0, 1], [1, 3], [3, 11], [11, 19]]",0.25
184,"[1, 3, 12]","[[0, 1], [1, 3], [3, 12], [12, 19]]",1.0
185,"[1, 3, 12]","[[0, 1], [1, 3], [3, 12], [12, 19]]",0.75
186,"[1, 3, 12]","[[0, 1], [1, 3], [3, 12], [12, 19]]",0.5
187,"[1, 3, 12]","[[0, 1], [1, 3], [3, 12], [12, 19]]",0.25
188,"[1, 3, 13]","[[0, 1], [1, 3], [3, 13], [13, 19]]",1.0
189,"[1, 3, 13]","[[0, 1], [1, 3], [3, 13], [13, 19]]",0.75
190,"[1, 3, 13]","[[0, 1], [1, 3], [3, 13], [13, 19]]",0.5
191,"[1, 3, 13]","[[0, 1], [1, 3], [3, 13], [13, 19]]",0.25
192,"[1, 3, 14]","[[0, 1], [1, 3], [3, 14], [14, 19]]",1.0
193,"[1, 3, 14]","[[0, 1], [1, 3], [3, 14], [14, 19]]",0.75
194,"[1, 3, 14]","[[0, 1], [1, 3], [3, 14], [14, 19]]",0.5
195,"[1, 3, 14]","[[0, 1], [1, 3], [3, 14], [14, 19]]",0.25
196,"[1, 3, 15]","[[0, 1], [1, 3], [3, 15], [15, 19]]",1.0
197,"[1, 3, 15]","[[0, 1], [1, 3], [3, 15], [15, 19]]",0.75
198,"[1, 3, 15]","[[0, 1], [1, 3], [3, 15], [15, 19]]",0.5
199,"[1, 3, 15]","[[0, 1], [1, 3], [3, 15], [15, 19]]",0.25
200,"[1, 3, 16]","[[0, 1], [1, 3], [3, 16], [16, 19]]",1.0
201,"[1, 3, 16]","[[0, 1], [1, 3], [3, 16], [16, 19]]",0.75
202,"[1, 3, 16]","[[0, 1], [1, 3], [3, 16], [16, 19]]",0.5
203,"[1, 3, 16]","[[0, 1], [1, 3], [3, 16], [16, 19]]",0.25
204,"[1, 3, 17]","[[0, 1], [1, 3], [3, 17], [17, 19]]",1.0
205,"[1, 3, 17]","[[0, 1], [1, 3], [3, 17], [17, 19]]",0.75
206,"[1, 3, 17]","[[0, 1], [1, 3], [3, 17], [17, 19]]",0.5
207,"[1, 3, 17]","[[0, 1], [1, 3], [3, 17], [17, 19]]",0.25
208,"[1, 3, 18]","[[0, 1], [1, 3], [3, 18], [18, 19]]",1.0
209,"[1, 3, 18]","[[0, 1], [1, 3], [3, 18], [18, 19]]",0.75
210,"[1, 3, 18]","[[0, 1], [1, 3], [3, 18], [18, 19]]",0.5
211,"[1, 3, 18]","[[0, 1], [1, 3], [3, 18], [18, 19]]",0.25
212,"[1, 3, 19]","[[0, 1], [1, 3], [3, 19], [19, 19]]",1.0
213,"[1, 3, 19]","[[0, 1], [1, 3], [3, 19], [19, 19]]",0.75
214,"[1, 3, 19]","[[0, 1], [1, 3], [3, 19], [19, 19]]",0.5
215,"[1, 3, 19]","[[0, 1], [1, 3], [3, 19], [19, 19]]",0.25
216,"[1, 4, 4]","[[0, 1], [1, 4], [4, 4], [4, 19]]",1.0
217,"[1, 4, 4]","[[0, 1], [1, 4], [4, 4], [4, 19]]",0.75
218,"[1, 4, 4]","[[0, 1], [1, 4], [4, 4], [4, 19]]",0.5
219,"[1, 4, 4]","[[0, 1], [1, 4], [4, 4], [4, 19]]",0.25
220,"[1, 4, 5]","[[0, 1], [1, 4], [4, 5], [5, 19]]",1.0
221,"[1, 4, 5]","[[0, 1], [1, 4], [4, 5], [5, 19]]",0.75
222,"[1, 4, 5]","[[0, 1], [1, 4], [4, 5], [5, 19]]",0.5
223,"[1, 4, 5]","[[0, 1], [1, 4], [4, 5], [5, 19]]",0.25
224,"[1, 4, 6]","[[0, 1], [1, 4], [4, 6], [6, 19]]",1.0
225,"[1, 4, 6]","[[0, 1], [1, 4], [4, 6], [6, 19]]",0.75
226,"[1, 4, 6]","[[0, 1], [1, 4], [4, 6], [6, 19]]",0.5
227,"[1, 4, 6]","[[0, 1], [1, 4], [4, 6], [6, 19]]",0.25
228,"[1, 4, 7]","[[0, 1], [1, 4], [4, 7], [7, 19]]",1.0
229,"[1, 4, 7]","[[0, 1], [1, 4], [4, 7], [7, 19]]",0.75
230,"[1, 4, 7]","[[0, 1], [1, 4], [4, 7], [7, 19]]",0.5
231,"[1, 4, 7]","[[0, 1], [1, 4], [4, 7], [7, 19]]",0.25
232,"[1, 4, 8]","[[0, 1], [1, 4], [4, 8], [8, 19]]",1.0
233,"[1, 4, 8]","[[0, 1], [1, 4], [4, 8], [8, 19]]",0.75
234,"[1, 4, 8]","[[0, 1], [1, 4], [4, 8], [8, 19]]",0.5
235,"[1, 4, 8]","[[0, 1], [1, 4], [4, 8], [8, 19]]",0.25
236,"[1, 4, 9]","[[0, 1], [1, 4], [4, 9], [9, 19]]",1.0
237,"[1, 4, 9]","[[0, 1], [1, 4], [4, 9], [9, 19]]",0.75
238,"[1, 4, 9]","[[0, 1], [1, 4], [4, 9], [9, 19]]",0.5
239,"[1, 4, 9]","[[0, 1], [1, 4], [4, 9], [9, 19]]",0.25
240,"[1, 4, 10]","[[0, 1], [1, 4], [4, 10], [10, 19]]",1.0
241,"[1, 4, 10]","[[0, 1], [1, 4], [4, 10], [10, 19]]",0.75
242,"[1, 4, 10]","[[0, 1], [1, 4], [4, 10], [10, 19]]",0.5
243,"[1, 4, 10]","[[0, 1], [1, 4], [4, 10], [10, 19]]",0.25
244,"[1, 4, 11]","[[0, 1], [1, 4], [4, 11], [11, 19]]",1.0
245,"[1, 4, 11]","[[0, 1], [1, 4], [4, 11], [11, 19]]",0.75
246,"[1, 4, 11]","[[0, 1], [1, 4], [4, 11], [11, 19]]",0.5
247,"[1, 4, 11]","[[0, 1], [1, 4], [4, 11], [11, 19]]",0.25
248,"[1, 4, 12]","[[0, 1], [1, 4], [4, 12], [12, 19]]",1.0
249,"[1, 4, 12]","[[0, 1], [1, 4], [4, 12], [12, 19]]",0.75
250,"[1, 4, 12]","[[0, 1], [1, 4], [4, 12], [12, 19]]",0.5
251,"[1, 4, 12]","[[0, 1], [1, 4], [4, 12], [12, 19]]",0.25
252,"[1, 4, 13]","[[0, 1], [1, 4], [4, 13], [13, 19]]",1.0
253,"[1, 4, 13]","[[0, 1], [1, 4], [4, 13], [13, 19]]",0.75
254,"[1, 4, 13]","[[0, 1], [1, 4], [4, 13], [13, 19]]",0.5
255,"[1, 4, 13]","[[0, 1], [1, 4], [4, 13], [13, 19]]",0.25
256,"[1, 4, 14]","[[0, 1], [1, 4], [4, 14], [14, 19]]",1.0
257,"[1, 4, 14]","[[0, 1], [1, 4], [4, 14], [14, 19]]",0.75
258,"[1, 4, 14]","[[0, 1], [1, 4], [4, 14], [14, 19]]",0.5
259,"[1, 4, 14]","[[0, 1], [1, 4], [4, 14], [14, 19]]",0.25
260,"[1, 4, 15]","[[0, 1], [1, 4], [4, 15], [15, 19]]",1.0
261,"[1, 4, 15]","[[0, 1], [1, 4], [4, 15], [15, 19]]",0.75
262,"[1, 4, 15]","[[0, 1], [1, 4], [4, 15], [15, 19]]",0.5
263,"[1, 4, 15]","[[0, 1], [1, 4], [4, 15], [15, 19]]",0.25
264,"[1, 4, 16]","[[0, 1], [1, 4], [4, 16], [16, 19]]",1.0
265,"[1, 4, 16]","[[0, 1], [1, 4], [4, 16], [16, 19]]",0.75
266,"[1, 4, 16]","[[0, 1], [1, 4], [4, 16], [16, 19]]",0.5
267,"[1, 4, 16]","[[0, 1], [1, 4], [4, 16], [16, 19]]",0.25
268,"[1, 4, 17]","[[0, 1], [1, 4], [4, 17], [17, 19]]",1.0
269,"[1, 4, 17]","[[0, 1], [1, 4], [4, 17], [17, 19]]",0.75
270,"[1, 4, 17]","[[0, 1], [1, 4], [4, 17], [17, 19]]",0.5
271,"[1, 4, 17]","[[0, 1], [1, 4], [4, 17], [17, 19]]",0.25
272,"[1, 4, 18]","[[0, 1], [1, 4], [4, 18], [18, 19]]",1.0
273,"[1, 4, 18]","[[0, 1], [1, 4], [4, 18], [18, 19]]",0.75
274,"[1, 4, 18]","[[0, 1], [1, 4], [4, 18], [18, 19]]",0.5
275,"[1, 4, 18]","[[0, 1], [1, 4], [4, 18], [18, 19]]",0.25
276,"[1, 4, 19]","[[0, 1], [1, 4], [4, 19], [19, 19]]",1.0
277,"[1, 4, 19]","[[0, 1], [1, 4], [4, 19], [19, 19]]",0.75
278,"[1, 4, 19]","[[0, 1], [1, 4], [4, 19], [19, 19]]",0.5
279,"[1, 4, 19]","[[0, 1], [1, 4], [4, 19], [19, 19]]",0.25
280,"[1, 5, 5]","[[0, 1], [1, 5], [5, 5], [5, 19]]",1.0
281,"[1, 5, 5]","[[0, 1], [1, 5], [5, 5], [5, 19]]",0.75
282,"[1, 5, 5]","[[0, 1], [1, 5], [5, 5], [5, 19]]",0.5
283,"[1, 5, 5]","[[0, 1], [1, 5], [5, 5], [5, 19]]",0.25
284,"[1, 5, 6]","[[0, 1], [1, 5], [5, 6], [6, 19]]",1.0
285,"[1, 5, 6]","[[0, 1], [1, 5], [5, 6], [6, 19]]",0.75
286,"[1, 5, 6]","[[0, 1], [1, 5], [5, 6], [6, 19]]",0.5
287,"[1, 5, 6]","[[0, 1], [1, 5], [5, 6], [6, 19]]",0.25
288,"[1, 5, 7]","[[0, 1], [1, 5], [5, 7], [7, 19]]",1.0
289,"[1, 5, 7]","[[0, 1], [1, 5], [5, 7], [7, 19]]",0.75
290,"[1, 5, 7]","[[0, 1], [1, 5], [5, 7], [7, 19]]",0.5
291,"[1, 5, 7]","[[0, 1], [1, 5], [5, 7], [7, 19]]",0.25
292,"[1, 5, 8]","[[0, 1], [1, 5], [5, 8], [8, 19]]",1.0
293,"[1, 5, 8]","[[0, 1], [1, 5], [5, 8], [8, 19]]",0.75
294,"[1, 5, 8]","[[0, 1], [1, 5], [5, 8], [8, 19]]",0.5
295,"[1, 5, 8]","[[0, 1], [1, 5], [5, 8], [8, 19]]",0.25
296,"[1, 5, 9]","[[0, 1], [1, 5], [5, 9], [9, 19]]",1.0
297,"[1, 5, 9]","[[0, 1], [1, 5], [5, 9], [9, 19]]",0.75
298,"[1, 5, 9]","[[0, 1], [1, 5], [5, 9], [9, 19]]",0.5
299,"[1, 5, 9]","[[0, 1], [1, 5], [5, 9], [9, 19]]",0.25
300,"[1, 5, 10]","[[0, 1], [1, 5], [5, 10], [10, 19]]",1.0
301,"[1, 5, 10]","[[0, 1], [1, 5], [5, 10], [10, 19]]",0.75
302,"[1, 5, 10]","[[0, 1], [1, 5], [5, 10], [10, 19]]",0.5
303,"[1, 5, 10]","[[0, 1], [1, 5], [5, 10], [10, 19]]",0.25
304,"[1, 5, 11]","[[0, 1], [1, 5], [5, 11], [11, 19]]",1.0
305,"[1, 5, 11]","[[0, 1], [1, 5], [5, 11], [11, 19]]",0.75
306,"[1, 5, 11]","[[0, 1], [1, 5], [5, 11], [11, 19]]",0.5
307,"[1, 5, 11]","[[0, 1], [1, 5], [5, 11], [11, 19]]",0.25
308,"[1, 5, 12]","[[0, 1], [1, 5], [5, 12], [12, 19]]",1.0
309,"[1, 5, 12]","[[0, 1], [1, 5], [5, 12], [12, 19]]",0.75
310,"[1, 5, 12]","[[0, 1], [1, 5], [5, 12], [12, 19]]",0.5
311,"[1, 5, 12]","[[0, 1], [1, 5], [5, 12], [12, 19]]",0.25
312,"[1, 5, 13]","[[0, 1], [1, 5], [5, 13], [13, 19]]",1.0
313,"[1, 5, 13]","[[0, 1], [1, 5], [5, 13], [13, 19]]",0.75
314,"[1, 5, 13]","[[0, 1], [1, 5], [5, 13], [13, 19]]",0.5
315,"[1, 5, 13]","[[0, 1], [1, 5], [5, 13], [13, 19]]",0.25
316,"[1, 5, 14]","[[0, 1], [1, 5], [5, 14], [14, 19]]",1.0
317,"[1, 5, 14]","[[0, 1], [1, 5], [5, 14], [14, 19]]",0.75
318,"[1, 5, 14]","[[0, 1], [1, 5], [5, 14], [14, 19]]",0.5
319,"[1, 5, 14]","[[0, 1], [1, 5], [5, 14], [14, 19]]",0.25
320,"[1, 5, 15]","[[0, 1], [1, 5], [5, 15], [15, 19]]",1.0
321,"[1, 5, 15]","[[0, 1], [1, 5], [5, 15], [15, 19]]",0.75
322,"[1, 5, 15]","[[0, 1], [1, 5], [5, 15], [15, 19]]",0.5
323,"[1, 5, 15]","[[0, 1], [1, 5], [5, 15], [15, 19]]",0.25
324,"[1, 5, 16]","[[0, 1], [1, 5], [5, 16], [16, 19]]",1.0
325,"[1, 5, 16]","[[0, 1], [1, 5], [5, 16], [16, 19]]",0.75
326,"[1, 5, 16]","[[0, 1], [1, 5], [5, 16], [16, 19]]",0.5
327,"[1, 5, 16]","[[0, 1], [1, 5], [5, 16], [16, 19]]",0.25
328,"[1, 5, 17]","[[0, 1], [1, 5], [5, 17], [17, 19]]",1.0
329,"[1, 5, 17]","[[0, 1], [1, 5], [5, 17], [17, 19]]",0.75
330,"[1, 5, 17]","[[0, 1], [1, 5], [5, 17], [17, 19]]",0.5
331,"[1, 5, 17]","[[0, 1], [1, 5], [5, 17], [17, 19]]",0.25
332,"[1, 5, 18]","[[0, 1], [1, 5], [5, 18], [18, 19]]",1.0
333,"[1, 5, 18]","[[0, 1], [1, 5], [5, 18], [18, 19]]",0.75
334,"[1, 5, 18]","[[0, 1], [1, 5], [5, 18], [18, 19]]",0.5
335,"[1, 5, 18]","[[0, 1], [1, 5], [5, 18], [18, 19]]",0.25
336,"[1, 5, 19]","[[0, 1], [1, 5], [5, 19], [19, 19]]",1.0
337,"[1, 5, 19]","[[0, 1], [1, 5], [5, 19], [19, 19]]",0.75
338,"[1, 5, 19]","[[0, 1], [1, 5], [5, 19], [19, 19]]",0.5
339,"[1, 5, 19]","[[0, 1], [1, 5], [5, 19], [19, 19]]",0.25
340,"[1, 6, 6]","[[0, 1], [1, 6], [6, 6], [6, 19]]",1.0
341,"[1, 6, 6]","[[0, 1], [1, 6], [6, 6], [6, 19]]",0.75
342,"[1, 6, 6]","[[0, 1], [1, 6], [6, 6], [6, 19]]",0.5
343,"[1, 6, 6]","[[0, 1], [1, 6], [6, 6], [6, 19]]",0.25
344,"[1, 6, 7]","[[0, 1], [1, 6], [6, 7], [7, 19]]",1.0
345,"[1, 6, 7]","[[0, 1], [1, 6], [6, 7], [7, 19]]",0.75
346,"[1, 6, 7]","[[0, 1], [1, 6], [6, 7], [7, 19]]",0.5
347,"[1, 6, 7]","[[0, 1], [1, 6], [6, 7], [7, 19]]",0.25
348,"[1, 6, 8]","[[0, 1], [1, 6], [6, 8], [8, 19]]",1.0
349,"[1, 6, 8]","[[0, 1], [1, 6], [6, 8], [8, 19]]",0.75
350,"[1, 6, 8]","[[0, 1], [1, 6], [6, 8], [8, 19]]",0.5
351,"[1, 6, 8]","[[0, 1], [1, 6], [6, 8], [8, 19]]",0.25
352,"[1, 6, 9]","[[0, 1], [1, 6], [6, 9], [9, 19]]",1.0
353,"[1, 6, 9]","[[0, 1], [1, 6], [6, 9], [9, 19]]",0.75
354,"[1, 6, 9]","[[0, 1], [1, 6], [6, 9], [9, 19]]",0.5
355,"[1, 6, 9]","[[0, 1], [1, 6], [6, 9], [9, 19]]",0.25
356,"[1, 6, 10]","[[0, 1], [1, 6], [6, 10], [10, 19]]",1.0
357,"[1, 6, 10]","[[0, 1], [1, 6], [6, 10], [10, 19]]",0.75
358,"[1, 6, 10]","[[0, 1], [1, 6], [6, 10], [10, 19]]",0.5
359,"[1, 6, 10]","[[0, 1], [1, 6], [6, 10], [10, 19]]",0.25
360,"[1, 6, 11]","[[0, 1], [1, 6], [6, 11], [11, 19]]",1.0
361,"[1, 6, 11]","[[0, 1], [1, 6], [6, 11], [11, 19]]",0.75
362,"[1, 6, 11]","[[0, 1], [1, 6], [6, 11], [11, 19]]",0.5
363,"[1, 6, 11]","[[0, 1], [1, 6], [6, 11], [11, 19]]",0.25
364,"[1, 6, 12]","[[0, 1], [1, 6], [6, 12], [12, 19]]",1.0
365,"[1, 6, 12]","[[0, 1], [1, 6], [6, 12], [12, 19]]",0.75
366,"[1, 6, 12]","[[0, 1], [1, 6], [6, 12], [12, 19]]",0.5
367,"[1, 6, 12]","[[0, 1], [1, 6], [6, 12], [12, 19]]",0.25
368,"[1, 6, 13]","[[0, 1], [1, 6], [6, 13], [13, 19]]",1.0
369,"[1, 6, 13]","[[0, 1], [1, 6], [6, 13], [13, 19]]",0.75
370,"[1, 6, 13]","[[0, 1], [1, 6], [6, 13], [13, 19]]",0.5
371,"[1, 6, 13]","[[0, 1], [1, 6], [6, 13], [13, 19]]",0.25
372,"[1, 6, 14]","[[0, 1], [1, 6], [6, 14], [14, 19]]",1.0
373,"[1, 6, 14]","[[0, 1], [1, 6], [6, 14], [14, 19]]",0.75
374,"[1, 6, 14]","[[0, 1], [1, 6], [6, 14], [14, 19]]",0.5
375,"[1, 6, 14]","[[0, 1], [1, 6], [6, 14], [14, 19]]",0.25
376,"[1, 6, 15]","[[0, 1], [1, 6], [6, 15], [15, 19]]",1.0
377,"[1, 6, 15]","[[0, 1], [1, 6], [6, 15], [15, 19]]",0.75
378,"[1, 6, 15]","[[0, 1], [1, 6], [6, 15], [15, 19]]",0.5
379,"[1, 6, 15]","[[0, 1], [1, 6], [6, 15], [15, 19]]",0.25
380,"[1, 6, 16]","[[0, 1], [1, 6], [6, 16], [16, 19]]",1.0
381,"[1, 6, 16]","[[0, 1], [1, 6], [6, 16], [16, 19]]",0.75
382,"[1, 6, 16]","[[0, 1], [1, 6], [6, 16], [16, 19]]",0.5
383,"[1, 6, 16]","[[0, 1], [1, 6], [6, 16], [16, 19]]",0.25
384,"[1, 6, 17]","[[0, 1], [1, 6], [6, 17], [17, 19]]",1.0
385,"[1, 6, 17]","[[0, 1], [1, 6], [6, 17], [17, 19]]",0.75
386,"[1, 6, 17]","[[0, 1], [1, 6], [6, 17], [17, 19]]",0.5
387,"[1, 6, 17]","[[0, 1], [1, 6], [6, 17], [17, 19]]",0.25
388,"[1, 6, 18]","[[0, 1], [1, 6], [6, 18], [18, 19]]",1.0
389,"[1, 6, 18]","[[0, 1], [1, 6], [6, 18], [18, 19]]",0.75
390,"[1, 6, 18]","[[0, 1], [1, 6], [6, 18], [18, 19]]",0.5
391,"[1, 6, 18]","[[0, 1], [1, 6], [6, 18], [18, 19]]",0.25
392,"[1, 6, 19]","[[0, 1], [1, 6], [6, 19], [19, 19]]",1.0
393,"[1, 6, 19]","[[0, 1], [1, 6], [6, 19], [19, 19]]",0.75
394,"[1, 6, 19]","[[0, 1], [1, 6], [6, 19], [19, 19]]",0.5
395,"[1, 6, 19]","[[0, 1], [1, 6], [6, 19], [19, 19]]",0.25
396,"[1, 7, 7]","[[0, 1], [1, 7], [7, 7], [7, 19]]",1.0
397,"[1, 7, 7]","[[0, 1], [1, 7], [7, 7], [7, 19]]",0.75
398,"[1, 7, 7]","[[0, 1], [1, 7], [7, 7], [7, 19]]",0.5
399,"[1, 7, 7]","[[0, 1], [1, 7], [7, 7], [7, 19]]",0.25
400,"[1, 7, 8]","[[0, 1], [1, 7], [7, 8], [8, 19]]",1.0
401,"[1, 7, 8]","[[0, 1], [1, 7], [7, 8], [8, 19]]",0.75
402,"[1, 7, 8]","[[0, 1], [1, 7], [7, 8], [8, 19]]",0.5
403,"[1, 7, 8]","[[0, 1], [1, 7], [7, 8], [8, 19]]",0.25
404,"[1, 7, 9]","[[0, 1], [1, 7], [7, 9], [9, 19]]",1.0
405,"[1, 7, 9]","[[0, 1], [1, 7], [7, 9], [9, 19]]",0.75
406,"[1, 7, 9]","[[0, 1], [1, 7], [7, 9], [9, 19]]",0.5
407,"[1, 7, 9]","[[0, 1], [1, 7], [7, 9], [9, 19]]",0.25
408,"[1, 7, 10]","[[0, 1], [1, 7], [7, 10], [10, 19]]",1.0
409,"[1, 7, 10]","[[0, 1], [1, 7], [7, 10], [10, 19]]",0.75
410,"[1, 7, 10]","[[0, 1], [1, 7], [7, 10], [10, 19]]",0.5
411,"[1, 7, 10]","[[0, 1], [1, 7], [7, 10], [10, 19]]",0.25
412,"[1, 7, 11]","[[0, 1], [1, 7], [7, 11], [11, 19]]",1.0
413,"[1, 7, 11]","[[0, 1], [1, 7], [7, 11], [11, 19]]",0.75
414,"[1, 7, 11]","[[0, 1], [1, 7], [7, 11], [11, 19]]",0.5
415,"[1, 7, 11]","[[0, 1], [1, 7], [7, 11], [11, 19]]",0.25
416,"[1, 7, 12]","[[0, 1], [1, 7], [7, 12], [12, 19]]",1.0
417,"[1, 7, 12]","[[0, 1], [1, 7], [7, 12], [12, 19]]",0.75
418,"[1, 7, 12]","[[0, 1], [1, 7], [7, 12], [12, 19]]",0.5
419,"[1, 7, 12]","[[0, 1], [1, 7], [7, 12], [12, 19]]",0.25
420,"[1, 7, 13]","[[0, 1], [1, 7], [7, 13], [13, 19]]",1.0
421,"[1, 7, 13]","[[0, 1], [1, 7], [7, 13], [13, 19]]",0.75
422,"[1, 7, 13]","[[0, 1], [1, 7], [7, 13], [13, 19]]",0.5
423,"[1, 7, 13]","[[0, 1], [1, 7], [7, 13], [13, 19]]",0.25
424,"[1, 7, 14]","[[0, 1], [1, 7], [7, 14], [14, 19]]",1.0
425,"[1, 7, 14]","[[0, 1], [1, 7], [7, 14], [14, 19]]",0.75
426,"[1, 7, 14]","[[0, 1], [1, 7], [7, 14], [14, 19]]",0.5
427,"[1, 7, 14]","[[0, 1], [1, 7], [7, 14], [14, 19]]",0.25
428,"[1, 7, 15]","[[0, 1], [1, 7], [7, 15], [15, 19]]",1.0
429,"[1, 7, 15]","[[0, 1], [1, 7], [7, 15], [15, 19]]",0.75
430,"[1, 7, 15]","[[0, 1], [1, 7], [7, 15], [15, 19]]",0.5
431,"[1, 7, 15]","[[0, 1], [1, 7], [7, 15], [15, 19]]",0.25
432,"[1, 7, 16]","[[0, 1], [1, 7], [7, 16], [16, 19]]",1.0
433,"[1, 7, 16]","[[0, 1], [1, 7], [7, 16], [16, 19]]",0.75
434,"[1, 7, 16]","[[0, 1], [1, 7], [7, 16], [16, 19]]",0.5
435,"[1, 7, 16]","[[0, 1], [1, 7], [7, 16], [16, 19]]",0.25
436,"[1, 7, 17]","[[0, 1], [1, 7], [7, 17], [17, 19]]",1.0
437,"[1, 7, 17]","[[0, 1], [1, 7], [7, 17], [17, 19]]",0.75
438,"[1, 7, 17]","[[0, 1], [1, 7], [7, 17], [17, 19]]",0.5
439,"[1, 7, 17]","[[0, 1], [1, 7], [7, 17], [17, 19]]",0.25
440,"[1, 7, 18]","[[0, 1], [1, 7], [7, 18], [18, 19]]",1.0
441,"[1, 7, 18]","[[0, 1], [1, 7], [7, 18], [18, 19]]",0.75
442,"[1, 7, 18]","[[0, 1], [1, 7], [7, 18], [18, 19]]",0.5
443,"[1, 7, 18]","[[0, 1], [1, 7], [7, 18], [18, 19]]",0.25
444,"[1, 7, 19]","[[0, 1], [1, 7], [7, 19], [19, 19]]",1.0
445,"[1, 7, 19]","[[0, 1], [1, 7], [7, 19], [19, 19]]",0.75
446,"[1, 7, 19]","[[0, 1], [1, 7], [7, 19], [19, 19]]",0.5
447,"[1, 7, 19]","[[0, 1], [1, 7], [7, 19], [19, 19]]",0.25
448,"[1, 8, 8]","[[0, 1], [1, 8], [8, 8], [8, 19]]",1.0
449,"[1, 8, 8]","[[0, 1], [1, 8], [8, 8], [8, 19]]",0.75
450,"[1, 8, 8]","[[0, 1], [1, 8], [8, 8], [8, 19]]",0.5
451,"[1, 8, 8]","[[0, 1], [1, 8], [8, 8], [8, 19]]",0.25
452,"[1, 8, 9]","[[0, 1], [1, 8], [8, 9], [9, 19]]",1.0
453,"[1, 8, 9]","[[0, 1], [1, 8], [8, 9], [9, 19]]",0.75
454,"[1, 8, 9]","[[0, 1], [1, 8], [8, 9], [9, 19]]",0.5
455,"[1, 8, 9]","[[0, 1], [1, 8], [8, 9], [9, 19]]",0.25
456,"[1, 8, 10]","[[0, 1], [1, 8], [8, 10], [10, 19]]",1.0
457,"[1, 8, 10]","[[0, 1], [1, 8], [8, 10], [10, 19]]",0.75
458,"[1, 8, 10]","[[0, 1], [1, 8], [8, 10], [10, 19]]",0.5
459,"[1, 8, 10]","[[0, 1], [1, 8], [8, 10], [10, 19]]",0.25
460,"[1, 8, 11]","[[0, 1], [1, 8], [8, 11], [11, 19]]",1.0
461,"[1, 8, 11]","[[0, 1], [1, 8], [8, 11], [11, 19]]",0.75
462,"[1, 8, 11]","[[0, 1], [1, 8], [8, 11], [11, 19]]",0.5
463,"[1, 8, 11]","[[0, 1], [1, 8], [8, 11], [11, 19]]",0.25
464,"[1, 8, 12]","[[0, 1], [1, 8], [8, 12], [12, 19]]",1.0
465,"[1, 8, 12]","[[0, 1], [1, 8], [8, 12], [12, 19]]",0.75
466,"[1, 8, 12]","[[0, 1], [1, 8], [8, 12], [12, 19]]",0.5
467,"[1, 8, 12]","[[0, 1], [1, 8], [8, 12], [12, 19]]",0.25
468,"[1, 8, 13]","[[0, 1], [1, 8], [8, 13], [13, 19]]",1.0
469,"[1, 8, 13]","[[0, 1], [1, 8], [8, 13], [13, 19]]",0.75
470,"[1, 8, 13]","[[0, 1], [1, 8], [8, 13], [13, 19]]",0.5
471,"[1, 8, 13]","[[0, 1], [1, 8], [8, 13], [13, 19]]",0.25
472,"[1, 8, 14]","[[0, 1], [1, 8], [8, 14], [14, 19]]",1.0
473,"[1, 8, 14]","[[0, 1], [1, 8], [8, 14], [14, 19]]",0.75
474,"[1, 8, 14]","[[0, 1], [1, 8], [8, 14], [14, 19]]",0.5
475,"[1, 8, 14]","[[0, 1], [1, 8], [8, 14], [14, 19]]",0.25
476,"[1, 8, 15]","[[0, 1], [1, 8], [8, 15], [15, 19]]",1.0
477,"[1, 8, 15]","[[0, 1], [1, 8], [8, 15], [15, 19]]",0.75
478,"[1, 8, 15]","[[0, 1], [1, 8], [8, 15], [15, 19]]",0.5
479,"[1, 8, 15]","[[0, 1], [1, 8], [8, 15], [15, 19]]",0.25
480,"[1, 8, 16]","[[0, 1], [1, 8], [8, 16], [16, 19]]",1.0
481,"[1, 8, 16]","[[0, 1], [1, 8], [8, 16], [16, 19]]",0.75
482,"[1, 8, 16]","[[0, 1], [1, 8], [8, 16], [16, 19]]",0.5
483,"[1, 8, 16]","[[0, 1], [1, 8], [8, 16], [16, 19]]",0.25
484,"[1, 8, 17]","[[0, 1], [1, 8], [8, 17], [17, 19]]",1.0
485,"[1, 8, 17]","[[0, 1], [1, 8], [8, 17], [17, 19]]",0.75
486,"[1, 8, 17]","[[0, 1], [1, 8], [8, 17], [17, 19]]",0.5
487,"[1, 8, 17]","[[0, 1], [1, 8], [8, 17], [17, 19]]",0.25
488,"[1, 8, 18]","[[0, 1], [1, 8], [8, 18], [18, 19]]",1.0
489,"[1, 8, 18]","[[0, 1], [1, 8], [8, 18], [18, 19]]",0.75
490,"[1, 8, 18]","[[0, 1], [1, 8], [8, 18], [18, 19]]",0.5
491,"[1, 8, 18]","[[0, 1], [1, 8], [8, 18], [18, 19]]",0.25
492,"[1, 8, 19]","[[0, 1], [1, 8], [8, 19], [19, 19]]",1.0
493,"[1, 8, 19]","[[0, 1], [1, 8], [8, 19], [19, 19]]",0.75
494,"[1, 8, 19]","[[0, 1], [1, 8], [8, 19], [19, 19]]",0.5
495,"[1, 8, 19]","[[0, 1], [1, 8], [8, 19], [19, 19]]",0.25
496,"[1, 9, 9]","[[0, 1], [1, 9], [9, 9], [9, 19]]",1.0
497,"[1, 9, 9]","[[0, 1], [1, 9], [9, 9], [9, 19]]",0.75
498,"[1, 9, 9]","[[0, 1], [1, 9], [9, 9], [9, 19]]",0.5
499,"[1, 9, 9]","[[0, 1], [1, 9], [9, 9], [9, 19]]",0.25
500,"[1, 9, 10]","[[0, 1], [1, 9], [9, 10], [10, 19]]",1.0
501,"[1, 9, 10]","[[0, 1], [1, 9], [9, 10], [10, 19]]",0.75
502,"[1, 9, 10]","[[0, 1], [1, 9], [9, 10], [10, 19]]",0.5
503,"[1, 9, 10]","[[0, 1], [1, 9], [9, 10], [10, 19]]",0.25
504,"[1, 9, 11]","[[0, 1], [1, 9], [9, 11], [11, 19]]",1.0
505,"[1, 9, 11]","[[0, 1], [1, 9], [9, 11], [11, 19]]",0.75
506,"[1, 9, 11]","[[0, 1], [1, 9], [9, 11], [11, 19]]",0.5
507,"[1, 9, 11]","[[0, 1], [1, 9], [9, 11], [11, 19]]",0.25
508,"[1, 9, 12]","[[0, 1], [1, 9], [9, 12], [12, 19]]",1.0
509,"[1, 9, 12]","[[0, 1], [1, 9], [9, 12], [12, 19]]",0.75
510,"[1, 9, 12]","[[0, 1], [1, 9], [9, 12], [12, 19]]",0.5
511,"[1, 9, 12]","[[0, 1], [1, 9], [9, 12], [12, 19]]",0.25
512,"[1, 9, 13]","[[0, 1], [1, 9], [9, 13], [13, 19]]",1.0
513,"[1, 9, 13]","[[0, 1], [1, 9], [9, 13], [13, 19]]",0.75
514,"[1, 9, 13]","[[0, 1], [1, 9], [9, 13], [13, 19]]",0.5
515,"[1, 9, 13]","[[0, 1], [1, 9], [9, 13], [13, 19]]",0.25
516,"[1, 9, 14]","[[0, 1], [1, 9], [9, 14], [14, 19]]",1.0
517,"[1, 9, 14]","[[0, 1], [1, 9], [9, 14], [14, 19]]",0.75
518,"[1, 9, 14]","[[0, 1], [1, 9], [9, 14], [14, 19]]",0.5
519,"[1, 9, 14]","[[0, 1], [1, 9], [9, 14], [14, 19]]",0.25
520,"[1, 9, 15]","[[0, 1], [1, 9], [9, 15], [15, 19]]",1.0
521,"[1, 9, 15]","[[0, 1], [1, 9], [9, 15], [15, 19]]",0.75
522,"[1, 9, 15]","[[0, 1], [1, 9], [9, 15], [15, 19]]",0.5
523,"[1, 9, 15]","[[0, 1], [1, 9], [9, 15], [15, 19]]",0.25
524,"[1, 9, 16]","[[0, 1], [1, 9], [9, 16], [16, 19]]",1.0
525,"[1, 9, 16]","[[0, 1], [1, 9], [9, 16], [16, 19]]",0.75
526,"[1, 9, 16]","[[0, 1], [1, 9], [9, 16], [16, 19]]",0.5
527,"[1, 9, 16]","[[0, 1], [1, 9], [9, 16], [16, 19]]",0.25
528,"[1, 9, 17]","[[0, 1], [1, 9], [9, 17], [17, 19]]",1.0
529,"[1, 9, 17]","[[0, 1], [1, 9], [9, 17], [17, 19]]",0.75
530,"[1, 9, 17]","[[0, 1], [1, 9], [9, 17], [17, 19]]",0.5
531,"[1, 9, 17]","[[0, 1], [1, 9], [9, 17], [17, 19]]",0.25
532,"[1, 9, 18]","[[0, 1], [1, 9], [9, 18], [18, 19]]",1.0
533,"[1, 9, 18]","[[0, 1], [1, 9], [9, 18], [18, 19]]",0.75
534,"[1, 9, 18]","[[0, 1], [1, 9], [9, 18], [18, 19]]",0.5
535,"[1, 9, 18]","[[0, 1], [1, 9], [9, 18], [18, 19]]",0.25
536,"[1, 9, 19]","[[0, 1], [1, 9], [9, 19], [19, 19]]",1.0
537,"[1, 9, 19]","[[0, 1], [1, 9], [9, 19], [19, 19]]",0.75
538,"[1, 9, 19]","[[0, 1], [1, 9], [9, 19], [19, 19]]",0.5
539,"[1, 9, 19]","[[0, 1], [1, 9], [9, 19], [19, 19]]",0.25
540,"[1, 10, 10]","[[0, 1], [1, 10], [10, 10], [10, 19]]",1.0
541,"[1, 10, 10]","[[0, 1], [1, 10], [10, 10], [10, 19]]",0.75
542,"[1, 10, 10]","[[0, 1], [1, 10], [10, 10], [10, 19]]",0.5
543,"[1, 10, 10]","[[0, 1], [1, 10], [10, 10], [10, 19]]",0.25
544,"[1, 10, 11]","[[0, 1], [1, 10], [10, 11], [11, 19]]",1.0
545,"[1, 10, 11]","[[0, 1], [1, 10], [10, 11], [11, 19]]",0.75
546,"[1, 10, 11]","[[0, 1], [1, 10], [10, 11], [11, 19]]",0.5
547,"[1, 10, 11]","[[0, 1], [1, 10], [10, 11], [11, 19]]",0.25
548,"[1, 10, 12]","[[0, 1], [1, 10], [10, 12], [12, 19]]",1.0
549,"[1, 10, 12]","[[0, 1], [1, 10], [10, 12], [12, 19]]",0.75
550,"[1, 10, 12]","[[0, 1], [1, 10], [10, 12], [12, 19]]",0.5
551,"[1, 10, 12]","[[0, 1], [1, 10], [10, 12], [12, 19]]",0.25
552,"[1, 10, 13]","[[0, 1], [1, 10], [10, 13], [13, 19]]",1.0
553,"[1, 10, 13]","[[0, 1], [1, 10], [10, 13], [13, 19]]",0.75
554,"[1, 10, 13]","[[0, 1], [1, 10], [10, 13], [13, 19]]",0.5
555,"[1, 10, 13]","[[0, 1], [1, 10], [10, 13], [13, 19]]",0.25
556,"[1, 10, 14]","[[0, 1], [1, 10], [10, 14], [14, 19]]",1.0
557,"[1, 10, 14]","[[0, 1], [1, 10], [10, 14], [14, 19]]",0.75
558,"[1, 10, 14]","[[0, 1], [1, 10], [10, 14], [14, 19]]",0.5
559,"[1, 10, 14]","[[0, 1], [1, 10], [10, 14], [14, 19]]",0.25
560,"[1, 10, 15]","[[0, 1], [1, 10], [10, 15], [15, 19]]",1.0
561,"[1, 10, 15]","[[0, 1], [1, 10], [10, 15], [15, 19]]",0.75
562,"[1, 10, 15]","[[0, 1], [1, 10], [10, 15], [15, 19]]",0.5
563,"[1, 10, 15]","[[0, 1], [1, 10], [10, 15], [15, 19]]",0.25
564,"[1, 10, 16]","[[0, 1], [1, 10], [10, 16], [16, 19]]",1.0
565,"[1, 10, 16]","[[0, 1], [1, 10], [10, 16], [16, 19]]",0.75
566,"[1, 10, 16]","[[0, 1], [1, 10], [10, 16], [16, 19]]",0.5
567,"[1, 10, 16]","[[0, 1], [1, 10], [10, 16], [16, 19]]",0.25
568,"[1, 10, 17]","[[0, 1], [1, 10], [10, 17], [17, 19]]",1.0
569,"[1, 10, 17]","[[0, 1], [1, 10], [10, 17], [17, 19]]",0.75
570,"[1, 10, 17]","[[0, 1], [1, 10], [10, 17], [17, 19]]",0.5
571,"[1, 10, 17]","[[0, 1], [1, 10], [10, 17], [17, 19]]",0.25
572,"[1, 10, 18]","[[0, 1], [1, 10], [10, 18], [18, 19]]",1.0
573,"[1, 10, 18]","[[0, 1], [1, 10], [10, 18], [18, 19]]",0.75
574,"[1, 10, 18]","[[0, 1], [1, 10], [10, 18], [18, 19]]",0.5
575,"[1, 10, 18]","[[0, 1], [1, 10], [10, 18], [18, 19]]",0.25
576,"[1, 10, 19]","[[0, 1], [1, 10], [10, 19], [19, 19]]",1.0
577,"[1, 10, 19]","[[0, 1], [1, 10], [10, 19], [19, 19]]",0.75
578,"[1, 10, 19]","[[0, 1], [1, 10], [10, 19], [19, 19]]",0.5
579,"[1, 10, 19]","[[0, 1], [1, 10], [10, 19], [19, 19]]",0.25
580,"[1, 11, 11]","[[0, 1], [1, 11], [11, 11], [11, 19]]",1.0
581,"[1, 11, 11]","[[0, 1], [1, 11], [11, 11], [11, 19]]",0.75
582,"[1, 11, 11]","[[0, 1], [1, 11], [11, 11], [11, 19]]",0.5
583,"[1, 11, 11]","[[0, 1], [1, 11], [11, 11], [11, 19]]",0.25
584,"[1, 11, 12]","[[0, 1], [1, 11], [11, 12], [12, 19]]",1.0
585,"[1, 11, 12]","[[0, 1], [1, 11], [11, 12], [12, 19]]",0.75
586,"[1, 11, 12]","[[0, 1], [1, 11], [11, 12], [12, 19]]",0.5
587,"[1, 11, 12]","[[0, 1], [1, 11], [11, 12], [12, 19]]",0.25
588,"[1, 11, 13]","[[0, 1], [1, 11], [11, 13], [13, 19]]",1.0
589,"[1, 11, 13]","[[0, 1], [1, 11], [11, 13], [13, 19]]",0.75
590,"[1, 11, 13]","[[0, 1], [1, 11], [11, 13], [13, 19]]",0.5
591,"[1, 11, 13]","[[0, 1], [1, 11], [11, 13], [13, 19]]",0.25
592,"[1, 11, 14]","[[0, 1], [1, 11], [11, 14], [14, 19]]",1.0
593,"[1, 11, 14]","[[0, 1], [1, 11], [11, 14], [14, 19]]",0.75
594,"[1, 11, 14]","[[0, 1], [1, 11], [11, 14], [14, 19]]",0.5
595,"[1, 11, 14]","[[0, 1], [1, 11], [11, 14], [14, 19]]",0.25
596,"[1, 11, 15]","[[0, 1], [1, 11], [11, 15], [15, 19]]",1.0
597,"[1, 11, 15]","[[0, 1], [1, 11], [11, 15], [15, 19]]",0.75
598,"[1, 11, 15]","[[0, 1], [1, 11], [11, 15], [15, 19]]",0.5
599,"[1, 11, 15]","[[0, 1], [1, 11], [11, 15], [15, 19]]",0.25
600,"[1, 11, 16]","[[0, 1], [1, 11], [11, 16], [16, 19]]",1.0
601,"[1, 11, 16]","[[0, 1], [1, 11], [11, 16], [16, 19]]",0.75
602,"[1, 11, 16]","[[0, 1], [1, 11], [11, 16], [16, 19]]",0.5
603,"[1, 11, 16]","[[0, 1], [1, 11], [11, 16], [16, 19]]",0.25
604,"[1, 11, 17]","[[0, 1], [1, 11], [11, 17], [17, 19]]",1.0
605,"[1, 11, 17]","[[0, 1], [1, 11], [11, 17], [17, 19]]",0.75
606,"[1, 11, 17]","[[0, 1], [1, 11], [11, 17], [17, 19]]",0.5
607,"[1, 11, 17]","[[0, 1], [1, 11], [11, 17], [17, 19]]",0.25
608,"[1, 11, 18]","[[0, 1], [1, 11], [11, 18], [18, 19]]",1.0
609,"[1, 11, 18]","[[0, 1], [1, 11], [11, 18], [18, 19]]",0.75
610,"[1, 11, 18]","[[0, 1], [1, 11], [11, 18], [18, 19]]",0.5
611,"[1, 11, 18]","[[0, 1], [1, 11], [11, 18], [18, 19]]",0.25
612,"[1, 11, 19]","[[0, 1], [1, 11], [11, 19], [19, 19]]",1.0
613,"[1, 11, 19]","[[0, 1], [1, 11], [11, 19], [19, 19]]",0.75
614,"[1, 11, 19]","[[0, 1], [1, 11], [11, 19], [19, 19]]",0.5
615,"[1, 11, 19]","[[0, 1], [1, 11], [11, 19], [19, 19]]",0.25
616,"[1, 12, 12]","[[0, 1], [1, 12], [12, 12], [12, 19]]",1.0
617,"[1, 12, 12]","[[0, 1], [1, 12], [12, 12], [12, 19]]",0.75
618,"[1, 12, 12]","[[0, 1], [1, 12], [12, 12], [12, 19]]",0.5
619,"[1, 12, 12]","[[0, 1], [1, 12], [12, 12], [12, 19]]",0.25
620,"[1, 12, 13]","[[0, 1], [1, 12], [12, 13], [13, 19]]",1.0
621,"[1, 12, 13]","[[0, 1], [1, 12], [12, 13], [13, 19]]",0.75
622,"[1, 12, 13]","[[0, 1], [1, 12], [12, 13], [13, 19]]",0.5
623,"[1, 12, 13]","[[0, 1], [1, 12], [12, 13], [13, 19]]",0.25
624,"[1, 12, 14]","[[0, 1], [1, 12], [12, 14], [14, 19]]",1.0
625,"[1, 12, 14]","[[0, 1], [1, 12], [12, 14], [14, 19]]",0.75
626,"[1, 12, 14]","[[0, 1], [1, 12], [12, 14], [14, 19]]",0.5
627,"[1, 12, 14]","[[0, 1], [1, 12], [12, 14], [14, 19]]",0.25
628,"[1, 12, 15]","[[0, 1], [1, 12], [12, 15], [15, 19]]",1.0
629,"[1, 12, 15]","[[0, 1], [1, 12], [12, 15], [15, 19]]",0.75
630,"[1, 12, 15]","[[0, 1], [1, 12], [12, 15], [15, 19]]",0.5
631,"[1, 12, 15]","[[0, 1], [1, 12], [12, 15], [15, 19]]",0.25
632,"[1, 12, 16]","[[0, 1], [1, 12], [12, 16], [16, 19]]",1.0
633,"[1, 12, 16]","[[0, 1], [1, 12], [12, 16], [16, 19]]",0.75
634,"[1, 12, 16]","[[0, 1], [1, 12], [12, 16], [16, 19]]",0.5
635,"[1, 12, 16]","[[0, 1], [1, 12], [12, 16], [16, 19]]",0.25
636,"[1, 12, 17]","[[0, 1], [1, 12], [12, 17], [17, 19]]",1.0
637,"[1, 12, 17]","[[0, 1], [1, 12], [12, 17], [17, 19]]",0.75
638,"[1, 12, 17]","[[0, 1], [1, 12], [12, 17], [17, 19]]",0.5
639,"[1, 12, 17]","[[0, 1], [1, 12], [12, 17], [17, 19]]",0.25
640,"[1, 12, 18]","[[0, 1], [1, 12], [12, 18], [18, 19]]",1.0
641,"[1, 12, 18]","[[0, 1], [1, 12], [12, 18], [18, 19]]",0.75
642,"[1, 12, 18]","[[0, 1], [1, 12], [12, 18], [18, 19]]",0.5
643,"[1, 12, 18]","[[0, 1], [1, 12], [12, 18], [18, 19]]",0.25
644,"[1, 12, 19]","[[0, 1], [1, 12], [12, 19], [19, 19]]",1.0
645,"[1, 12, 19]","[[0, 1], [1, 12], [12, 19], [19, 19]]",0.75
646,"[1, 12, 19]","[[0, 1], [1, 12], [12, 19], [19, 19]]",0.5
647,"[1, 12, 19]","[[0, 1], [1, 12], [12, 19], [19, 19]]",0.25
648,"[1, 13, 13]","[[0, 1], [1, 13], [13, 13], [13, 19]]",1.0
649,"[1, 13, 13]","[[0, 1], [1, 13], [13, 13], [13, 19]]",0.75
650,"[1, 13, 13]","[[0, 1], [1, 13], [13, 13], [13, 19]]",0.5
651,"[1, 13, 13]","[[0, 1], [1, 13], [13, 13], [13, 19]]",0.25
652,"[1, 13, 14]","[[0, 1], [1, 13], [13, 14], [14, 19]]",1.0
653,"[1, 13, 14]","[[0, 1], [1, 13], [13, 14], [14, 19]]",0.75
654,"[1, 13, 14]","[[0, 1], [1, 13], [13, 14], [14, 19]]",0.5
655,"[1, 13, 14]","[[0, 1], [1, 13], [13, 14], [14, 19]]",0.25
656,"[1, 13, 15]","[[0, 1], [1, 13], [13, 15], [15, 19]]",1.0
657,"[1, 13, 15]","[[0, 1], [1, 13], [13, 15], [15, 19]]",0.75
658,"[1, 13, 15]","[[0, 1], [1, 13], [13, 15], [15, 19]]",0.5
659,"[1, 13, 15]","[[0, 1], [1, 13], [13, 15], [15, 19]]",0.25
660,"[1, 13, 16]","[[0, 1], [1, 13], [13, 16], [16, 19]]",1.0
661,"[1, 13, 16]","[[0, 1], [1, 13], [13, 16], [16, 19]]",0.75
662,"[1, 13, 16]","[[0, 1], [1, 13], [13, 16], [16, 19]]",0.5
663,"[1, 13, 16]","[[0, 1], [1, 13], [13, 16], [16, 19]]",0.25
664,"[1, 13, 17]","[[0, 1], [1, 13], [13, 17], [17, 19]]",1.0
665,"[1, 13, 17]","[[0, 1], [1, 13], [13, 17], [17, 19]]",0.75
666,"[1, 13, 17]","[[0, 1], [1, 13], [13, 17], [17, 19]]",0.5
667,"[1, 13, 17]","[[0, 1], [1, 13], [13, 17], [17, 19]]",0.25
668,"[1, 13, 18]","[[0, 1], [1, 13], [13, 18], [18, 19]]",1.0
669,"[1, 13, 18]","[[0, 1], [1, 13], [13, 18], [18, 19]]",0.75
670,"[1, 13, 18]","[[0, 1], [1, 13], [13, 18], [18, 19]]",0.5
671,"[1, 13, 18]","[[0, 1], [1, 13], [13, 18], [18, 19]]",0.25
672,"[1, 13, 19]","[[0, 1], [1, 13], [13, 19], [19, 19]]",1.0
673,"[1, 13, 19]","[[0, 1], [1, 13], [13, 19], [19, 19]]",0.75
674,"[1, 13, 19]","[[0, 1], [1, 13], [13, 19], [19, 19]]",0.5
675,"[1, 13, 19]","[[0, 1], [1, 13], [13, 19], [19, 19]]",0.25
676,"[1, 14, 14]","[[0, 1], [1, 14], [14, 14], [14, 19]]",1.0
677,"[1, 14, 14]","[[0, 1], [1, 14], [14, 14], [14, 19]]",0.75
678,"[1, 14, 14]","[[0, 1], [1, 14], [14, 14], [14, 19]]",0.5
679,"[1, 14, 14]","[[0, 1], [1, 14], [14, 14], [14, 19]]",0.25
680,"[1, 14, 15]","[[0, 1], [1, 14], [14, 15], [15, 19]]",1.0
681,"[1, 14, 15]","[[0, 1], [1, 14], [14, 15], [15, 19]]",0.75
682,"[1, 14, 15]","[[0, 1], [1, 14], [14, 15], [15, 19]]",0.5
683,"[1, 14, 15]","[[0, 1], [1, 14], [14, 15], [15, 19]]",0.25
684,"[1, 14, 16]","[[0, 1], [1, 14], [14, 16], [16, 19]]",1.0
685,"[1, 14, 16]","[[0, 1], [1, 14], [14, 16], [16, 19]]",0.75
686,"[1, 14, 16]","[[0, 1], [1, 14], [14, 16], [16, 19]]",0.5
687,"[1, 14, 16]","[[0, 1], [1, 14], [14, 16], [16, 19]]",0.25
688,"[1, 14, 17]","[[0, 1], [1, 14], [14, 17], [17, 19]]",1.0
689,"[1, 14, 17]","[[0, 1], [1, 14], [14, 17], [17, 19]]",0.75
690,"[1, 14, 17]","[[0, 1], [1, 14], [14, 17], [17, 19]]",0.5
691,"[1, 14, 17]","[[0, 1], [1, 14], [14, 17], [17, 19]]",0.25
692,"[1, 14, 18]","[[0, 1], [1, 14], [14, 18], [18, 19]]",1.0
693,"[1, 14, 18]","[[0, 1], [1, 14], [14, 18], [18, 19]]",0.75
694,"[1, 14, 18]","[[0, 1], [1, 14], [14, 18], [18, 19]]",0.5
695,"[1, 14, 18]","[[0, 1], [1, 14], [14, 18], [18, 19]]",0.25
696,"[1, 14, 19]","[[0, 1], [1, 14], [14, 19], [19, 19]]",1.0
697,"[1, 14, 19]","[[0, 1], [1, 14], [14, 19], [19, 19]]",0.75
698,"[1, 14, 19]","[[0, 1], [1, 14], [14, 19], [19, 19]]",0.5
699,"[1, 14, 19]","[[0, 1], [1, 14], [14, 19], [19, 19]]",0.25
700,"[1, 15, 15]","[[0, 1], [1, 15], [15, 15], [15, 19]]",1.0
701,"[1, 15, 15]","[[0, 1], [1, 15], [15, 15], [15, 19]]",0.75
702,"[1, 15, 15]","[[0, 1], [1, 15], [15, 15], [15, 19]]",0.5
703,"[1, 15, 15]","[[0, 1], [1, 15], [15, 15], [15, 19]]",0.25
704,"[1, 15, 16]","[[0, 1], [1, 15], [15, 16], [16, 19]]",1.0
705,"[1, 15, 16]","[[0, 1], [1, 15], [15, 16], [16, 19]]",0.75
706,"[1, 15, 16]","[[0, 1], [1, 15], [15, 16], [16, 19]]",0.5
707,"[1, 15, 16]","[[0, 1], [1, 15], [15, 16], [16, 19]]",0.25
708,"[1, 15, 17]","[[0, 1], [1, 15], [15, 17], [17, 19]]",1.0
709,"[1, 15, 17]","[[0, 1], [1, 15], [15, 17], [17, 19]]",0.75
710,"[1, 15, 17]","[[0, 1], [1, 15], [15, 17], [17, 19]]",0.5
711,"[1, 15, 17]","[[0, 1], [1, 15], [15, 17], [17, 19]]",0.25
712,"[1, 15, 18]","[[0, 1], [1, 15], [15, 18], [18, 19]]",1.0
713,"[1, 15, 18]","[[0, 1], [1, 15], [15, 18], [18, 19]]",0.75
714,"[1, 15, 18]","[[0, 1], [1, 15], [15, 18], [18, 19]]",0.5
715,"[1, 15, 18]","[[0, 1], [1, 15], [15, 18], [18, 19]]",0.25
716,"[1, 15, 19]","[[0, 1], [1, 15], [15, 19], [19, 19]]",1.0
717,"[1, 15, 19]","[[0, 1], [1, 15], [15, 19], [19, 19]]",0.75
718,"[1, 15, 19]","[[0, 1], [1, 15], [15, 19], [19, 19]]",0.5
719,"[1, 15, 19]","[[0, 1], [1, 15], [15, 19], [19, 19]]",0.25
720,"[1, 16, 16]","[[0, 1], [1, 16], [16, 16], [16, 19]]",1.0
721,"[1, 16, 16]","[[0, 1], [1, 16], [16, 16], [16, 19]]",0.75
722,"[1, 16, 16]","[[0, 1], [1, 16], [16, 16], [16, 19]]",0.5
723,"[1, 16, 16]","[[0, 1], [1, 16], [16, 16], [16, 19]]",0.25
724,"[1, 16, 17]","[[0, 1], [1, 16], [16, 17], [17, 19]]",1.0
725,"[1, 16, 17]","[[0, 1], [1, 16], [16, 17], [17, 19]]",0.75
726,"[1, 16, 17]","[[0, 1], [1, 16], [16, 17], [17, 19]]",0.5
727,"[1, 16, 17]","[[0, 1], [1, 16], [16, 17], [17, 19]]",0.25
728,"[1, 16, 18]","[[0, 1], [1, 16], [16, 18], [18, 19]]",1.0
729,"[1, 16, 18]","[[0, 1], [1, 16], [16, 18], [18, 19]]",0.75
730,"[1, 16, 18]","[[0, 1], [1, 16], [16, 18], [18, 19]]",0.5
731,"[1, 16, 18]","[[0, 1], [1, 16], [16, 18], [18, 19]]",0.25
732,"[1, 16, 19]","[[0, 1], [1, 16], [16, 19], [19, 19]]",1.0
733,"[1, 16, 19]","[[0, 1], [1, 16], [16, 19], [19, 19]]",0.75
734,"[1, 16, 19]","[[0, 1], [1, 16], [16, 19], [19, 19]]",0.5
735,"[1, 16, 19]","[[0, 1], [1, 16], [16, 19], [19, 19]]",0.25
736,"[1, 17, 17]","[[0, 1], [1, 17], [17, 17], [17, 19]]",1.0
737,"[1, 17, 17]","[[0, 1], [1, 17], [17, 17], [17, 19]]",0.75
738,"[1, 17, 17]","[[0, 1], [1, 17], [17, 17], [17, 19]]",0.5
739,"[1, 17, 17]","[[0, 1], [1, 17], [17, 17], [17, 19]]",0.25
740,"[1, 17, 18]","[[0, 1], [1, 17], [17, 18], [18, 19]]",1.0
741,"[1, 17, 18]","[[0, 1], [1, 17], [17, 18], [18, 19]]",0.75
742,"[1, 17, 18]","[[0, 1], [1, 17], [17, 18], [18, 19]]",0.5
743,"[1, 17, 18]","[[0, 1], [1, 17], [17, 18], [18, 19]]",0.25
744,"[1, 17, 19]","[[0, 1], [1, 17], [17, 19], [19, 19]]",1.0
745,"[1, 17, 19]","[[0, 1], [1, 17], [17, 19], [19, 19]]",0.75
746,"[1, 17, 19]","[[0, 1], [1, 17], [17, 19], [19, 19]]",0.5
747,"[1, 17, 19]","[[0, 1], [1, 17], [17, 19], [19, 19]]",0.25
748,"[1, 18, 18]","[[0, 1], [1, 18], [18, 18], [18, 19]]",1.0
749,"[1, 18, 18]","[[0, 1], [1, 18], [18, 18], [18, 19]]",0.75
750,"[1, 18, 18]","[[0, 1], [1, 18], [18, 18], [18, 19]]",0.5
751,"[1, 18, 18]","[[0, 1], [1, 18], [18, 18], [18, 19]]",0.25
752,"[1, 18, 19]","[[0, 1], [1, 18], [18, 19], [19, 19]]",1.0
753,"[1, 18, 19]","[[0, 1], [1, 18], [18, 19], [19, 19]]",0.75
754,"[1, 18, 19]","[[0, 1], [1, 18], [18, 19], [19, 19]]",0.5
755,"[1, 18, 19]","[[0, 1], [1, 18], [18, 19], [19, 19]]",0.25
756,"[1, 19, 19]","[[0, 1], [1, 19], [19, 19], [19, 19]]",1.0
757,"[1, 19, 19]","[[0, 1], [1, 19], [19, 19], [19, 19]]",0.75
758,"[1, 19, 19]","[[0, 1], [1, 19], [19, 19], [19, 19]]",0.5
759,"[1, 19, 19]","[[0, 1], [1, 19], [19, 19], [19, 19]]",0.25
760,"[2, 2, 2]","[[0, 2], [2, 2], [2, 2], [2, 19]]",1.0
761,"[2, 2, 2]","[[0, 2], [2, 2], [2, 2], [2, 19]]",0.75
762,"[2, 2, 2]","[[0, 2], [2, 2], [2, 2], [2, 19]]",0.5
763,"[2, 2, 2]","[[0, 2], [2, 2], [2, 2], [2, 19]]",0.25
764,"[2, 2, 3]","[[0, 2], [2, 2], [2, 3], [3, 19]]",1.0
765,"[2, 2, 3]","[[0, 2], [2, 2], [2, 3], [3, 19]]",0.75
766,"[2, 2, 3]","[[0, 2], [2, 2], [2, 3], [3, 19]]",0.5
767,"[2, 2, 3]","[[0, 2], [2, 2], [2, 3], [3, 19]]",0.25
768,"[2, 2, 4]","[[0, 2], [2, 2], [2, 4], [4, 19]]",1.0
769,"[2, 2, 4]","[[0, 2], [2, 2], [2, 4], [4, 19]]",0.75
770,"[2, 2, 4]","[[0, 2], [2, 2], [2, 4], [4, 19]]",0.5
771,"[2, 2, 4]","[[0, 2], [2, 2], [2, 4], [4, 19]]",0.25
772,"[2, 2, 5]","[[0, 2], [2, 2], [2, 5], [5, 19]]",1.0
773,"[2, 2, 5]","[[0, 2], [2, 2], [2, 5], [5, 19]]",0.75
774,"[2, 2, 5]","[[0, 2], [2, 2], [2, 5], [5, 19]]",0.5
775,"[2, 2, 5]","[[0, 2], [2, 2], [2, 5], [5, 19]]",0.25
776,"[2, 2, 6]","[[0, 2], [2, 2], [2, 6], [6, 19]]",1.0
777,"[2, 2, 6]","[[0, 2], [2, 2], [2, 6], [6, 19]]",0.75
778,"[2, 2, 6]","[[0, 2], [2, 2], [2, 6], [6, 19]]",0.5
779,"[2, 2, 6]","[[0, 2], [2, 2], [2, 6], [6, 19]]",0.25
780,"[2, 2, 7]","[[0, 2], [2, 2], [2, 7], [7, 19]]",1.0
781,"[2, 2, 7]","[[0, 2], [2, 2], [2, 7], [7, 19]]",0.75
782,"[2, 2, 7]","[[0, 2], [2, 2], [2, 7], [7, 19]]",0.5
783,"[2, 2, 7]","[[0, 2], [2, 2], [2, 7], [7, 19]]",0.25
784,"[2, 2, 8]","[[0, 2], [2, 2], [2, 8], [8, 19]]",1.0
785,"[2, 2, 8]","[[0, 2], [2, 2], [2, 8], [8, 19]]",0.75
786,"[2, 2, 8]","[[0, 2], [2, 2], [2, 8], [8, 19]]",0.5
787,"[2, 2, 8]","[[0, 2], [2, 2], [2, 8], [8, 19]]",0.25
788,"[2, 2, 9]","[[0, 2], [2, 2], [2, 9], [9, 19]]",1.0
789,"[2, 2, 9]","[[0, 2], [2, 2], [2, 9], [9, 19]]",0.75
790,"[2, 2, 9]","[[0, 2], [2, 2], [2, 9], [9, 19]]",0.5
791,"[2, 2, 9]","[[0, 2], [2, 2], [2, 9], [9, 19]]",0.25
792,"[2, 2, 10]","[[0, 2], [2, 2], [2, 10], [10, 19]]",1.0
793,"[2, 2, 10]","[[0, 2], [2, 2], [2, 10], [10, 19]]",0.75
794,"[2, 2, 10]","[[0, 2], [2, 2], [2, 10], [10, 19]]",0.5
795,"[2, 2, 10]","[[0, 2], [2, 2], [2, 10], [10, 19]]",0.25
796,"[2, 2, 11]","[[0, 2], [2, 2], [2, 11], [11, 19]]",1.0
797,"[2, 2, 11]","[[0, 2], [2, 2], [2, 11], [11, 19]]",0.75
798,"[2, 2, 11]","[[0, 2], [2, 2], [2, 11], [11, 19]]",0.5
799,"[2, 2, 11]","[[0, 2], [2, 2], [2, 11], [11, 19]]",0.25
800,"[2, 2, 12]","[[0, 2], [2, 2], [2, 12], [12, 19]]",1.0
801,"[2, 2, 12]","[[0, 2], [2, 2], [2, 12], [12, 19]]",0.75
802,"[2, 2, 12]","[[0, 2], [2, 2], [2, 12], [12, 19]]",0.5
803,"[2, 2, 12]","[[0, 2], [2, 2], [2, 12], [12, 19]]",0.25
804,"[2, 2, 13]","[[0, 2], [2, 2], [2, 13], [13, 19]]",1.0
805,"[2, 2, 13]","[[0, 2], [2, 2], [2, 13], [13, 19]]",0.75
806,"[2, 2, 13]","[[0, 2], [2, 2], [2, 13], [13, 19]]",0.5
807,"[2, 2, 13]","[[0, 2], [2, 2], [2, 13], [13, 19]]",0.25
808,"[2, 2, 14]","[[0, 2], [2, 2], [2, 14], [14, 19]]",1.0
809,"[2, 2, 14]","[[0, 2], [2, 2], [2, 14], [14, 19]]",0.75
810,"[2, 2, 14]","[[0, 2], [2, 2], [2, 14], [14, 19]]",0.5
811,"[2, 2, 14]","[[0, 2], [2, 2], [2, 14], [14, 19]]",0.25
812,"[2, 2, 15]","[[0, 2], [2, 2], [2, 15], [15, 19]]",1.0
813,"[2, 2, 15]","[[0, 2], [2, 2], [2, 15], [15, 19]]",0.75
814,"[2, 2, 15]","[[0, 2], [2, 2], [2, 15], [15, 19]]",0.5
815,"[2, 2, 15]","[[0, 2], [2, 2], [2, 15], [15, 19]]",0.25
816,"[2, 2, 16]","[[0, 2], [2, 2], [2, 16], [16, 19]]",1.0
817,"[2, 2, 16]","[[0, 2], [2, 2], [2, 16], [16, 19]]",0.75
818,"[2, 2, 16]","[[0, 2], [2, 2], [2, 16], [16, 19]]",0.5
819,"[2, 2, 16]","[[0, 2], [2, 2], [2, 16], [16, 19]]",0.25
820,"[2, 2, 17]","[[0, 2], [2, 2], [2, 17], [17, 19]]",1.0
821,"[2, 2, 17]","[[0, 2], [2, 2], [2, 17], [17, 19]]",0.75
822,"[2, 2, 17]","[[0, 2], [2, 2], [2, 17], [17, 19]]",0.5
823,"[2, 2, 17]","[[0, 2], [2, 2], [2, 17], [17, 19]]",0.25
824,"[2, 2, 18]","[[0, 2], [2, 2], [2, 18], [18, 19]]",1.0
825,"[2, 2, 18]","[[0, 2], [2, 2], [2, 18], [18, 19]]",0.75
826,"[2, 2, 18]","[[0, 2], [2, 2], [2, 18], [18, 19]]",0.5
827,"[2, 2, 18]","[[0, 2], [2, 2], [2, 18], [18, 19]]",0.25
828,"[2, 2, 19]","[[0, 2], [2, 2], [2, 19], [19, 19]]",1.0
829,"[2, 2, 19]","[[0, 2], [2, 2], [2, 19], [19, 19]]",0.75
830,"[2, 2, 19]","[[0, 2], [2, 2], [2, 19], [19, 19]]",0.5
831,"[2, 2, 19]","[[0, 2], [2, 2], [2, 19], [19, 19]]",0.25
832,"[2, 3, 3]","[[0, 2], [2, 3], [3, 3], [3, 19]]",1.0
833,"[2, 3, 3]","[[0, 2], [2, 3], [3, 3], [3, 19]]",0.75
834,"[2, 3, 3]","[[0, 2], [2, 3], [3, 3], [3, 19]]",0.5
835,"[2, 3, 3]","[[0, 2], [2, 3], [3, 3], [3, 19]]",0.25
836,"[2, 3, 4]","[[0, 2], [2, 3], [3, 4], [4, 19]]",1.0
837,"[2, 3, 4]","[[0, 2], [2, 3], [3, 4], [4, 19]]",0.75
838,"[2, 3, 4]","[[0, 2], [2, 3], [3, 4], [4, 19]]",0.5
839,"[2, 3, 4]","[[0, 2], [2, 3], [3, 4], [4, 19]]",0.25
840,"[2, 3, 5]","[[0, 2], [2, 3], [3, 5], [5, 19]]",1.0
841,"[2, 3, 5]","[[0, 2], [2, 3], [3, 5], [5, 19]]",0.75
842,"[2, 3, 5]","[[0, 2], [2, 3], [3, 5], [5, 19]]",0.5
843,"[2, 3, 5]","[[0, 2], [2, 3], [3, 5], [5, 19]]",0.25
844,"[2, 3, 6]","[[0, 2], [2, 3], [3, 6], [6, 19]]",1.0
845,"[2, 3, 6]","[[0, 2], [2, 3], [3, 6], [6, 19]]",0.75
846,"[2, 3, 6]","[[0, 2], [2, 3], [3, 6], [6, 19]]",0.5
847,"[2, 3, 6]","[[0, 2], [2, 3], [3, 6], [6, 19]]",0.25
848,"[2, 3, 7]","[[0, 2], [2, 3], [3, 7], [7, 19]]",1.0
849,"[2, 3, 7]","[[0, 2], [2, 3], [3, 7], [7, 19]]",0.75
850,"[2, 3, 7]","[[0, 2], [2, 3], [3, 7], [7, 19]]",0.5
851,"[2, 3, 7]","[[0, 2], [2, 3], [3, 7], [7, 19]]",0.25
852,"[2, 3, 8]","[[0, 2], [2, 3], [3, 8], [8, 19]]",1.0
853,"[2, 3, 8]","[[0, 2], [2, 3], [3, 8], [8, 19]]",0.75
854,"[2, 3, 8]","[[0, 2], [2, 3], [3, 8], [8, 19]]",0.5
855,"[2, 3, 8]","[[0, 2], [2, 3], [3, 8], [8, 19]]",0.25
856,"[2, 3, 9]","[[0, 2], [2, 3], [3, 9], [9, 19]]",1.0
857,"[2, 3, 9]","[[0, 2], [2, 3], [3, 9], [9, 19]]",0.75
858,"[2, 3, 9]","[[0, 2], [2, 3], [3, 9], [9, 19]]",0.5
859,"[2, 3, 9]","[[0, 2], [2, 3], [3, 9], [9, 19]]",0.25
860,"[2, 3, 10]","[[0, 2], [2, 3], [3, 10], [10, 19]]",1.0
861,"[2, 3, 10]","[[0, 2], [2, 3], [3, 10], [10, 19]]",0.75
862,"[2, 3, 10]","[[0, 2], [2, 3], [3, 10], [10, 19]]",0.5
863,"[2, 3, 10]","[[0, 2], [2, 3], [3, 10], [10, 19]]",0.25
864,"[2, 3, 11]","[[0, 2], [2, 3], [3, 11], [11, 19]]",1.0
865,"[2, 3, 11]","[[0, 2], [2, 3], [3, 11], [11, 19]]",0.75
866,"[2, 3, 11]","[[0, 2], [2, 3], [3, 11], [11, 19]]",0.5
867,"[2, 3, 11]","[[0, 2], [2, 3], [3, 11], [11, 19]]",0.25
868,"[2, 3, 12]","[[0, 2], [2, 3], [3, 12], [12, 19]]",1.0
869,"[2, 3, 12]","[[0, 2], [2, 3], [3, 12], [12, 19]]",0.75
870,"[2, 3, 12]","[[0, 2], [2, 3], [3, 12], [12, 19]]",0.5
871,"[2, 3, 12]","[[0, 2], [2, 3], [3, 12], [12, 19]]",0.25
872,"[2, 3, 13]","[[0, 2], [2, 3], [3, 13], [13, 19]]",1.0
873,"[2, 3, 13]","[[0, 2], [2, 3], [3, 13], [13, 19]]",0.75
874,"[2, 3, 13]","[[0, 2], [2, 3], [3, 13], [13, 19]]",0.5
875,"[2, 3, 13]","[[0, 2], [2, 3], [3, 13], [13, 19]]",0.25
876,"[2, 3, 14]","[[0, 2], [2, 3], [3, 14], [14, 19]]",1.0
877,"[2, 3, 14]","[[0, 2], [2, 3], [3, 14], [14, 19]]",0.75
878,"[2, 3, 14]","[[0, 2], [2, 3], [3, 14], [14, 19]]",0.5
879,"[2, 3, 14]","[[0, 2], [2, 3], [3, 14], [14, 19]]",0.25
880,"[2, 3, 15]","[[0, 2], [2, 3], [3, 15], [15, 19]]",1.0
881,"[2, 3, 15]","[[0, 2], [2, 3], [3, 15], [15, 19]]",0.75
882,"[2, 3, 15]","[[0, 2], [2, 3], [3, 15], [15, 19]]",0.5
883,"[2, 3, 15]","[[0, 2], [2, 3], [3, 15], [15, 19]]",0.25
884,"[2, 3, 16]","[[0, 2], [2, 3], [3, 16], [16, 19]]",1.0
885,"[2, 3, 16]","[[0, 2], [2, 3], [3, 16], [16, 19]]",0.75
886,"[2, 3, 16]","[[0, 2], [2, 3], [3, 16], [16, 19]]",0.5
887,"[2, 3, 16]","[[0, 2], [2, 3], [3, 16], [16, 19]]",0.25
888,"[2, 3, 17]","[[0, 2], [2, 3], [3, 17], [17, 19]]",1.0
889,"[2, 3, 17]","[[0, 2], [2, 3], [3, 17], [17, 19]]",0.75
890,"[2, 3, 17]","[[0, 2], [2, 3], [3, 17], [17, 19]]",0.5
891,"[2, 3, 17]","[[0, 2], [2, 3], [3, 17], [17, 19]]",0.25
892,"[2, 3, 18]","[[0, 2], [2, 3], [3, 18], [18, 19]]",1.0
893,"[2, 3, 18]","[[0, 2], [2, 3], [3, 18], [18, 19]]",0.75
894,"[2, 3, 18]","[[0, 2], [2, 3], [3, 18], [18, 19]]",0.5
895,"[2, 3, 18]","[[0, 2], [2, 3], [3, 18], [18, 19]]",0.25
896,"[2, 3, 19]","[[0, 2], [2, 3], [3, 19], [19, 19]]",1.0
897,"[2, 3, 19]","[[0, 2], [2, 3], [3, 19], [19, 19]]",0.75
898,"[2, 3, 19]","[[0, 2], [2, 3], [3, 19], [19, 19]]",0.5
899,"[2, 3, 19]","[[0, 2], [2, 3], [3, 19], [19, 19]]",0.25
900,"[2, 4, 4]","[[0, 2], [2, 4], [4, 4], [4, 19]]",1.0
901,"[2, 4, 4]","[[0, 2], [2, 4], [4, 4], [4, 19]]",0.75
902,"[2, 4, 4]","[[0, 2], [2, 4], [4, 4], [4, 19]]",0.5
903,"[2, 4, 4]","[[0, 2], [2, 4], [4, 4], [4, 19]]",0.25
904,"[2, 4, 5]","[[0, 2], [2, 4], [4, 5], [5, 19]]",1.0
905,"[2, 4, 5]","[[0, 2], [2, 4], [4, 5], [5, 19]]",0.75
906,"[2, 4, 5]","[[0, 2], [2, 4], [4, 5], [5, 19]]",0.5
907,"[2, 4, 5]","[[0, 2], [2, 4], [4, 5], [5, 19]]",0.25
908,"[2, 4, 6]","[[0, 2], [2, 4], [4, 6], [6, 19]]",1.0
909,"[2, 4, 6]","[[0, 2], [2, 4], [4, 6], [6, 19]]",0.75
910,"[2, 4, 6]","[[0, 2], [2, 4], [4, 6], [6, 19]]",0.5
911,"[2, 4, 6]","[[0, 2], [2, 4], [4, 6], [6, 19]]",0.25
912,"[2, 4, 7]","[[0, 2], [2, 4], [4, 7], [7, 19]]",1.0
913,"[2, 4, 7]","[[0, 2], [2, 4], [4, 7], [7, 19]]",0.75
914,"[2, 4, 7]","[[0, 2], [2, 4], [4, 7], [7, 19]]",0.5
915,"[2, 4, 7]","[[0, 2], [2, 4], [4, 7], [7, 19]]",0.25
916,"[2, 4, 8]","[[0, 2], [2, 4], [4, 8], [8, 19]]",1.0
917,"[2, 4, 8]","[[0, 2], [2, 4], [4, 8], [8, 19]]",0.75
918,"[2, 4, 8]","[[0, 2], [2, 4], [4, 8], [8, 19]]",0.5
919,"[2, 4, 8]","[[0, 2], [2, 4], [4, 8], [8, 19]]",0.25
920,"[2, 4, 9]","[[0, 2], [2, 4], [4, 9], [9, 19]]",1.0
921,"[2, 4, 9]","[[0, 2], [2, 4], [4, 9], [9, 19]]",0.75
922,"[2, 4, 9]","[[0, 2], [2, 4], [4, 9], [9, 19]]",0.5
923,"[2, 4, 9]","[[0, 2], [2, 4], [4, 9], [9, 19]]",0.25
924,"[2, 4, 10]","[[0, 2], [2, 4], [4, 10], [10, 19]]",1.0
925,"[2, 4, 10]","[[0, 2], [2, 4], [4, 10], [10, 19]]",0.75
926,"[2, 4, 10]","[[0, 2], [2, 4], [4, 10], [10, 19]]",0.5
927,"[2, 4, 10]","[[0, 2], [2, 4], [4, 10], [10, 19]]",0.25
928,"[2, 4, 11]","[[0, 2], [2, 4], [4, 11], [11, 19]]",1.0
929,"[2, 4, 11]","[[0, 2], [2, 4], [4, 11], [11, 19]]",0.75
930,"[2, 4, 11]","[[0, 2], [2, 4], [4, 11], [11, 19]]",0.5
931,"[2, 4, 11]","[[0, 2], [2, 4], [4, 11], [11, 19]]",0.25
932,"[2, 4, 12]","[[0, 2], [2, 4], [4, 12], [12, 19]]",1.0
933,"[2, 4, 12]","[[0, 2], [2, 4], [4, 12], [12, 19]]",0.75
934,"[2, 4, 12]","[[0, 2], [2, 4], [4, 12], [12, 19]]",0.5
935,"[2, 4, 12]","[[0, 2], [2, 4], [4, 12], [12, 19]]",0.25
936,"[2, 4, 13]","[[0, 2], [2, 4], [4, 13], [13, 19]]",1.0
937,"[2, 4, 13]","[[0, 2], [2, 4], [4, 13], [13, 19]]",0.75
938,"[2, 4, 13]","[[0, 2], [2, 4], [4, 13], [13, 19]]",0.5
939,"[2, 4, 13]","[[0, 2], [2, 4], [4, 13], [13, 19]]",0.25
940,"[2, 4, 14]","[[0, 2], [2, 4], [4, 14], [14, 19]]",1.0
941,"[2, 4, 14]","[[0, 2], [2, 4], [4, 14], [14, 19]]",0.75
942,"[2, 4, 14]","[[0, 2], [2, 4], [4, 14], [14, 19]]",0.5
943,"[2, 4, 14]","[[0, 2], [2, 4], [4, 14], [14, 19]]",0.25
944,"[2, 4, 15]","[[0, 2], [2, 4], [4, 15], [15, 19]]",1.0
945,"[2, 4, 15]","[[0, 2], [2, 4], [4, 15], [15, 19]]",0.75
946,"[2, 4, 15]","[[0, 2], [2, 4], [4, 15], [15, 19]]",0.5
947,"[2, 4, 15]","[[0, 2], [2, 4], [4, 15], [15, 19]]",0.25
948,"[2, 4, 16]","[[0, 2], [2, 4], [4, 16], [16, 19]]",1.0
949,"[2, 4, 16]","[[0, 2], [2, 4], [4, 16], [16, 19]]",0.75
950,"[2, 4, 16]","[[0, 2], [2, 4], [4, 16], [16, 19]]",0.5
951,"[2, 4, 16]","[[0, 2], [2, 4], [4, 16], [16, 19]]",0.25
952,"[2, 4, 17]","[[0, 2], [2, 4], [4, 17], [17, 19]]",1.0
953,"[2, 4, 17]","[[0, 2], [2, 4], [4, 17], [17, 19]]",0.75
954,"[2, 4, 17]","[[0, 2], [2, 4], [4, 17], [17, 19]]",0.5
955,"[2, 4, 17]","[[0, 2], [2, 4], [4, 17], [17, 19]]",0.25
956,"[2, 4, 18]","[[0, 2], [2, 4], [4, 18], [18, 19]]",1.0
957,"[2, 4, 18]","[[0, 2], [2, 4], [4, 18], [18, 19]]",0.75
958,"[2, 4, 18]","[[0, 2], [2, 4], [4, 18], [18, 19]]",0.5
959,"[2, 4, 18]","[[0, 2], [2, 4], [4, 18], [18, 19]]",0.25
960,"[2, 4, 19]","[[0, 2], [2, 4], [4, 19], [19, 19]]",1.0
961,"[2, 4, 19]","[[0, 2], [2, 4], [4, 19], [19, 19]]",0.75
962,"[2, 4, 19]","[[0, 2], [2, 4], [4, 19], [19, 19]]",0.5
963,"[2, 4, 19]","[[0, 2], [2, 4], [4, 19], [19, 19]]",0.25
964,"[2, 5, 5]","[[0, 2], [2, 5], [5, 5], [5, 19]]",1.0
965,"[2, 5, 5]","[[0, 2], [2, 5], [5, 5], [5, 19]]",0.75
966,"[2, 5, 5]","[[0, 2], [2, 5], [5, 5], [5, 19]]",0.5
967,"[2, 5, 5]","[[0, 2], [2, 5], [5, 5], [5, 19]]",0.25
968,"[2, 5, 6]","[[0, 2], [2, 5], [5, 6], [6, 19]]",1.0
969,"[2, 5, 6]","[[0, 2], [2, 5], [5, 6], [6, 19]]",0.75
970,"[2, 5, 6]","[[0, 2], [2, 5], [5, 6], [6, 19]]",0.5
971,"[2, 5, 6]","[[0, 2], [2, 5], [5, 6], [6, 19]]",0.25
972,"[2, 5, 7]","[[0, 2], [2, 5], [5, 7], [7, 19]]",1.0
973,"[2, 5, 7]","[[0, 2], [2, 5], [5, 7], [7, 19]]",0.75
974,"[2, 5, 7]","[[0, 2], [2, 5], [5, 7], [7, 19]]",0.5
975,"[2, 5, 7]","[[0, 2], [2, 5], [5, 7], [7, 19]]",0.25
976,"[2, 5, 8]","[[0, 2], [2, 5], [5, 8], [8, 19]]",1.0
977,"[2, 5, 8]","[[0, 2], [2, 5], [5, 8], [8, 19]]",0.75
978,"[2, 5, 8]","[[0, 2], [2, 5], [5, 8], [8, 19]]",0.5
979,"[2, 5, 8]","[[0, 2], [2, 5], [5, 8], [8, 19]]",0.25
980,"[2, 5, 9]","[[0, 2], [2, 5], [5, 9], [9, 19]]",1.0
981,"[2, 5, 9]","[[0, 2], [2, 5], [5, 9], [9, 19]]",0.75
982,"[2, 5, 9]","[[0, 2], [2, 5], [5, 9], [9, 19]]",0.5
983,"[2, 5, 9]","[[0, 2], [2, 5], [5, 9], [9, 19]]",0.25
984,"[2, 5, 10]","[[0, 2], [2, 5], [5, 10], [10, 19]]",1.0
985,"[2, 5, 10]","[[0, 2], [2, 5], [5, 10], [10, 19]]",0.75
986,"[2, 5, 10]","[[0, 2], [2, 5], [5, 10], [10, 19]]",0.5
987,"[2, 5, 10]","[[0, 2], [2, 5], [5, 10], [10, 19]]",0.25
988,"[2, 5, 11]","[[0, 2], [2, 5], [5, 11], [11, 19]]",1.0
989,"[2, 5, 11]","[[0, 2], [2, 5], [5, 11], [11, 19]]",0.75
990,"[2, 5, 11]","[[0, 2], [2, 5], [5, 11], [11, 19]]",0.5
991,"[2, 5, 11]","[[0, 2], [2, 5], [5, 11], [11, 19]]",0.25
992,"[2, 5, 12]","[[0, 2], [2, 5], [5, 12], [12, 19]]",1.0
993,"[2, 5, 12]","[[0, 2], [2, 5], [5, 12], [12, 19]]",0.75
994,"[2, 5, 12]","[[0, 2], [2, 5], [5, 12], [12, 19]]",0.5
995,"[2, 5, 12]","[[0, 2], [2, 5], [5, 12], [12, 19]]",0.25
996,"[2, 5, 13]","[[0, 2], [2, 5], [5, 13], [13, 19]]",1.0
997,"[2, 5, 13]","[[0, 2], [2, 5], [5, 13], [13, 19]]",0.75
998,"[2, 5, 13]","[[0, 2], [2, 5], [5, 13], [13, 19]]",0.5
999,"[2, 5, 13]","[[0, 2], [2, 5], [5, 13], [13, 19]]",0.25
1000,"[2, 5, 14]","[[0, 2], [2, 5], [5, 14], [14, 19]]",1.0
1001,"[2, 5, 14]","[[0, 2], [2, 5], [5, 14], [14, 19]]",0.75
1002,"[2, 5, 14]","[[0, 2], [2, 5], [5, 14], [14, 19]]",0.5
1003,"[2, 5, 14]","[[0, 2], [2, 5], [5, 14], [14, 19]]",0.25
1004,"[2, 5, 15]","[[0, 2], [2, 5], [5, 15], [15, 19]]",1.0
1005,"[2, 5, 15]","[[0, 2], [2, 5], [5, 15], [15, 19]]",0.75
1006,"[2, 5, 15]","[[0, 2], [2, 5], [5, 15], [15, 19]]",0.5
1007,"[2, 5, 15]","[[0, 2], [2, 5], [5, 15], [15, 19]]",0.25
1008,"[2, 5, 16]","[[0, 2], [2, 5], [5, 16], [16, 19]]",1.0
1009,"[2, 5, 16]","[[0, 2], [2, 5], [5, 16], [16, 19]]",0.75
1010,"[2, 5, 16]","[[0, 2], [2, 5], [5, 16], [16, 19]]",0.5
1011,"[2, 5, 16]","[[0, 2], [2, 5], [5, 16], [16, 19]]",0.25
1012,"[2, 5, 17]","[[0, 2], [2, 5], [5, 17], [17, 19]]",1.0
1013,"[2, 5, 17]","[[0, 2], [2, 5], [5, 17], [17, 19]]",0.75
1014,"[2, 5, 17]","[[0, 2], [2, 5], [5, 17], [17, 19]]",0.5
1015,"[2, 5, 17]","[[0, 2], [2, 5], [5, 17], [17, 19]]",0.25
1016,"[2, 5, 18]","[[0, 2], [2, 5], [5, 18], [18, 19]]",1.0
1017,"[2, 5, 18]","[[0, 2], [2, 5], [5, 18], [18, 19]]",0.75
1018,"[2, 5, 18]","[[0, 2], [2, 5], [5, 18], [18, 19]]",0.5
1019,"[2, 5, 18]","[[0, 2], [2, 5], [5, 18], [18, 19]]",0.25
1020,"[2, 5, 19]","[[0, 2], [2, 5], [5, 19], [19, 19]]",1.0
1021,"[2, 5, 19]","[[0, 2], [2, 5], [5, 19], [19, 19]]",0.75
1022,"[2, 5, 19]","[[0, 2], [2, 5], [5, 19], [19, 19]]",0.5
1023,"[2, 5, 19]","[[0, 2], [2, 5], [5, 19], [19, 19]]",0.25
1024,"[2, 6, 6]","[[0, 2], [2, 6], [6, 6], [6, 19]]",1.0
1025,"[2, 6, 6]","[[0, 2], [2, 6], [6, 6], [6, 19]]",0.75
1026,"[2, 6, 6]","[[0, 2], [2, 6], [6, 6], [6, 19]]",0.5
1027,"[2, 6, 6]","[[0, 2], [2, 6], [6, 6], [6, 19]]",0.25
1028,"[2, 6, 7]","[[0, 2], [2, 6], [6, 7], [7, 19]]",1.0
1029,"[2, 6, 7]","[[0, 2], [2, 6], [6, 7], [7, 19]]",0.75
1030,"[2, 6, 7]","[[0, 2], [2, 6], [6, 7], [7, 19]]",0.5
1031,"[2, 6, 7]","[[0, 2], [2, 6], [6, 7], [7, 19]]",0.25
1032,"[2, 6, 8]","[[0, 2], [2, 6], [6, 8], [8, 19]]",1.0
1033,"[2, 6, 8]","[[0, 2], [2, 6], [6, 8], [8, 19]]",0.75
1034,"[2, 6, 8]","[[0, 2], [2, 6], [6, 8], [8, 19]]",0.5
1035,"[2, 6, 8]","[[0, 2], [2, 6], [6, 8], [8, 19]]",0.25
1036,"[2, 6, 9]","[[0, 2], [2, 6], [6, 9], [9, 19]]",1.0
1037,"[2, 6, 9]","[[0, 2], [2, 6], [6, 9], [9, 19]]",0.75
1038,"[2, 6, 9]","[[0, 2], [2, 6], [6, 9], [9, 19]]",0.5
1039,"[2, 6, 9]","[[0, 2], [2, 6], [6, 9], [9, 19]]",0.25
1040,"[2, 6, 10]","[[0, 2], [2, 6], [6, 10], [10, 19]]",1.0
1041,"[2, 6, 10]","[[0, 2], [2, 6], [6, 10], [10, 19]]",0.75
1042,"[2, 6, 10]","[[0, 2], [2, 6], [6, 10], [10, 19]]",0.5
1043,"[2, 6, 10]","[[0, 2], [2, 6], [6, 10], [10, 19]]",0.25
1044,"[2, 6, 11]","[[0, 2], [2, 6], [6, 11], [11, 19]]",1.0
1045,"[2, 6, 11]","[[0, 2], [2, 6], [6, 11], [11, 19]]",0.75
1046,"[2, 6, 11]","[[0, 2], [2, 6], [6, 11], [11, 19]]",0.5
1047,"[2, 6, 11]","[[0, 2], [2, 6], [6, 11], [11, 19]]",0.25
1048,"[2, 6, 12]","[[0, 2], [2, 6], [6, 12], [12, 19]]",1.0
1049,"[2, 6, 12]","[[0, 2], [2, 6], [6, 12], [12, 19]]",0.75
1050,"[2, 6, 12]","[[0, 2], [2, 6], [6, 12], [12, 19]]",0.5
1051,"[2, 6, 12]","[[0, 2], [2, 6], [6, 12], [12, 19]]",0.25
1052,"[2, 6, 13]","[[0, 2], [2, 6], [6, 13], [13, 19]]",1.0
1053,"[2, 6, 13]","[[0, 2], [2, 6], [6, 13], [13, 19]]",0.75
1054,"[2, 6, 13]","[[0, 2], [2, 6], [6, 13], [13, 19]]",0.5
1055,"[2, 6, 13]","[[0, 2], [2, 6], [6, 13], [13, 19]]",0.25
1056,"[2, 6, 14]","[[0, 2], [2, 6], [6, 14], [14, 19]]",1.0
1057,"[2, 6, 14]","[[0, 2], [2, 6], [6, 14], [14, 19]]",0.75
1058,"[2, 6, 14]","[[0, 2], [2, 6], [6, 14], [14, 19]]",0.5
1059,"[2, 6, 14]","[[0, 2], [2, 6], [6, 14], [14, 19]]",0.25
1060,"[2, 6, 15]","[[0, 2], [2, 6], [6, 15], [15, 19]]",1.0
1061,"[2, 6, 15]","[[0, 2], [2, 6], [6, 15], [15, 19]]",0.75
1062,"[2, 6, 15]","[[0, 2], [2, 6], [6, 15], [15, 19]]",0.5
1063,"[2, 6, 15]","[[0, 2], [2, 6], [6, 15], [15, 19]]",0.25
1064,"[2, 6, 16]","[[0, 2], [2, 6], [6, 16], [16, 19]]",1.0
1065,"[2, 6, 16]","[[0, 2], [2, 6], [6, 16], [16, 19]]",0.75
1066,"[2, 6, 16]","[[0, 2], [2, 6], [6, 16], [16, 19]]",0.5
1067,"[2, 6, 16]","[[0, 2], [2, 6], [6, 16], [16, 19]]",0.25
1068,"[2, 6, 17]","[[0, 2], [2, 6], [6, 17], [17, 19]]",1.0
1069,"[2, 6, 17]","[[0, 2], [2, 6], [6, 17], [17, 19]]",0.75
1070,"[2, 6, 17]","[[0, 2], [2, 6], [6, 17], [17, 19]]",0.5
1071,"[2, 6, 17]","[[0, 2], [2, 6], [6, 17], [17, 19]]",0.25
1072,"[2, 6, 18]","[[0, 2], [2, 6], [6, 18], [18, 19]]",1.0
1073,"[2, 6, 18]","[[0, 2], [2, 6], [6, 18], [18, 19]]",0.75
1074,"[2, 6, 18]","[[0, 2], [2, 6], [6, 18], [18, 19]]",0.5
1075,"[2, 6, 18]","[[0, 2], [2, 6], [6, 18], [18, 19]]",0.25
1076,"[2, 6, 19]","[[0, 2], [2, 6], [6, 19], [19, 19]]",1.0
1077,"[2, 6, 19]","[[0, 2], [2, 6], [6, 19], [19, 19]]",0.75
1078,"[2, 6, 19]","[[0, 2], [2, 6], [6, 19], [19, 19]]",0.5
1079,"[2, 6, 19]","[[0, 2], [2, 6], [6, 19], [19, 19]]",0.25
1080,"[2, 7, 7]","[[0, 2], [2, 7], [7, 7], [7, 19]]",1.0
1081,"[2, 7, 7]","[[0, 2], [2, 7], [7, 7], [7, 19]]",0.75
1082,"[2, 7, 7]","[[0, 2], [2, 7], [7, 7], [7, 19]]",0.5
1083,"[2, 7, 7]","[[0, 2], [2, 7], [7, 7], [7, 19]]",0.25
1084,"[2, 7, 8]","[[0, 2], [2, 7], [7, 8], [8, 19]]",1.0
1085,"[2, 7, 8]","[[0, 2], [2, 7], [7, 8], [8, 19]]",0.75
1086,"[2, 7, 8]","[[0, 2], [2, 7], [7, 8], [8, 19]]",0.5
1087,"[2, 7, 8]","[[0, 2], [2, 7], [7, 8], [8, 19]]",0.25
1088,"[2, 7, 9]","[[0, 2], [2, 7], [7, 9], [9, 19]]",1.0
1089,"[2, 7, 9]","[[0, 2], [2, 7], [7, 9], [9, 19]]",0.75
1090,"[2, 7, 9]","[[0, 2], [2, 7], [7, 9], [9, 19]]",0.5
1091,"[2, 7, 9]","[[0, 2], [2, 7], [7, 9], [9, 19]]",0.25
1092,"[2, 7, 10]","[[0, 2], [2, 7], [7, 10], [10, 19]]",1.0
1093,"[2, 7, 10]","[[0, 2], [2, 7], [7, 10], [10, 19]]",0.75
1094,"[2, 7, 10]","[[0, 2], [2, 7], [7, 10], [10, 19]]",0.5
1095,"[2, 7, 10]","[[0, 2], [2, 7], [7, 10], [10, 19]]",0.25
1096,"[2, 7, 11]","[[0, 2], [2, 7], [7, 11], [11, 19]]",1.0
1097,"[2, 7, 11]","[[0, 2], [2, 7], [7, 11], [11, 19]]",0.75
1098,"[2, 7, 11]","[[0, 2], [2, 7], [7, 11], [11, 19]]",0.5
1099,"[2, 7, 11]","[[0, 2], [2, 7], [7, 11], [11, 19]]",0.25
1100,"[2, 7, 12]","[[0, 2], [2, 7], [7, 12], [12, 19]]",1.0
1101,"[2, 7, 12]","[[0, 2], [2, 7], [7, 12], [12, 19]]",0.75
1102,"[2, 7, 12]","[[0, 2], [2, 7], [7, 12], [12, 19]]",0.5
1103,"[2, 7, 12]","[[0, 2], [2, 7], [7, 12], [12, 19]]",0.25
1104,"[2, 7, 13]","[[0, 2], [2, 7], [7, 13], [13, 19]]",1.0
1105,"[2, 7, 13]","[[0, 2], [2, 7], [7, 13], [13, 19]]",0.75
1106,"[2, 7, 13]","[[0, 2], [2, 7], [7, 13], [13, 19]]",0.5
1107,"[2, 7, 13]","[[0, 2], [2, 7], [7, 13], [13, 19]]",0.25
1108,"[2, 7, 14]","[[0, 2], [2, 7], [7, 14], [14, 19]]",1.0
1109,"[2, 7, 14]","[[0, 2], [2, 7], [7, 14], [14, 19]]",0.75
1110,"[2, 7, 14]","[[0, 2], [2, 7], [7, 14], [14, 19]]",0.5
1111,"[2, 7, 14]","[[0, 2], [2, 7], [7, 14], [14, 19]]",0.25
1112,"[2, 7, 15]","[[0, 2], [2, 7], [7, 15], [15, 19]]",1.0
1113,"[2, 7, 15]","[[0, 2], [2, 7], [7, 15], [15, 19]]",0.75
1114,"[2, 7, 15]","[[0, 2], [2, 7], [7, 15], [15, 19]]",0.5
1115,"[2, 7, 15]","[[0, 2], [2, 7], [7, 15], [15, 19]]",0.25
1116,"[2, 7, 16]","[[0, 2], [2, 7], [7, 16], [16, 19]]",1.0
1117,"[2, 7, 16]","[[0, 2], [2, 7], [7, 16], [16, 19]]",0.75
1118,"[2, 7, 16]","[[0, 2], [2, 7], [7, 16], [16, 19]]",0.5
1119,"[2, 7, 16]","[[0, 2], [2, 7], [7, 16], [16, 19]]",0.25
1120,"[2, 7, 17]","[[0, 2], [2, 7], [7, 17], [17, 19]]",1.0
1121,"[2, 7, 17]","[[0, 2], [2, 7], [7, 17], [17, 19]]",0.75
1122,"[2, 7, 17]","[[0, 2], [2, 7], [7, 17], [17, 19]]",0.5
1123,"[2, 7, 17]","[[0, 2], [2, 7], [7, 17], [17, 19]]",0.25
1124,"[2, 7, 18]","[[0, 2], [2, 7], [7, 18], [18, 19]]",1.0
1125,"[2, 7, 18]","[[0, 2], [2, 7], [7, 18], [18, 19]]",0.75
1126,"[2, 7, 18]","[[0, 2], [2, 7], [7, 18], [18, 19]]",0.5
1127,"[2, 7, 18]","[[0, 2], [2, 7], [7, 18], [18, 19]]",0.25
1128,"[2, 7, 19]","[[0, 2], [2, 7], [7, 19], [19, 19]]",1.0
1129,"[2, 7, 19]","[[0, 2], [2, 7], [7, 19], [19, 19]]",0.75
1130,"[2, 7, 19]","[[0, 2], [2, 7], [7, 19], [19, 19]]",0.5
1131,"[2, 7, 19]","[[0, 2], [2, 7], [7, 19], [19, 19]]",0.25
1132,"[2, 8, 8]","[[0, 2], [2, 8], [8, 8], [8, 19]]",1.0
1133,"[2, 8, 8]","[[0, 2], [2, 8], [8, 8], [8, 19]]",0.75
1134,"[2, 8, 8]","[[0, 2], [2, 8], [8, 8], [8, 19]]",0.5
1135,"[2, 8, 8]","[[0, 2], [2, 8], [8, 8], [8, 19]]",0.25
1136,"[2, 8, 9]","[[0, 2], [2, 8], [8, 9], [9, 19]]",1.0
1137,"[2, 8, 9]","[[0, 2], [2, 8], [8, 9], [9, 19]]",0.75
1138,"[2, 8, 9]","[[0, 2], [2, 8], [8, 9], [9, 19]]",0.5
1139,"[2, 8, 9]","[[0, 2], [2, 8], [8, 9], [9, 19]]",0.25
1140,"[2, 8, 10]","[[0, 2], [2, 8], [8, 10], [10, 19]]",1.0
1141,"[2, 8, 10]","[[0, 2], [2, 8], [8, 10], [10, 19]]",0.75
1142,"[2, 8, 10]","[[0, 2], [2, 8], [8, 10], [10, 19]]",0.5
1143,"[2, 8, 10]","[[0, 2], [2, 8], [8, 10], [10, 19]]",0.25
1144,"[2, 8, 11]","[[0, 2], [2, 8], [8, 11], [11, 19]]",1.0
1145,"[2, 8, 11]","[[0, 2], [2, 8], [8, 11], [11, 19]]",0.75
1146,"[2, 8, 11]","[[0, 2], [2, 8], [8, 11], [11, 19]]",0.5
1147,"[2, 8, 11]","[[0, 2], [2, 8], [8, 11], [11, 19]]",0.25
1148,"[2, 8, 12]","[[0, 2], [2, 8], [8, 12], [12, 19]]",1.0
1149,"[2, 8, 12]","[[0, 2], [2, 8], [8, 12], [12, 19]]",0.75
1150,"[2, 8, 12]","[[0, 2], [2, 8], [8, 12], [12, 19]]",0.5
1151,"[2, 8, 12]","[[0, 2], [2, 8], [8, 12], [12, 19]]",0.25
1152,"[2, 8, 13]","[[0, 2], [2, 8], [8, 13], [13, 19]]",1.0
1153,"[2, 8, 13]","[[0, 2], [2, 8], [8, 13], [13, 19]]",0.75
1154,"[2, 8, 13]","[[0, 2], [2, 8], [8, 13], [13, 19]]",0.5
1155,"[2, 8, 13]","[[0, 2], [2, 8], [8, 13], [13, 19]]",0.25
1156,"[2, 8, 14]","[[0, 2], [2, 8], [8, 14], [14, 19]]",1.0
1157,"[2, 8, 14]","[[0, 2], [2, 8], [8, 14], [14, 19]]",0.75
1158,"[2, 8, 14]","[[0, 2], [2, 8], [8, 14], [14, 19]]",0.5
1159,"[2, 8, 14]","[[0, 2], [2, 8], [8, 14], [14, 19]]",0.25
1160,"[2, 8, 15]","[[0, 2], [2, 8], [8, 15], [15, 19]]",1.0
1161,"[2, 8, 15]","[[0, 2], [2, 8], [8, 15], [15, 19]]",0.75
1162,"[2, 8, 15]","[[0, 2], [2, 8], [8, 15], [15, 19]]",0.5
1163,"[2, 8, 15]","[[0, 2], [2, 8], [8, 15], [15, 19]]",0.25
1164,"[2, 8, 16]","[[0, 2], [2, 8], [8, 16], [16, 19]]",1.0
1165,"[2, 8, 16]","[[0, 2], [2, 8], [8, 16], [16, 19]]",0.75
1166,"[2, 8, 16]","[[0, 2], [2, 8], [8, 16], [16, 19]]",0.5
1167,"[2, 8, 16]","[[0, 2], [2, 8], [8, 16], [16, 19]]",0.25
1168,"[2, 8, 17]","[[0, 2], [2, 8], [8, 17], [17, 19]]",1.0
1169,"[2, 8, 17]","[[0, 2], [2, 8], [8, 17], [17, 19]]",0.75
1170,"[2, 8, 17]","[[0, 2], [2, 8], [8, 17], [17, 19]]",0.5
1171,"[2, 8, 17]","[[0, 2], [2, 8], [8, 17], [17, 19]]",0.25
1172,"[2, 8, 18]","[[0, 2], [2, 8], [8, 18], [18, 19]]",1.0
1173,"[2, 8, 18]","[[0, 2], [2, 8], [8, 18], [18, 19]]",0.75
1174,"[2, 8, 18]","[[0, 2], [2, 8], [8, 18], [18, 19]]",0.5
1175,"[2, 8, 18]","[[0, 2], [2, 8], [8, 18], [18, 19]]",0.25
1176,"[2, 8, 19]","[[0, 2], [2, 8], [8, 19], [19, 19]]",1.0
1177,"[2, 8, 19]","[[0, 2], [2, 8], [8, 19], [19, 19]]",0.75
1178,"[2, 8, 19]","[[0, 2], [2, 8], [8, 19], [19, 19]]",0.5
1179,"[2, 8, 19]","[[0, 2], [2, 8], [8, 19], [19, 19]]",0.25
1180,"[2, 9, 9]","[[0, 2], [2, 9], [9, 9], [9, 19]]",1.0
1181,"[2, 9, 9]","[[0, 2], [2, 9], [9, 9], [9, 19]]",0.75
1182,"[2, 9, 9]","[[0, 2], [2, 9], [9, 9], [9, 19]]",0.5
1183,"[2, 9, 9]","[[0, 2], [2, 9], [9, 9], [9, 19]]",0.25
1184,"[2, 9, 10]","[[0, 2], [2, 9], [9, 10], [10, 19]]",1.0
1185,"[2, 9, 10]","[[0, 2], [2, 9], [9, 10], [10, 19]]",0.75
1186,"[2, 9, 10]","[[0, 2], [2, 9], [9, 10], [10, 19]]",0.5
1187,"[2, 9, 10]","[[0, 2], [2, 9], [9, 10], [10, 19]]",0.25
1188,"[2, 9, 11]","[[0, 2], [2, 9], [9, 11], [11, 19]]",1.0
1189,"[2, 9, 11]","[[0, 2], [2, 9], [9, 11], [11, 19]]",0.75
1190,"[2, 9, 11]","[[0, 2], [2, 9], [9, 11], [11, 19]]",0.5
1191,"[2, 9, 11]","[[0, 2], [2, 9], [9, 11], [11, 19]]",0.25
1192,"[2, 9, 12]","[[0, 2], [2, 9], [9, 12], [12, 19]]",1.0
1193,"[2, 9, 12]","[[0, 2], [2, 9], [9, 12], [12, 19]]",0.75
1194,"[2, 9, 12]","[[0, 2], [2, 9], [9, 12], [12, 19]]",0.5
1195,"[2, 9, 12]","[[0, 2], [2, 9], [9, 12], [12, 19]]",0.25
1196,"[2, 9, 13]","[[0, 2], [2, 9], [9, 13], [13, 19]]",1.0
1197,"[2, 9, 13]","[[0, 2], [2, 9], [9, 13], [13, 19]]",0.75
1198,"[2, 9, 13]","[[0, 2], [2, 9], [9, 13], [13, 19]]",0.5
1199,"[2, 9, 13]","[[0, 2], [2, 9], [9, 13], [13, 19]]",0.25
1200,"[2, 9, 14]","[[0, 2], [2, 9], [9, 14], [14, 19]]",1.0
1201,"[2, 9, 14]","[[0, 2], [2, 9], [9, 14], [14, 19]]",0.75
1202,"[2, 9, 14]","[[0, 2], [2, 9], [9, 14], [14, 19]]",0.5
1203,"[2, 9, 14]","[[0, 2], [2, 9], [9, 14], [14, 19]]",0.25
1204,"[2, 9, 15]","[[0, 2], [2, 9], [9, 15], [15, 19]]",1.0
1205,"[2, 9, 15]","[[0, 2], [2, 9], [9, 15], [15, 19]]",0.75
1206,"[2, 9, 15]","[[0, 2], [2, 9], [9, 15], [15, 19]]",0.5
1207,"[2, 9, 15]","[[0, 2], [2, 9], [9, 15], [15, 19]]",0.25
1208,"[2, 9, 16]","[[0, 2], [2, 9], [9, 16], [16, 19]]",1.0
1209,"[2, 9, 16]","[[0, 2], [2, 9], [9, 16], [16, 19]]",0.75
1210,"[2, 9, 16]","[[0, 2], [2, 9], [9, 16], [16, 19]]",0.5
1211,"[2, 9, 16]","[[0, 2], [2, 9], [9, 16], [16, 19]]",0.25
1212,"[2, 9, 17]","[[0, 2], [2, 9], [9, 17], [17, 19]]",1.0
1213,"[2, 9, 17]","[[0, 2], [2, 9], [9, 17], [17, 19]]",0.75
1214,"[2, 9, 17]","[[0, 2], [2, 9], [9, 17], [17, 19]]",0.5
1215,"[2, 9, 17]","[[0, 2], [2, 9], [9, 17], [17, 19]]",0.25
1216,"[2, 9, 18]","[[0, 2], [2, 9], [9, 18], [18, 19]]",1.0
1217,"[2, 9, 18]","[[0, 2], [2, 9], [9, 18], [18, 19]]",0.75
1218,"[2, 9, 18]","[[0, 2], [2, 9], [9, 18], [18, 19]]",0.5
1219,"[2, 9, 18]","[[0, 2], [2, 9], [9, 18], [18, 19]]",0.25
1220,"[2, 9, 19]","[[0, 2], [2, 9], [9, 19], [19, 19]]",1.0
1221,"[2, 9, 19]","[[0, 2], [2, 9], [9, 19], [19, 19]]",0.75
1222,"[2, 9, 19]","[[0, 2], [2, 9], [9, 19], [19, 19]]",0.5
1223,"[2, 9, 19]","[[0, 2], [2, 9], [9, 19], [19, 19]]",0.25
1224,"[2, 10, 10]","[[0, 2], [2, 10], [10, 10], [10, 19]]",1.0
1225,"[2, 10, 10]","[[0, 2], [2, 10], [10, 10], [10, 19]]",0.75
1226,"[2, 10, 10]","[[0, 2], [2, 10], [10, 10], [10, 19]]",0.5
1227,"[2, 10, 10]","[[0, 2], [2, 10], [10, 10], [10, 19]]",0.25
1228,"[2, 10, 11]","[[0, 2], [2, 10], [10, 11], [11, 19]]",1.0
1229,"[2, 10, 11]","[[0, 2], [2, 10], [10, 11], [11, 19]]",0.75
1230,"[2, 10, 11]","[[0, 2], [2, 10], [10, 11], [11, 19]]",0.5
1231,"[2, 10, 11]","[[0, 2], [2, 10], [10, 11], [11, 19]]",0.25
1232,"[2, 10, 12]","[[0, 2], [2, 10], [10, 12], [12, 19]]",1.0
1233,"[2, 10, 12]","[[0, 2], [2, 10], [10, 12], [12, 19]]",0.75
1234,"[2, 10, 12]","[[0, 2], [2, 10], [10, 12], [12, 19]]",0.5
1235,"[2, 10, 12]","[[0, 2], [2, 10], [10, 12], [12, 19]]",0.25
1236,"[2, 10, 13]","[[0, 2], [2, 10], [10, 13], [13, 19]]",1.0
1237,"[2, 10, 13]","[[0, 2], [2, 10], [10, 13], [13, 19]]",0.75
1238,"[2, 10, 13]","[[0, 2], [2, 10], [10, 13], [13, 19]]",0.5
1239,"[2, 10, 13]","[[0, 2], [2, 10], [10, 13], [13, 19]]",0.25
1240,"[2, 10, 14]","[[0, 2], [2, 10], [10, 14], [14, 19]]",1.0
1241,"[2, 10, 14]","[[0, 2], [2, 10], [10, 14], [14, 19]]",0.75
1242,"[2, 10, 14]","[[0, 2], [2, 10], [10, 14], [14, 19]]",0.5
1243,"[2, 10, 14]","[[0, 2], [2, 10], [10, 14], [14, 19]]",0.25
1244,"[2, 10, 15]","[[0, 2], [2, 10], [10, 15], [15, 19]]",1.0
1245,"[2, 10, 15]","[[0, 2], [2, 10], [10, 15], [15, 19]]",0.75
1246,"[2, 10, 15]","[[0, 2], [2, 10], [10, 15], [15, 19]]",0.5
1247,"[2, 10, 15]","[[0, 2], [2, 10], [10, 15], [15, 19]]",0.25
1248,"[2, 10, 16]","[[0, 2], [2, 10], [10, 16], [16, 19]]",1.0
1249,"[2, 10, 16]","[[0, 2], [2, 10], [10, 16], [16, 19]]",0.75
1250,"[2, 10, 16]","[[0, 2], [2, 10], [10, 16], [16, 19]]",0.5
1251,"[2, 10, 16]","[[0, 2], [2, 10], [10, 16], [16, 19]]",0.25
1252,"[2, 10, 17]","[[0, 2], [2, 10], [10, 17], [17, 19]]",1.0
1253,"[2, 10, 17]","[[0, 2], [2, 10], [10, 17], [17, 19]]",0.75
1254,"[2, 10, 17]","[[0, 2], [2, 10], [10, 17], [17, 19]]",0.5
1255,"[2, 10, 17]","[[0, 2], [2, 10], [10, 17], [17, 19]]",0.25
1256,"[2, 10, 18]","[[0, 2], [2, 10], [10, 18], [18, 19]]",1.0
1257,"[2, 10, 18]","[[0, 2], [2, 10], [10, 18], [18, 19]]",0.75
1258,"[2, 10, 18]","[[0, 2], [2, 10], [10, 18], [18, 19]]",0.5
1259,"[2, 10, 18]","[[0, 2], [2, 10], [10, 18], [18, 19]]",0.25
1260,"[2, 10, 19]","[[0, 2], [2, 10], [10, 19], [19, 19]]",1.0
1261,"[2, 10, 19]","[[0, 2], [2, 10], [10, 19], [19, 19]]",0.75
1262,"[2, 10, 19]","[[0, 2], [2, 10], [10, 19], [19, 19]]",0.5
1263,"[2, 10, 19]","[[0, 2], [2, 10], [10, 19], [19, 19]]",0.25
1264,"[2, 11, 11]","[[0, 2], [2, 11], [11, 11], [11, 19]]",1.0
1265,"[2, 11, 11]","[[0, 2], [2, 11], [11, 11], [11, 19]]",0.75
1266,"[2, 11, 11]","[[0, 2], [2, 11], [11, 11], [11, 19]]",0.5
1267,"[2, 11, 11]","[[0, 2], [2, 11], [11, 11], [11, 19]]",0.25
1268,"[2, 11, 12]","[[0, 2], [2, 11], [11, 12], [12, 19]]",1.0
1269,"[2, 11, 12]","[[0, 2], [2, 11], [11, 12], [12, 19]]",0.75
1270,"[2, 11, 12]","[[0, 2], [2, 11], [11, 12], [12, 19]]",0.5
1271,"[2, 11, 12]","[[0, 2], [2, 11], [11, 12], [12, 19]]",0.25
1272,"[2, 11, 13]","[[0, 2], [2, 11], [11, 13], [13, 19]]",1.0
1273,"[2, 11, 13]","[[0, 2], [2, 11], [11, 13], [13, 19]]",0.75
1274,"[2, 11, 13]","[[0, 2], [2, 11], [11, 13], [13, 19]]",0.5
1275,"[2, 11, 13]","[[0, 2], [2, 11], [11, 13], [13, 19]]",0.25
1276,"[2, 11, 14]","[[0, 2], [2, 11], [11, 14], [14, 19]]",1.0
1277,"[2, 11, 14]","[[0, 2], [2, 11], [11, 14], [14, 19]]",0.75
1278,"[2, 11, 14]","[[0, 2], [2, 11], [11, 14], [14, 19]]",0.5
1279,"[2, 11, 14]","[[0, 2], [2, 11], [11, 14], [14, 19]]",0.25
1280,"[2, 11, 15]","[[0, 2], [2, 11], [11, 15], [15, 19]]",1.0
1281,"[2, 11, 15]","[[0, 2], [2, 11], [11, 15], [15, 19]]",0.75
1282,"[2, 11, 15]","[[0, 2], [2, 11], [11, 15], [15, 19]]",0.5
1283,"[2, 11, 15]","[[0, 2], [2, 11], [11, 15], [15, 19]]",0.25
1284,"[2, 11, 16]","[[0, 2], [2, 11], [11, 16], [16, 19]]",1.0
1285,"[2, 11, 16]","[[0, 2], [2, 11], [11, 16], [16, 19]]",0.75
1286,"[2, 11, 16]","[[0, 2], [2, 11], [11, 16], [16, 19]]",0.5
1287,"[2, 11, 16]","[[0, 2], [2, 11], [11, 16], [16, 19]]",0.25
1288,"[2, 11, 17]","[[0, 2], [2, 11], [11, 17], [17, 19]]",1.0
1289,"[2, 11, 17]","[[0, 2], [2, 11], [11, 17], [17, 19]]",0.75
1290,"[2, 11, 17]","[[0, 2], [2, 11], [11, 17], [17, 19]]",0.5
1291,"[2, 11, 17]","[[0, 2], [2, 11], [11, 17], [17, 19]]",0.25
1292,"[2, 11, 18]","[[0, 2], [2, 11], [11, 18], [18, 19]]",1.0
1293,"[2, 11, 18]","[[0, 2], [2, 11], [11, 18], [18, 19]]",0.75
1294,"[2, 11, 18]","[[0, 2], [2, 11], [11, 18], [18, 19]]",0.5
1295,"[2, 11, 18]","[[0, 2], [2, 11], [11, 18], [18, 19]]",0.25
1296,"[2, 11, 19]","[[0, 2], [2, 11], [11, 19], [19, 19]]",1.0
1297,"[2, 11, 19]","[[0, 2], [2, 11], [11, 19], [19, 19]]",0.75
1298,"[2, 11, 19]","[[0, 2], [2, 11], [11, 19], [19, 19]]",0.5
1299,"[2, 11, 19]","[[0, 2], [2, 11], [11, 19], [19, 19]]",0.25
1300,"[2, 12, 12]","[[0, 2], [2, 12], [12, 12], [12, 19]]",1.0
1301,"[2, 12, 12]","[[0, 2], [2, 12], [12, 12], [12, 19]]",0.75
1302,"[2, 12, 12]","[[0, 2], [2, 12], [12, 12], [12, 19]]",0.5
1303,"[2, 12, 12]","[[0, 2], [2, 12], [12, 12], [12, 19]]",0.25
1304,"[2, 12, 13]","[[0, 2], [2, 12], [12, 13], [13, 19]]",1.0
1305,"[2, 12, 13]","[[0, 2], [2, 12], [12, 13], [13, 19]]",0.75
1306,"[2, 12, 13]","[[0, 2], [2, 12], [12, 13], [13, 19]]",0.5
1307,"[2, 12, 13]","[[0, 2], [2, 12], [12, 13], [13, 19]]",0.25
1308,"[2, 12, 14]","[[0, 2], [2, 12], [12, 14], [14, 19]]",1.0
1309,"[2, 12, 14]","[[0, 2], [2, 12], [12, 14], [14, 19]]",0.75
1310,"[2, 12, 14]","[[0, 2], [2, 12], [12, 14], [14, 19]]",0.5
1311,"[2, 12, 14]","[[0, 2], [2, 12], [12, 14], [14, 19]]",0.25
1312,"[2, 12, 15]","[[0, 2], [2, 12], [12, 15], [15, 19]]",1.0
1313,"[2, 12, 15]","[[0, 2], [2, 12], [12, 15], [15, 19]]",0.75
1314,"[2, 12, 15]","[[0, 2], [2, 12], [12, 15], [15, 19]]",0.5
1315,"[2, 12, 15]","[[0, 2], [2, 12], [12, 15], [15, 19]]",0.25
1316,"[2, 12, 16]","[[0, 2], [2, 12], [12, 16], [16, 19]]",1.0
1317,"[2, 12, 16]","[[0, 2], [2, 12], [12, 16], [16, 19]]",0.75
1318,"[2, 12, 16]","[[0, 2], [2, 12], [12, 16], [16, 19]]",0.5
1319,"[2, 12, 16]","[[0, 2], [2, 12], [12, 16], [16, 19]]",0.25
1320,"[2, 12, 17]","[[0, 2], [2, 12], [12, 17], [17, 19]]",1.0
1321,"[2, 12, 17]","[[0, 2], [2, 12], [12, 17], [17, 19]]",0.75
1322,"[2, 12, 17]","[[0, 2], [2, 12], [12, 17], [17, 19]]",0.5
1323,"[2, 12, 17]","[[0, 2], [2, 12], [12, 17], [17, 19]]",0.25
1324,"[2, 12, 18]","[[0, 2], [2, 12], [12, 18], [18, 19]]",1.0
1325,"[2, 12, 18]","[[0, 2], [2, 12], [12, 18], [18, 19]]",0.75
1326,"[2, 12, 18]","[[0, 2], [2, 12], [12, 18], [18, 19]]",0.5
1327,"[2, 12, 18]","[[0, 2], [2, 12], [12, 18], [18, 19]]",0.25
1328,"[2, 12, 19]","[[0, 2], [2, 12], [12, 19], [19, 19]]",1.0
1329,"[2, 12, 19]","[[0, 2], [2, 12], [12, 19], [19, 19]]",0.75
1330,"[2, 12, 19]","[[0, 2], [2, 12], [12, 19], [19, 19]]",0.5
1331,"[2, 12, 19]","[[0, 2], [2, 12], [12, 19], [19, 19]]",0.25
1332,"[2, 13, 13]","[[0, 2], [2, 13], [13, 13], [13, 19]]",1.0
1333,"[2, 13, 13]","[[0, 2], [2, 13], [13, 13], [13, 19]]",0.75
1334,"[2, 13, 13]","[[0, 2], [2, 13], [13, 13], [13, 19]]",0.5
1335,"[2, 13, 13]","[[0, 2], [2, 13], [13, 13], [13, 19]]",0.25
1336,"[2, 13, 14]","[[0, 2], [2, 13], [13, 14], [14, 19]]",1.0
1337,"[2, 13, 14]","[[0, 2], [2, 13], [13, 14], [14, 19]]",0.75
1338,"[2, 13, 14]","[[0, 2], [2, 13], [13, 14], [14, 19]]",0.5
1339,"[2, 13, 14]","[[0, 2], [2, 13], [13, 14], [14, 19]]",0.25
1340,"[2, 13, 15]","[[0, 2], [2, 13], [13, 15], [15, 19]]",1.0
1341,"[2, 13, 15]","[[0, 2], [2, 13], [13, 15], [15, 19]]",0.75
1342,"[2, 13, 15]","[[0, 2], [2, 13], [13, 15], [15, 19]]",0.5
1343,"[2, 13, 15]","[[0, 2], [2, 13], [13, 15], [15, 19]]",0.25
1344,"[2, 13, 16]","[[0, 2], [2, 13], [13, 16], [16, 19]]",1.0
1345,"[2, 13, 16]","[[0, 2], [2, 13], [13, 16], [16, 19]]",0.75
1346,"[2, 13, 16]","[[0, 2], [2, 13], [13, 16], [16, 19]]",0.5
1347,"[2, 13, 16]","[[0, 2], [2, 13], [13, 16], [16, 19]]",0.25
1348,"[2, 13, 17]","[[0, 2], [2, 13], [13, 17], [17, 19]]",1.0
1349,"[2, 13, 17]","[[0, 2], [2, 13], [13, 17], [17, 19]]",0.75
1350,"[2, 13, 17]","[[0, 2], [2, 13], [13, 17], [17, 19]]",0.5
1351,"[2, 13, 17]","[[0, 2], [2, 13], [13, 17], [17, 19]]",0.25
1352,"[2, 13, 18]","[[0, 2], [2, 13], [13, 18], [18, 19]]",1.0
1353,"[2, 13, 18]","[[0, 2], [2, 13], [13, 18], [18, 19]]",0.75
1354,"[2, 13, 18]","[[0, 2], [2, 13], [13, 18], [18, 19]]",0.5
1355,"[2, 13, 18]","[[0, 2], [2, 13], [13, 18], [18, 19]]",0.25
1356,"[2, 13, 19]","[[0, 2], [2, 13], [13, 19], [19, 19]]",1.0
1357,"[2, 13, 19]","[[0, 2], [2, 13], [13, 19], [19, 19]]",0.75
1358,"[2, 13, 19]","[[0, 2], [2, 13], [13, 19], [19, 19]]",0.5
1359,"[2, 13, 19]","[[0, 2], [2, 13], [13, 19], [19, 19]]",0.25
1360,"[2, 14, 14]","[[0, 2], [2, 14], [14, 14], [14, 19]]",1.0
1361,"[2, 14, 14]","[[0, 2], [2, 14], [14, 14], [14, 19]]",0.75
1362,"[2, 14, 14]","[[0, 2], [2, 14], [14, 14], [14, 19]]",0.5
1363,"[2, 14, 14]","[[0, 2], [2, 14], [14, 14], [14, 19]]",0.25
1364,"[2, 14, 15]","[[0, 2], [2, 14], [14, 15], [15, 19]]",1.0
1365,"[2, 14, 15]","[[0, 2], [2, 14], [14, 15], [15, 19]]",0.75
1366,"[2, 14, 15]","[[0, 2], [2, 14], [14, 15], [15, 19]]",0.5
1367,"[2, 14, 15]","[[0, 2], [2, 14], [14, 15], [15, 19]]",0.25
1368,"[2, 14, 16]","[[0, 2], [2, 14], [14, 16], [16, 19]]",1.0
1369,"[2, 14, 16]","[[0, 2], [2, 14], [14, 16], [16, 19]]",0.75
1370,"[2, 14, 16]","[[0, 2], [2, 14], [14, 16], [16, 19]]",0.5
1371,"[2, 14, 16]","[[0, 2], [2, 14], [14, 16], [16, 19]]",0.25
1372,"[2, 14, 17]","[[0, 2], [2, 14], [14, 17], [17, 19]]",1.0
1373,"[2, 14, 17]","[[0, 2], [2, 14], [14, 17], [17, 19]]",0.75
1374,"[2, 14, 17]","[[0, 2], [2, 14], [14, 17], [17, 19]]",0.5
1375,"[2, 14, 17]","[[0, 2], [2, 14], [14, 17], [17, 19]]",0.25
1376,"[2, 14, 18]","[[0, 2], [2, 14], [14, 18], [18, 19]]",1.0
1377,"[2, 14, 18]","[[0, 2], [2, 14], [14, 18], [18, 19]]",0.75
1378,"[2, 14, 18]","[[0, 2], [2, 14], [14, 18], [18, 19]]",0.5
1379,"[2, 14, 18]","[[0, 2], [2, 14], [14, 18], [18, 19]]",0.25
1380,"[2, 14, 19]","[[0, 2], [2, 14], [14, 19], [19, 19]]",1.0
1381,"[2, 14, 19]","[[0, 2], [2, 14], [14, 19], [19, 19]]",0.75
1382,"[2, 14, 19]","[[0, 2], [2, 14], [14, 19], [19, 19]]",0.5
1383,"[2, 14, 19]","[[0, 2], [2, 14], [14, 19], [19, 19]]",0.25
1384,"[2, 15, 15]","[[0, 2], [2, 15], [15, 15], [15, 19]]",1.0
1385,"[2, 15, 15]","[[0, 2], [2, 15], [15, 15], [15, 19]]",0.75
1386,"[2, 15, 15]","[[0, 2], [2, 15], [15, 15], [15, 19]]",0.5
1387,"[2, 15, 15]","[[0, 2], [2, 15], [15, 15], [15, 19]]",0.25
1388,"[2, 15, 16]","[[0, 2], [2, 15], [15, 16], [16, 19]]",1.0
1389,"[2, 15, 16]","[[0, 2], [2, 15], [15, 16], [16, 19]]",0.75
1390,"[2, 15, 16]","[[0, 2], [2, 15], [15, 16], [16, 19]]",0.5
1391,"[2, 15, 16]","[[0, 2], [2, 15], [15, 16], [16, 19]]",0.25
1392,"[2, 15, 17]","[[0, 2], [2, 15], [15, 17], [17, 19]]",1.0
1393,"[2, 15, 17]","[[0, 2], [2, 15], [15, 17], [17, 19]]",0.75
1394,"[2, 15, 17]","[[0, 2], [2, 15], [15, 17], [17, 19]]",0.5
1395,"[2, 15, 17]","[[0, 2], [2, 15], [15, 17], [17, 19]]",0.25
1396,"[2, 15, 18]","[[0, 2], [2, 15], [15, 18], [18, 19]]",1.0
1397,"[2, 15, 18]","[[0, 2], [2, 15], [15, 18], [18, 19]]",0.75
1398,"[2, 15, 18]","[[0, 2], [2, 15], [15, 18], [18, 19]]",0.5
1399,"[2, 15, 18]","[[0, 2], [2, 15], [15, 18], [18, 19]]",0.25
1400,"[2, 15, 19]","[[0, 2], [2, 15], [15, 19], [19, 19]]",1.0
1401,"[2, 15, 19]","[[0, 2], [2, 15], [15, 19], [19, 19]]",0.75
1402,"[2, 15, 19]","[[0, 2], [2, 15], [15, 19], [19, 19]]",0.5
1403,"[2, 15, 19]","[[0, 2], [2, 15], [15, 19], [19, 19]]",0.25
1404,"[2, 16, 16]","[[0, 2], [2, 16], [16, 16], [16, 19]]",1.0
1405,"[2, 16, 16]","[[0, 2], [2, 16], [16, 16], [16, 19]]",0.75
1406,"[2, 16, 16]","[[0, 2], [2, 16], [16, 16], [16, 19]]",0.5
1407,"[2, 16, 16]","[[0, 2], [2, 16], [16, 16], [16, 19]]",0.25
1408,"[2, 16, 17]","[[0, 2], [2, 16], [16, 17], [17, 19]]",1.0
1409,"[2, 16, 17]","[[0, 2], [2, 16], [16, 17], [17, 19]]",0.75
1410,"[2, 16, 17]","[[0, 2], [2, 16], [16, 17], [17, 19]]",0.5
1411,"[2, 16, 17]","[[0, 2], [2, 16], [16, 17], [17, 19]]",0.25
1412,"[2, 16, 18]","[[0, 2], [2, 16], [16, 18], [18, 19]]",1.0
1413,"[2, 16, 18]","[[0, 2], [2, 16], [16, 18], [18, 19]]",0.75
1414,"[2, 16, 18]","[[0, 2], [2, 16], [16, 18], [18, 19]]",0.5
1415,"[2, 16, 18]","[[0, 2], [2, 16], [16, 18], [18, 19]]",0.25
1416,"[2, 16, 19]","[[0, 2], [2, 16], [16, 19], [19, 19]]",1.0
1417,"[2, 16, 19]","[[0, 2], [2, 16], [16, 19], [19, 19]]",0.75
1418,"[2, 16, 19]","[[0, 2], [2, 16], [16, 19], [19, 19]]",0.5
1419,"[2, 16, 19]","[[0, 2], [2, 16], [16, 19], [19, 19]]",0.25
1420,"[2, 17, 17]","[[0, 2], [2, 17], [17, 17], [17, 19]]",1.0
1421,"[2, 17, 17]","[[0, 2], [2, 17], [17, 17], [17, 19]]",0.75
1422,"[2, 17, 17]","[[0, 2], [2, 17], [17, 17], [17, 19]]",0.5
1423,"[2, 17, 17]","[[0, 2], [2, 17], [17, 17], [17, 19]]",0.25
1424,"[2, 17, 18]","[[0, 2], [2, 17], [17, 18], [18, 19]]",1.0
1425,"[2, 17, 18]","[[0, 2], [2, 17], [17, 18], [18, 19]]",0.75
1426,"[2, 17, 18]","[[0, 2], [2, 17], [17, 18], [18, 19]]",0.5
1427,"[2, 17, 18]","[[0, 2], [2, 17], [17, 18], [18, 19]]",0.25
1428,"[2, 17, 19]","[[0, 2], [2, 17], [17, 19], [19, 19]]",1.0
1429,"[2, 17, 19]","[[0, 2], [2, 17], [17, 19], [19, 19]]",0.75
1430,"[2, 17, 19]","[[0, 2], [2, 17], [17, 19], [19, 19]]",0.5
1431,"[2, 17, 19]","[[0, 2], [2, 17], [17, 19], [19, 19]]",0.25
1432,"[2, 18, 18]","[[0, 2], [2, 18], [18, 18], [18, 19]]",1.0
1433,"[2, 18, 18]","[[0, 2], [2, 18], [18, 18], [18, 19]]",0.75
1434,"[2, 18, 18]","[[0, 2], [2, 18], [18, 18], [18, 19]]",0.5
1435,"[2, 18, 18]","[[0, 2], [2, 18], [18, 18], [18, 19]]",0.25
1436,"[2, 18, 19]","[[0, 2], [2, 18], [18, 19], [19, 19]]",1.0
1437,"[2, 18, 19]","[[0, 2], [2, 18], [18, 19], [19, 19]]",0.75
1438,"[2, 18, 19]","[[0, 2], [2, 18], [18, 19], [19, 19]]",0.5
1439,"[2, 18, 19]","[[0, 2], [2, 18], [18, 19], [19, 19]]",0.25
1440,"[2, 19, 19]","[[0, 2], [2, 19], [19, 19], [19, 19]]",1.0
1441,"[2, 19, 19]","[[0, 2], [2, 19], [19, 19], [19, 19]]",0.75
1442,"[2, 19, 19]","[[0, 2], [2, 19], [19, 19], [19, 19]]",0.5
1443,"[2, 19, 19]","[[0, 2], [2, 19], [19, 19], [19, 19]]",0.25
1444,"[3, 3, 3]","[[0, 3], [3, 3], [3, 3], [3, 19]]",1.0
1445,"[3, 3, 3]","[[0, 3], [3, 3], [3, 3], [3, 19]]",0.75
1446,"[3, 3, 3]","[[0, 3], [3, 3], [3, 3], [3, 19]]",0.5
1447,"[3, 3, 3]","[[0, 3], [3, 3], [3, 3], [3, 19]]",0.25
1448,"[3, 3, 4]","[[0, 3], [3, 3], [3, 4], [4, 19]]",1.0
1449,"[3, 3, 4]","[[0, 3], [3, 3], [3, 4], [4, 19]]",0.75
1450,"[3, 3, 4]","[[0, 3], [3, 3], [3, 4], [4, 19]]",0.5
1451,"[3, 3, 4]","[[0, 3], [3, 3], [3, 4], [4, 19]]",0.25
1452,"[3, 3, 5]","[[0, 3], [3, 3], [3, 5], [5, 19]]",1.0
1453,"[3, 3, 5]","[[0, 3], [3, 3], [3, 5], [5, 19]]",0.75
1454,"[3, 3, 5]","[[0, 3], [3, 3], [3, 5], [5, 19]]",0.5
1455,"[3, 3, 5]","[[0, 3], [3, 3], [3, 5], [5, 19]]",0.25
1456,"[3, 3, 6]","[[0, 3], [3, 3], [3, 6], [6, 19]]",1.0
1457,"[3, 3, 6]","[[0, 3], [3, 3], [3, 6], [6, 19]]",0.75
1458,"[3, 3, 6]","[[0, 3], [3, 3], [3, 6], [6, 19]]",0.5
1459,"[3, 3, 6]","[[0, 3], [3, 3], [3, 6], [6, 19]]",0.25
1460,"[3, 3, 7]","[[0, 3], [3, 3], [3, 7], [7, 19]]",1.0
1461,"[3, 3, 7]","[[0, 3], [3, 3], [3, 7], [7, 19]]",0.75
1462,"[3, 3, 7]","[[0, 3], [3, 3], [3, 7], [7, 19]]",0.5
1463,"[3, 3, 7]","[[0, 3], [3, 3], [3, 7], [7, 19]]",0.25
1464,"[3, 3, 8]","[[0, 3], [3, 3], [3, 8], [8, 19]]",1.0
1465,"[3, 3, 8]","[[0, 3], [3, 3], [3, 8], [8, 19]]",0.75
1466,"[3, 3, 8]","[[0, 3], [3, 3], [3, 8], [8, 19]]",0.5
1467,"[3, 3, 8]","[[0, 3], [3, 3], [3, 8], [8, 19]]",0.25
1468,"[3, 3, 9]","[[0, 3], [3, 3], [3, 9], [9, 19]]",1.0
1469,"[3, 3, 9]","[[0, 3], [3, 3], [3, 9], [9, 19]]",0.75
1470,"[3, 3, 9]","[[0, 3], [3, 3], [3, 9], [9, 19]]",0.5
1471,"[3, 3, 9]","[[0, 3], [3, 3], [3, 9], [9, 19]]",0.25
1472,"[3, 3, 10]","[[0, 3], [3, 3], [3, 10], [10, 19]]",1.0
1473,"[3, 3, 10]","[[0, 3], [3, 3], [3, 10], [10, 19]]",0.75
1474,"[3, 3, 10]","[[0, 3], [3, 3], [3, 10], [10, 19]]",0.5
1475,"[3, 3, 10]","[[0, 3], [3, 3], [3, 10], [10, 19]]",0.25
1476,"[3, 3, 11]","[[0, 3], [3, 3], [3, 11], [11, 19]]",1.0
1477,"[3, 3, 11]","[[0, 3], [3, 3], [3, 11], [11, 19]]",0.75
1478,"[3, 3, 11]","[[0, 3], [3, 3], [3, 11], [11, 19]]",0.5
1479,"[3, 3, 11]","[[0, 3], [3, 3], [3, 11], [11, 19]]",0.25
1480,"[3, 3, 12]","[[0, 3], [3, 3], [3, 12], [12, 19]]",1.0
1481,"[3, 3, 12]","[[0, 3], [3, 3], [3, 12], [12, 19]]",0.75
1482,"[3, 3, 12]","[[0, 3], [3, 3], [3, 12], [12, 19]]",0.5
1483,"[3, 3, 12]","[[0, 3], [3, 3], [3, 12], [12, 19]]",0.25
1484,"[3, 3, 13]","[[0, 3], [3, 3], [3, 13], [13, 19]]",1.0
1485,"[3, 3, 13]","[[0, 3], [3, 3], [3, 13], [13, 19]]",0.75
1486,"[3, 3, 13]","[[0, 3], [3, 3], [3, 13], [13, 19]]",0.5
1487,"[3, 3, 13]","[[0, 3], [3, 3], [3, 13], [13, 19]]",0.25
1488,"[3, 3, 14]","[[0, 3], [3, 3], [3, 14], [14, 19]]",1.0
1489,"[3, 3, 14]","[[0, 3], [3, 3], [3, 14], [14, 19]]",0.75
1490,"[3, 3, 14]","[[0, 3], [3, 3], [3, 14], [14, 19]]",0.5
1491,"[3, 3, 14]","[[0, 3], [3, 3], [3, 14], [14, 19]]",0.25
1492,"[3, 3, 15]","[[0, 3], [3, 3], [3, 15], [15, 19]]",1.0
1493,"[3, 3, 15]","[[0, 3], [3, 3], [3, 15], [15, 19]]",0.75
1494,"[3, 3, 15]","[[0, 3], [3, 3], [3, 15], [15, 19]]",0.5
1495,"[3, 3, 15]","[[0, 3], [3, 3], [3, 15], [15, 19]]",0.25
1496,"[3, 3, 16]","[[0, 3], [3, 3], [3, 16], [16, 19]]",1.0
1497,"[3, 3, 16]","[[0, 3], [3, 3], [3, 16], [16, 19]]",0.75
1498,"[3, 3, 16]","[[0, 3], [3, 3], [3, 16], [16, 19]]",0.5
1499,"[3, 3, 16]","[[0, 3], [3, 3], [3, 16], [16, 19]]",0.25
1500,"[3, 3, 17]","[[0, 3], [3, 3], [3, 17], [17, 19]]",1.0
1501,"[3, 3, 17]","[[0, 3], [3, 3], [3, 17], [17, 19]]",0.75
1502,"[3, 3, 17]","[[0, 3], [3, 3], [3, 17], [17, 19]]",0.5
1503,"[3, 3, 17]","[[0, 3], [3, 3], [3, 17], [17, 19]]",0.25
1504,"[3, 3, 18]","[[0, 3], [3, 3], [3, 18], [18, 19]]",1.0
1505,"[3, 3, 18]","[[0, 3], [3, 3], [3, 18], [18, 19]]",0.75
1506,"[3, 3, 18]","[[0, 3], [3, 3], [3, 18], [18, 19]]",0.5
1507,"[3, 3, 18]","[[0, 3], [3, 3], [3, 18], [18, 19]]",0.25
1508,"[3, 3, 19]","[[0, 3], [3, 3], [3, 19], [19, 19]]",1.0
1509,"[3, 3, 19]","[[0, 3], [3, 3], [3, 19], [19, 19]]",0.75
1510,"[3, 3, 19]","[[0, 3], [3, 3], [3, 19], [19, 19]]",0.5
1511,"[3, 3, 19]","[[0, 3], [3, 3], [3, 19], [19, 19]]",0.25
1512,"[3, 4, 4]","[[0, 3], [3, 4], [4, 4], [4, 19]]",1.0
1513,"[3, 4, 4]","[[0, 3], [3, 4], [4, 4], [4, 19]]",0.75
1514,"[3, 4, 4]","[[0, 3], [3, 4], [4, 4], [4, 19]]",0.5
1515,"[3, 4, 4]","[[0, 3], [3, 4], [4, 4], [4, 19]]",0.25
1516,"[3, 4, 5]","[[0, 3], [3, 4], [4, 5], [5, 19]]",1.0
1517,"[3, 4, 5]","[[0, 3], [3, 4], [4, 5], [5, 19]]",0.75
1518,"[3, 4, 5]","[[0, 3], [3, 4], [4, 5], [5, 19]]",0.5
1519,"[3, 4, 5]","[[0, 3], [3, 4], [4, 5], [5, 19]]",0.25
1520,"[3, 4, 6]","[[0, 3], [3, 4], [4, 6], [6, 19]]",1.0
1521,"[3, 4, 6]","[[0, 3], [3, 4], [4, 6], [6, 19]]",0.75
1522,"[3, 4, 6]","[[0, 3], [3, 4], [4, 6], [6, 19]]",0.5
1523,"[3, 4, 6]","[[0, 3], [3, 4], [4, 6], [6, 19]]",0.25
1524,"[3, 4, 7]","[[0, 3], [3, 4], [4, 7], [7, 19]]",1.0
1525,"[3, 4, 7]","[[0, 3], [3, 4], [4, 7], [7, 19]]",0.75
1526,"[3, 4, 7]","[[0, 3], [3, 4], [4, 7], [7, 19]]",0.5
1527,"[3, 4, 7]","[[0, 3], [3, 4], [4, 7], [7, 19]]",0.25
1528,"[3, 4, 8]","[[0, 3], [3, 4], [4, 8], [8, 19]]",1.0
1529,"[3, 4, 8]","[[0, 3], [3, 4], [4, 8], [8, 19]]",0.75
1530,"[3, 4, 8]","[[0, 3], [3, 4], [4, 8], [8, 19]]",0.5
1531,"[3, 4, 8]","[[0, 3], [3, 4], [4, 8], [8, 19]]",0.25
1532,"[3, 4, 9]","[[0, 3], [3, 4], [4, 9], [9, 19]]",1.0
1533,"[3, 4, 9]","[[0, 3], [3, 4], [4, 9], [9, 19]]",0.75
1534,"[3, 4, 9]","[[0, 3], [3, 4], [4, 9], [9, 19]]",0.5
1535,"[3, 4, 9]","[[0, 3], [3, 4], [4, 9], [9, 19]]",0.25
1536,"[3, 4, 10]","[[0, 3], [3, 4], [4, 10], [10, 19]]",1.0
1537,"[3, 4, 10]","[[0, 3], [3, 4], [4, 10], [10, 19]]",0.75
1538,"[3, 4, 10]","[[0, 3], [3, 4], [4, 10], [10, 19]]",0.5
1539,"[3, 4, 10]","[[0, 3], [3, 4], [4, 10], [10, 19]]",0.25
1540,"[3, 4, 11]","[[0, 3], [3, 4], [4, 11], [11, 19]]",1.0
1541,"[3, 4, 11]","[[0, 3], [3, 4], [4, 11], [11, 19]]",0.75
1542,"[3, 4, 11]","[[0, 3], [3, 4], [4, 11], [11, 19]]",0.5
1543,"[3, 4, 11]","[[0, 3], [3, 4], [4, 11], [11, 19]]",0.25
1544,"[3, 4, 12]","[[0, 3], [3, 4], [4, 12], [12, 19]]",1.0
1545,"[3, 4, 12]","[[0, 3], [3, 4], [4, 12], [12, 19]]",0.75
1546,"[3, 4, 12]","[[0, 3], [3, 4], [4, 12], [12, 19]]",0.5
1547,"[3, 4, 12]","[[0, 3], [3, 4], [4, 12], [12, 19]]",0.25
1548,"[3, 4, 13]","[[0, 3], [3, 4], [4, 13], [13, 19]]",1.0
1549,"[3, 4, 13]","[[0, 3], [3, 4], [4, 13], [13, 19]]",0.75
1550,"[3, 4, 13]","[[0, 3], [3, 4], [4, 13], [13, 19]]",0.5
1551,"[3, 4, 13]","[[0, 3], [3, 4], [4, 13], [13, 19]]",0.25
1552,"[3, 4, 14]","[[0, 3], [3, 4], [4, 14], [14, 19]]",1.0
1553,"[3, 4, 14]","[[0, 3], [3, 4], [4, 14], [14, 19]]",0.75
1554,"[3, 4, 14]","[[0, 3], [3, 4], [4, 14], [14, 19]]",0.5
1555,"[3, 4, 14]","[[0, 3], [3, 4], [4, 14], [14, 19]]",0.25
1556,"[3, 4, 15]","[[0, 3], [3, 4], [4, 15], [15, 19]]",1.0
1557,"[3, 4, 15]","[[0, 3], [3, 4], [4, 15], [15, 19]]",0.75
1558,"[3, 4, 15]","[[0, 3], [3, 4], [4, 15], [15, 19]]",0.5
1559,"[3, 4, 15]","[[0, 3], [3, 4], [4, 15], [15, 19]]",0.25
1560,"[3, 4, 16]","[[0, 3], [3, 4], [4, 16], [16, 19]]",1.0
1561,"[3, 4, 16]","[[0, 3], [3, 4], [4, 16], [16, 19]]",0.75
1562,"[3, 4, 16]","[[0, 3], [3, 4], [4, 16], [16, 19]]",0.5
1563,"[3, 4, 16]","[[0, 3], [3, 4], [4, 16], [16, 19]]",0.25
1564,"[3, 4, 17]","[[0, 3], [3, 4], [4, 17], [17, 19]]",1.0
1565,"[3, 4, 17]","[[0, 3], [3, 4], [4, 17], [17, 19]]",0.75
1566,"[3, 4, 17]","[[0, 3], [3, 4], [4, 17], [17, 19]]",0.5
1567,"[3, 4, 17]","[[0, 3], [3, 4], [4, 17], [17, 19]]",0.25
1568,"[3, 4, 18]","[[0, 3], [3, 4], [4, 18], [18, 19]]",1.0
1569,"[3, 4, 18]","[[0, 3], [3, 4], [4, 18], [18, 19]]",0.75
1570,"[3, 4, 18]","[[0, 3], [3, 4], [4, 18], [18, 19]]",0.5
1571,"[3, 4, 18]","[[0, 3], [3, 4], [4, 18], [18, 19]]",0.25
1572,"[3, 4, 19]","[[0, 3], [3, 4], [4, 19], [19, 19]]",1.0
1573,"[3, 4, 19]","[[0, 3], [3, 4], [4, 19], [19, 19]]",0.75
1574,"[3, 4, 19]","[[0, 3], [3, 4], [4, 19], [19, 19]]",0.5
1575,"[3, 4, 19]","[[0, 3], [3, 4], [4, 19], [19, 19]]",0.25
1576,"[3, 5, 5]","[[0, 3], [3, 5], [5, 5], [5, 19]]",1.0
1577,"[3, 5, 5]","[[0, 3], [3, 5], [5, 5], [5, 19]]",0.75
1578,"[3, 5, 5]","[[0, 3], [3, 5], [5, 5], [5, 19]]",0.5
1579,"[3, 5, 5]","[[0, 3], [3, 5], [5, 5], [5, 19]]",0.25
1580,"[3, 5, 6]","[[0, 3], [3, 5], [5, 6], [6, 19]]",1.0
1581,"[3, 5, 6]","[[0, 3], [3, 5], [5, 6], [6, 19]]",0.75
1582,"[3, 5, 6]","[[0, 3], [3, 5], [5, 6], [6, 19]]",0.5
1583,"[3, 5, 6]","[[0, 3], [3, 5], [5, 6], [6, 19]]",0.25
1584,"[3, 5, 7]","[[0, 3], [3, 5], [5, 7], [7, 19]]",1.0
1585,"[3, 5, 7]","[[0, 3], [3, 5], [5, 7], [7, 19]]",0.75
1586,"[3, 5, 7]","[[0, 3], [3, 5], [5, 7], [7, 19]]",0.5
1587,"[3, 5, 7]","[[0, 3], [3, 5], [5, 7], [7, 19]]",0.25
1588,"[3, 5, 8]","[[0, 3], [3, 5], [5, 8], [8, 19]]",1.0
1589,"[3, 5, 8]","[[0, 3], [3, 5], [5, 8], [8, 19]]",0.75
1590,"[3, 5, 8]","[[0, 3], [3, 5], [5, 8], [8, 19]]",0.5
1591,"[3, 5, 8]","[[0, 3], [3, 5], [5, 8], [8, 19]]",0.25
1592,"[3, 5, 9]","[[0, 3], [3, 5], [5, 9], [9, 19]]",1.0
1593,"[3, 5, 9]","[[0, 3], [3, 5], [5, 9], [9, 19]]",0.75
1594,"[3, 5, 9]","[[0, 3], [3, 5], [5, 9], [9, 19]]",0.5
1595,"[3, 5, 9]","[[0, 3], [3, 5], [5, 9], [9, 19]]",0.25
1596,"[3, 5, 10]","[[0, 3], [3, 5], [5, 10], [10, 19]]",1.0
1597,"[3, 5, 10]","[[0, 3], [3, 5], [5, 10], [10, 19]]",0.75
1598,"[3, 5, 10]","[[0, 3], [3, 5], [5, 10], [10, 19]]",0.5
1599,"[3, 5, 10]","[[0, 3], [3, 5], [5, 10], [10, 19]]",0.25
1600,"[3, 5, 11]","[[0, 3], [3, 5], [5, 11], [11, 19]]",1.0
1601,"[3, 5, 11]","[[0, 3], [3, 5], [5, 11], [11, 19]]",0.75
1602,"[3, 5, 11]","[[0, 3], [3, 5], [5, 11], [11, 19]]",0.5
1603,"[3, 5, 11]","[[0, 3], [3, 5], [5, 11], [11, 19]]",0.25
1604,"[3, 5, 12]","[[0, 3], [3, 5], [5, 12], [12, 19]]",1.0
1605,"[3, 5, 12]","[[0, 3], [3, 5], [5, 12], [12, 19]]",0.75
1606,"[3, 5, 12]","[[0, 3], [3, 5], [5, 12], [12, 19]]",0.5
1607,"[3, 5, 12]","[[0, 3], [3, 5], [5, 12], [12, 19]]",0.25
1608,"[3, 5, 13]","[[0, 3], [3, 5], [5, 13], [13, 19]]",1.0
1609,"[3, 5, 13]","[[0, 3], [3, 5], [5, 13], [13, 19]]",0.75
1610,"[3, 5, 13]","[[0, 3], [3, 5], [5, 13], [13, 19]]",0.5
1611,"[3, 5, 13]","[[0, 3], [3, 5], [5, 13], [13, 19]]",0.25
1612,"[3, 5, 14]","[[0, 3], [3, 5], [5, 14], [14, 19]]",1.0
1613,"[3, 5, 14]","[[0, 3], [3, 5], [5, 14], [14, 19]]",0.75
1614,"[3, 5, 14]","[[0, 3], [3, 5], [5, 14], [14, 19]]",0.5
1615,"[3, 5, 14]","[[0, 3], [3, 5], [5, 14], [14, 19]]",0.25
1616,"[3, 5, 15]","[[0, 3], [3, 5], [5, 15], [15, 19]]",1.0
1617,"[3, 5, 15]","[[0, 3], [3, 5], [5, 15], [15, 19]]",0.75
1618,"[3, 5, 15]","[[0, 3], [3, 5], [5, 15], [15, 19]]",0.5
1619,"[3, 5, 15]","[[0, 3], [3, 5], [5, 15], [15, 19]]",0.25
1620,"[3, 5, 16]","[[0, 3], [3, 5], [5, 16], [16, 19]]",1.0
1621,"[3, 5, 16]","[[0, 3], [3, 5], [5, 16], [16, 19]]",0.75
1622,"[3, 5, 16]","[[0, 3], [3, 5], [5, 16], [16, 19]]",0.5
1623,"[3, 5, 16]","[[0, 3], [3, 5], [5, 16], [16, 19]]",0.25
1624,"[3, 5, 17]","[[0, 3], [3, 5], [5, 17], [17, 19]]",1.0
1625,"[3, 5, 17]","[[0, 3], [3, 5], [5, 17], [17, 19]]",0.75
1626,"[3, 5, 17]","[[0, 3], [3, 5], [5, 17], [17, 19]]",0.5
1627,"[3, 5, 17]","[[0, 3], [3, 5], [5, 17], [17, 19]]",0.25
1628,"[3, 5, 18]","[[0, 3], [3, 5], [5, 18], [18, 19]]",1.0
1629,"[3, 5, 18]","[[0, 3], [3, 5], [5, 18], [18, 19]]",0.75
1630,"[3, 5, 18]","[[0, 3], [3, 5], [5, 18], [18, 19]]",0.5
1631,"[3, 5, 18]","[[0, 3], [3, 5], [5, 18], [18, 19]]",0.25
1632,"[3, 5, 19]","[[0, 3], [3, 5], [5, 19], [19, 19]]",1.0
1633,"[3, 5, 19]","[[0, 3], [3, 5], [5, 19], [19, 19]]",0.75
1634,"[3, 5, 19]","[[0, 3], [3, 5], [5, 19], [19, 19]]",0.5
1635,"[3, 5, 19]","[[0, 3], [3, 5], [5, 19], [19, 19]]",0.25
1636,"[3, 6, 6]","[[0, 3], [3, 6], [6, 6], [6, 19]]",1.0
1637,"[3, 6, 6]","[[0, 3], [3, 6], [6, 6], [6, 19]]",0.75
1638,"[3, 6, 6]","[[0, 3], [3, 6], [6, 6], [6, 19]]",0.5
1639,"[3, 6, 6]","[[0, 3], [3, 6], [6, 6], [6, 19]]",0.25
1640,"[3, 6, 7]","[[0, 3], [3, 6], [6, 7], [7, 19]]",1.0
1641,"[3, 6, 7]","[[0, 3], [3, 6], [6, 7], [7, 19]]",0.75
1642,"[3, 6, 7]","[[0, 3], [3, 6], [6, 7], [7, 19]]",0.5
1643,"[3, 6, 7]","[[0, 3], [3, 6], [6, 7], [7, 19]]",0.25
1644,"[3, 6, 8]","[[0, 3], [3, 6], [6, 8], [8, 19]]",1.0
1645,"[3, 6, 8]","[[0, 3], [3, 6], [6, 8], [8, 19]]",0.75
1646,"[3, 6, 8]","[[0, 3], [3, 6], [6, 8], [8, 19]]",0.5
1647,"[3, 6, 8]","[[0, 3], [3, 6], [6, 8], [8, 19]]",0.25
1648,"[3, 6, 9]","[[0, 3], [3, 6], [6, 9], [9, 19]]",1.0
1649,"[3, 6, 9]","[[0, 3], [3, 6], [6, 9], [9, 19]]",0.75
1650,"[3, 6, 9]","[[0, 3], [3, 6], [6, 9], [9, 19]]",0.5
1651,"[3, 6, 9]","[[0, 3], [3, 6], [6, 9], [9, 19]]",0.25
1652,"[3, 6, 10]","[[0, 3], [3, 6], [6, 10], [10, 19]]",1.0
1653,"[3, 6, 10]","[[0, 3], [3, 6], [6, 10], [10, 19]]",0.75
1654,"[3, 6, 10]","[[0, 3], [3, 6], [6, 10], [10, 19]]",0.5
1655,"[3, 6, 10]","[[0, 3], [3, 6], [6, 10], [10, 19]]",0.25
1656,"[3, 6, 11]","[[0, 3], [3, 6], [6, 11], [11, 19]]",1.0
1657,"[3, 6, 11]","[[0, 3], [3, 6], [6, 11], [11, 19]]",0.75
1658,"[3, 6, 11]","[[0, 3], [3, 6], [6, 11], [11, 19]]",0.5
1659,"[3, 6, 11]","[[0, 3], [3, 6], [6, 11], [11, 19]]",0.25
1660,"[3, 6, 12]","[[0, 3], [3, 6], [6, 12], [12, 19]]",1.0
1661,"[3, 6, 12]","[[0, 3], [3, 6], [6, 12], [12, 19]]",0.75
1662,"[3, 6, 12]","[[0, 3], [3, 6], [6, 12], [12, 19]]",0.5
1663,"[3, 6, 12]","[[0, 3], [3, 6], [6, 12], [12, 19]]",0.25
1664,"[3, 6, 13]","[[0, 3], [3, 6], [6, 13], [13, 19]]",1.0
1665,"[3, 6, 13]","[[0, 3], [3, 6], [6, 13], [13, 19]]",0.75
1666,"[3, 6, 13]","[[0, 3], [3, 6], [6, 13], [13, 19]]",0.5
1667,"[3, 6, 13]","[[0, 3], [3, 6], [6, 13], [13, 19]]",0.25
1668,"[3, 6, 14]","[[0, 3], [3, 6], [6, 14], [14, 19]]",1.0
1669,"[3, 6, 14]","[[0, 3], [3, 6], [6, 14], [14, 19]]",0.75
1670,"[3, 6, 14]","[[0, 3], [3, 6], [6, 14], [14, 19]]",0.5
1671,"[3, 6, 14]","[[0, 3], [3, 6], [6, 14], [14, 19]]",0.25
1672,"[3, 6, 15]","[[0, 3], [3, 6], [6, 15], [15, 19]]",1.0
1673,"[3, 6, 15]","[[0, 3], [3, 6], [6, 15], [15, 19]]",0.75
1674,"[3, 6, 15]","[[0, 3], [3, 6], [6, 15], [15, 19]]",0.5
1675,"[3, 6, 15]","[[0, 3], [3, 6], [6, 15], [15, 19]]",0.25
1676,"[3, 6, 16]","[[0, 3], [3, 6], [6, 16], [16, 19]]",1.0
1677,"[3, 6, 16]","[[0, 3], [3, 6], [6, 16], [16, 19]]",0.75
1678,"[3, 6, 16]","[[0, 3], [3, 6], [6, 16], [16, 19]]",0.5
1679,"[3, 6, 16]","[[0, 3], [3, 6], [6, 16], [16, 19]]",0.25
1680,"[3, 6, 17]","[[0, 3], [3, 6], [6, 17], [17, 19]]",1.0
1681,"[3, 6, 17]","[[0, 3], [3, 6], [6, 17], [17, 19]]",0.75
1682,"[3, 6, 17]","[[0, 3], [3, 6], [6, 17], [17, 19]]",0.5
1683,"[3, 6, 17]","[[0, 3], [3, 6], [6, 17], [17, 19]]",0.25
1684,"[3, 6, 18]","[[0, 3], [3, 6], [6, 18], [18, 19]]",1.0
1685,"[3, 6, 18]","[[0, 3], [3, 6], [6, 18], [18, 19]]",0.75
1686,"[3, 6, 18]","[[0, 3], [3, 6], [6, 18], [18, 19]]",0.5
1687,"[3, 6, 18]","[[0, 3], [3, 6], [6, 18], [18, 19]]",0.25
1688,"[3, 6, 19]","[[0, 3], [3, 6], [6, 19], [19, 19]]",1.0
1689,"[3, 6, 19]","[[0, 3], [3, 6], [6, 19], [19, 19]]",0.75
1690,"[3, 6, 19]","[[0, 3], [3, 6], [6, 19], [19, 19]]",0.5
1691,"[3, 6, 19]","[[0, 3], [3, 6], [6, 19], [19, 19]]",0.25
1692,"[3, 7, 7]","[[0, 3], [3, 7], [7, 7], [7, 19]]",1.0
1693,"[3, 7, 7]","[[0, 3], [3, 7], [7, 7], [7, 19]]",0.75
1694,"[3, 7, 7]","[[0, 3], [3, 7], [7, 7], [7, 19]]",0.5
1695,"[3, 7, 7]","[[0, 3], [3, 7], [7, 7], [7, 19]]",0.25
1696,"[3, 7, 8]","[[0, 3], [3, 7], [7, 8], [8, 19]]",1.0
1697,"[3, 7, 8]","[[0, 3], [3, 7], [7, 8], [8, 19]]",0.75
1698,"[3, 7, 8]","[[0, 3], [3, 7], [7, 8], [8, 19]]",0.5
1699,"[3, 7, 8]","[[0, 3], [3, 7], [7, 8], [8, 19]]",0.25
1700,"[3, 7, 9]","[[0, 3], [3, 7], [7, 9], [9, 19]]",1.0
1701,"[3, 7, 9]","[[0, 3], [3, 7], [7, 9], [9, 19]]",0.75
1702,"[3, 7, 9]","[[0, 3], [3, 7], [7, 9], [9, 19]]",0.5
1703,"[3, 7, 9]","[[0, 3], [3, 7], [7, 9], [9, 19]]",0.25
1704,"[3, 7, 10]","[[0, 3], [3, 7], [7, 10], [10, 19]]",1.0
1705,"[3, 7, 10]","[[0, 3], [3, 7], [7, 10], [10, 19]]",0.75
1706,"[3, 7, 10]","[[0, 3], [3, 7], [7, 10], [10, 19]]",0.5
1707,"[3, 7, 10]","[[0, 3], [3, 7], [7, 10], [10, 19]]",0.25
1708,"[3, 7, 11]","[[0, 3], [3, 7], [7, 11], [11, 19]]",1.0
1709,"[3, 7, 11]","[[0, 3], [3, 7], [7, 11], [11, 19]]",0.75
1710,"[3, 7, 11]","[[0, 3], [3, 7], [7, 11], [11, 19]]",0.5
1711,"[3, 7, 11]","[[0, 3], [3, 7], [7, 11], [11, 19]]",0.25
1712,"[3, 7, 12]","[[0, 3], [3, 7], [7, 12], [12, 19]]",1.0
1713,"[3, 7, 12]","[[0, 3], [3, 7], [7, 12], [12, 19]]",0.75
1714,"[3, 7, 12]","[[0, 3], [3, 7], [7, 12], [12, 19]]",0.5
1715,"[3, 7, 12]","[[0, 3], [3, 7], [7, 12], [12, 19]]",0.25
1716,"[3, 7, 13]","[[0, 3], [3, 7], [7, 13], [13, 19]]",1.0
1717,"[3, 7, 13]","[[0, 3], [3, 7], [7, 13], [13, 19]]",0.75
1718,"[3, 7, 13]","[[0, 3], [3, 7], [7, 13], [13, 19]]",0.5
1719,"[3, 7, 13]","[[0, 3], [3, 7], [7, 13], [13, 19]]",0.25
1720,"[3, 7, 14]","[[0, 3], [3, 7], [7, 14], [14, 19]]",1.0
1721,"[3, 7, 14]","[[0, 3], [3, 7], [7, 14], [14, 19]]",0.75
1722,"[3, 7, 14]","[[0, 3], [3, 7], [7, 14], [14, 19]]",0.5
1723,"[3, 7, 14]","[[0, 3], [3, 7], [7, 14], [14, 19]]",0.25
1724,"[3, 7, 15]","[[0, 3], [3, 7], [7, 15], [15, 19]]",1.0
1725,"[3, 7, 15]","[[0, 3], [3, 7], [7, 15], [15, 19]]",0.75
1726,"[3, 7, 15]","[[0, 3], [3, 7], [7, 15], [15, 19]]",0.5
1727,"[3, 7, 15]","[[0, 3], [3, 7], [7, 15], [15, 19]]",0.25
1728,"[3, 7, 16]","[[0, 3], [3, 7], [7, 16], [16, 19]]",1.0
1729,"[3, 7, 16]","[[0, 3], [3, 7], [7, 16], [16, 19]]",0.75
1730,"[3, 7, 16]","[[0, 3], [3, 7], [7, 16], [16, 19]]",0.5
1731,"[3, 7, 16]","[[0, 3], [3, 7], [7, 16], [16, 19]]",0.25
1732,"[3, 7, 17]","[[0, 3], [3, 7], [7, 17], [17, 19]]",1.0
1733,"[3, 7, 17]","[[0, 3], [3, 7], [7, 17], [17, 19]]",0.75
1734,"[3, 7, 17]","[[0, 3], [3, 7], [7, 17], [17, 19]]",0.5
1735,"[3, 7, 17]","[[0, 3], [3, 7], [7, 17], [17, 19]]",0.25
1736,"[3, 7, 18]","[[0, 3], [3, 7], [7, 18], [18, 19]]",1.0
1737,"[3, 7, 18]","[[0, 3], [3, 7], [7, 18], [18, 19]]",0.75
1738,"[3, 7, 18]","[[0, 3], [3, 7], [7, 18], [18, 19]]",0.5
1739,"[3, 7, 18]","[[0, 3], [3, 7], [7, 18], [18, 19]]",0.25
1740,"[3, 7, 19]","[[0, 3], [3, 7], [7, 19], [19, 19]]",1.0
1741,"[3, 7, 19]","[[0, 3], [3, 7], [7, 19], [19, 19]]",0.75
1742,"[3, 7, 19]","[[0, 3], [3, 7], [7, 19], [19, 19]]",0.5
1743,"[3, 7, 19]","[[0, 3], [3, 7], [7, 19], [19, 19]]",0.25
1744,"[3, 8, 8]","[[0, 3], [3, 8], [8, 8], [8, 19]]",1.0
1745,"[3, 8, 8]","[[0, 3], [3, 8], [8, 8], [8, 19]]",0.75
1746,"[3, 8, 8]","[[0, 3], [3, 8], [8, 8], [8, 19]]",0.5
1747,"[3, 8, 8]","[[0, 3], [3, 8], [8, 8], [8, 19]]",0.25
1748,"[3, 8, 9]","[[0, 3], [3, 8], [8, 9], [9, 19]]",1.0
1749,"[3, 8, 9]","[[0, 3], [3, 8], [8, 9], [9, 19]]",0.75
1750,"[3, 8, 9]","[[0, 3], [3, 8], [8, 9], [9, 19]]",0.5
1751,"[3, 8, 9]","[[0, 3], [3, 8], [8, 9], [9, 19]]",0.25
1752,"[3, 8, 10]","[[0, 3], [3, 8], [8, 10], [10, 19]]",1.0
1753,"[3, 8, 10]","[[0, 3], [3, 8], [8, 10], [10, 19]]",0.75
1754,"[3, 8, 10]","[[0, 3], [3, 8], [8, 10], [10, 19]]",0.5
1755,"[3, 8, 10]","[[0, 3], [3, 8], [8, 10], [10, 19]]",0.25
1756,"[3, 8, 11]","[[0, 3], [3, 8], [8, 11], [11, 19]]",1.0
1757,"[3, 8, 11]","[[0, 3], [3, 8], [8, 11], [11, 19]]",0.75
1758,"[3, 8, 11]","[[0, 3], [3, 8], [8, 11], [11, 19]]",0.5
1759,"[3, 8, 11]","[[0, 3], [3, 8], [8, 11], [11, 19]]",0.25
1760,"[3, 8, 12]","[[0, 3], [3, 8], [8, 12], [12, 19]]",1.0
1761,"[3, 8, 12]","[[0, 3], [3, 8], [8, 12], [12, 19]]",0.75
1762,"[3, 8, 12]","[[0, 3], [3, 8], [8, 12], [12, 19]]",0.5
1763,"[3, 8, 12]","[[0, 3], [3, 8], [8, 12], [12, 19]]",0.25
1764,"[3, 8, 13]","[[0, 3], [3, 8], [8, 13], [13, 19]]",1.0
1765,"[3, 8, 13]","[[0, 3], [3, 8], [8, 13], [13, 19]]",0.75
1766,"[3, 8, 13]","[[0, 3], [3, 8], [8, 13], [13, 19]]",0.5
1767,"[3, 8, 13]","[[0, 3], [3, 8], [8, 13], [13, 19]]",0.25
1768,"[3, 8, 14]","[[0, 3], [3, 8], [8, 14], [14, 19]]",1.0
1769,"[3, 8, 14]","[[0, 3], [3, 8], [8, 14], [14, 19]]",0.75
1770,"[3, 8, 14]","[[0, 3], [3, 8], [8, 14], [14, 19]]",0.5
1771,"[3, 8, 14]","[[0, 3], [3, 8], [8, 14], [14, 19]]",0.25
1772,"[3, 8, 15]","[[0, 3], [3, 8], [8, 15], [15, 19]]",1.0
1773,"[3, 8, 15]","[[0, 3], [3, 8], [8, 15], [15, 19]]",0.75
1774,"[3, 8, 15]","[[0, 3], [3, 8], [8, 15], [15, 19]]",0.5
1775,"[3, 8, 15]","[[0, 3], [3, 8], [8, 15], [15, 19]]",0.25
1776,"[3, 8, 16]","[[0, 3], [3, 8], [8, 16], [16, 19]]",1.0
1777,"[3, 8, 16]","[[0, 3], [3, 8], [8, 16], [16, 19]]",0.75
1778,"[3, 8, 16]","[[0, 3], [3, 8], [8, 16], [16, 19]]",0.5
1779,"[3, 8, 16]","[[0, 3], [3, 8], [8, 16], [16, 19]]",0.25
1780,"[3, 8, 17]","[[0, 3], [3, 8], [8, 17], [17, 19]]",1.0
1781,"[3, 8, 17]","[[0, 3], [3, 8], [8, 17], [17, 19]]",0.75
1782,"[3, 8, 17]","[[0, 3], [3, 8], [8, 17], [17, 19]]",0.5
1783,"[3, 8, 17]","[[0, 3], [3, 8], [8, 17], [17, 19]]",0.25
1784,"[3, 8, 18]","[[0, 3], [3, 8], [8, 18], [18, 19]]",1.0
1785,"[3, 8, 18]","[[0, 3], [3, 8], [8, 18], [18, 19]]",0.75
1786,"[3, 8, 18]","[[0, 3], [3, 8], [8, 18], [18, 19]]",0.5
1787,"[3, 8, 18]","[[0, 3], [3, 8], [8, 18], [18, 19]]",0.25
1788,"[3, 8, 19]","[[0, 3], [3, 8], [8, 19], [19, 19]]",1.0
1789,"[3, 8, 19]","[[0, 3], [3, 8], [8, 19], [19, 19]]",0.75
1790,"[3, 8, 19]","[[0, 3], [3, 8], [8, 19], [19, 19]]",0.5
1791,"[3, 8, 19]","[[0, 3], [3, 8], [8, 19], [19, 19]]",0.25
1792,"[3, 9, 9]","[[0, 3], [3, 9], [9, 9], [9, 19]]",1.0
1793,"[3, 9, 9]","[[0, 3], [3, 9], [9, 9], [9, 19]]",0.75
1794,"[3, 9, 9]","[[0, 3], [3, 9], [9, 9], [9, 19]]",0.5
1795,"[3, 9, 9]","[[0, 3], [3, 9], [9, 9], [9, 19]]",0.25
1796,"[3, 9, 10]","[[0, 3], [3, 9], [9, 10], [10, 19]]",1.0
1797,"[3, 9, 10]","[[0, 3], [3, 9], [9, 10], [10, 19]]",0.75
1798,"[3, 9, 10]","[[0, 3], [3, 9], [9, 10], [10, 19]]",0.5
1799,"[3, 9, 10]","[[0, 3], [3, 9], [9, 10], [10, 19]]",0.25
1800,"[3, 9, 11]","[[0, 3], [3, 9], [9, 11], [11, 19]]",1.0
1801,"[3, 9, 11]","[[0, 3], [3, 9], [9, 11], [11, 19]]",0.75
1802,"[3, 9, 11]","[[0, 3], [3, 9], [9, 11], [11, 19]]",0.5
1803,"[3, 9, 11]","[[0, 3], [3, 9], [9, 11], [11, 19]]",0.25
1804,"[3, 9, 12]","[[0, 3], [3, 9], [9, 12], [12, 19]]",1.0
1805,"[3, 9, 12]","[[0, 3], [3, 9], [9, 12], [12, 19]]",0.75
1806,"[3, 9, 12]","[[0, 3], [3, 9], [9, 12], [12, 19]]",0.5
1807,"[3, 9, 12]","[[0, 3], [3, 9], [9, 12], [12, 19]]",0.25
1808,"[3, 9, 13]","[[0, 3], [3, 9], [9, 13], [13, 19]]",1.0
1809,"[3, 9, 13]","[[0, 3], [3, 9], [9, 13], [13, 19]]",0.75
1810,"[3, 9, 13]","[[0, 3], [3, 9], [9, 13], [13, 19]]",0.5
1811,"[3, 9, 13]","[[0, 3], [3, 9], [9, 13], [13, 19]]",0.25
1812,"[3, 9, 14]","[[0, 3], [3, 9], [9, 14], [14, 19]]",1.0
1813,"[3, 9, 14]","[[0, 3], [3, 9], [9, 14], [14, 19]]",0.75
1814,"[3, 9, 14]","[[0, 3], [3, 9], [9, 14], [14, 19]]",0.5
1815,"[3, 9, 14]","[[0, 3], [3, 9], [9, 14], [14, 19]]",0.25
1816,"[3, 9, 15]","[[0, 3], [3, 9], [9, 15], [15, 19]]",1.0
1817,"[3, 9, 15]","[[0, 3], [3, 9], [9, 15], [15, 19]]",0.75
1818,"[3, 9, 15]","[[0, 3], [3, 9], [9, 15], [15, 19]]",0.5
1819,"[3, 9, 15]","[[0, 3], [3, 9], [9, 15], [15, 19]]",0.25
1820,"[3, 9, 16]","[[0, 3], [3, 9], [9, 16], [16, 19]]",1.0
1821,"[3, 9, 16]","[[0, 3], [3, 9], [9, 16], [16, 19]]",0.75
1822,"[3, 9, 16]","[[0, 3], [3, 9], [9, 16], [16, 19]]",0.5
1823,"[3, 9, 16]","[[0, 3], [3, 9], [9, 16], [16, 19]]",0.25
1824,"[3, 9, 17]","[[0, 3], [3, 9], [9, 17], [17, 19]]",1.0
1825,"[3, 9, 17]","[[0, 3], [3, 9], [9, 17], [17, 19]]",0.75
1826,"[3, 9, 17]","[[0, 3], [3, 9], [9, 17], [17, 19]]",0.5
1827,"[3, 9, 17]","[[0, 3], [3, 9], [9, 17], [17, 19]]",0.25
1828,"[3, 9, 18]","[[0, 3], [3, 9], [9, 18], [18, 19]]",1.0
1829,"[3, 9, 18]","[[0, 3], [3, 9], [9, 18], [18, 19]]",0.75
1830,"[3, 9, 18]","[[0, 3], [3, 9], [9, 18], [18, 19]]",0.5
1831,"[3, 9, 18]","[[0, 3], [3, 9], [9, 18], [18, 19]]",0.25
1832,"[3, 9, 19]","[[0, 3], [3, 9], [9, 19], [19, 19]]",1.0
1833,"[3, 9, 19]","[[0, 3], [3, 9], [9, 19], [19, 19]]",0.75
1834,"[3, 9, 19]","[[0, 3], [3, 9], [9, 19], [19, 19]]",0.5
1835,"[3, 9, 19]","[[0, 3], [3, 9], [9, 19], [19, 19]]",0.25
1836,"[3, 10, 10]","[[0, 3], [3, 10], [10, 10], [10, 19]]",1.0
1837,"[3, 10, 10]","[[0, 3], [3, 10], [10, 10], [10, 19]]",0.75
1838,"[3, 10, 10]","[[0, 3], [3, 10], [10, 10], [10, 19]]",0.5
1839,"[3, 10, 10]","[[0, 3], [3, 10], [10, 10], [10, 19]]",0.25
1840,"[3, 10, 11]","[[0, 3], [3, 10], [10, 11], [11, 19]]",1.0
1841,"[3, 10, 11]","[[0, 3], [3, 10], [10, 11], [11, 19]]",0.75
1842,"[3, 10, 11]","[[0, 3], [3, 10], [10, 11], [11, 19]]",0.5
1843,"[3, 10, 11]","[[0, 3], [3, 10], [10, 11], [11, 19]]",0.25
1844,"[3, 10, 12]","[[0, 3], [3, 10], [10, 12], [12, 19]]",1.0
1845,"[3, 10, 12]","[[0, 3], [3, 10], [10, 12], [12, 19]]",0.75
1846,"[3, 10, 12]","[[0, 3], [3, 10], [10, 12], [12, 19]]",0.5
1847,"[3, 10, 12]","[[0, 3], [3, 10], [10, 12], [12, 19]]",0.25
1848,"[3, 10, 13]","[[0, 3], [3, 10], [10, 13], [13, 19]]",1.0
1849,"[3, 10, 13]","[[0, 3], [3, 10], [10, 13], [13, 19]]",0.75
1850,"[3, 10, 13]","[[0, 3], [3, 10], [10, 13], [13, 19]]",0.5
1851,"[3, 10, 13]","[[0, 3], [3, 10], [10, 13], [13, 19]]",0.25
1852,"[3, 10, 14]","[[0, 3], [3, 10], [10, 14], [14, 19]]",1.0
1853,"[3, 10, 14]","[[0, 3], [3, 10], [10, 14], [14, 19]]",0.75
1854,"[3, 10, 14]","[[0, 3], [3, 10], [10, 14], [14, 19]]",0.5
1855,"[3, 10, 14]","[[0, 3], [3, 10], [10, 14], [14, 19]]",0.25
1856,"[3, 10, 15]","[[0, 3], [3, 10], [10, 15], [15, 19]]",1.0
1857,"[3, 10, 15]","[[0, 3], [3, 10], [10, 15], [15, 19]]",0.75
1858,"[3, 10, 15]","[[0, 3], [3, 10], [10, 15], [15, 19]]",0.5
1859,"[3, 10, 15]","[[0, 3], [3, 10], [10, 15], [15, 19]]",0.25
1860,"[3, 10, 16]","[[0, 3], [3, 10], [10, 16], [16, 19]]",1.0
1861,"[3, 10, 16]","[[0, 3], [3, 10], [10, 16], [16, 19]]",0.75
1862,"[3, 10, 16]","[[0, 3], [3, 10], [10, 16], [16, 19]]",0.5
1863,"[3, 10, 16]","[[0, 3], [3, 10], [10, 16], [16, 19]]",0.25
1864,"[3, 10, 17]","[[0, 3], [3, 10], [10, 17], [17, 19]]",1.0
1865,"[3, 10, 17]","[[0, 3], [3, 10], [10, 17], [17, 19]]",0.75
1866,"[3, 10, 17]","[[0, 3], [3, 10], [10, 17], [17, 19]]",0.5
1867,"[3, 10, 17]","[[0, 3], [3, 10], [10, 17], [17, 19]]",0.25
1868,"[3, 10, 18]","[[0, 3], [3, 10], [10, 18], [18, 19]]",1.0
1869,"[3, 10, 18]","[[0, 3], [3, 10], [10, 18], [18, 19]]",0.75
1870,"[3, 10, 18]","[[0, 3], [3, 10], [10, 18], [18, 19]]",0.5
1871,"[3, 10, 18]","[[0, 3], [3, 10], [10, 18], [18, 19]]",0.25
1872,"[3, 10, 19]","[[0, 3], [3, 10], [10, 19], [19, 19]]",1.0
1873,"[3, 10, 19]","[[0, 3], [3, 10], [10, 19], [19, 19]]",0.75
1874,"[3, 10, 19]","[[0, 3], [3, 10], [10, 19], [19, 19]]",0.5
1875,"[3, 10, 19]","[[0, 3], [3, 10], [10, 19], [19, 19]]",0.25
1876,"[3, 11, 11]","[[0, 3], [3, 11], [11, 11], [11, 19]]",1.0
1877,"[3, 11, 11]","[[0, 3], [3, 11], [11, 11], [11, 19]]",0.75
1878,"[3, 11, 11]","[[0, 3], [3, 11], [11, 11], [11, 19]]",0.5
1879,"[3, 11, 11]","[[0, 3], [3, 11], [11, 11], [11, 19]]",0.25
1880,"[3, 11, 12]","[[0, 3], [3, 11], [11, 12], [12, 19]]",1.0
1881,"[3, 11, 12]","[[0, 3], [3, 11], [11, 12], [12, 19]]",0.75
1882,"[3, 11, 12]","[[0, 3], [3, 11], [11, 12], [12, 19]]",0.5
1883,"[3, 11, 12]","[[0, 3], [3, 11], [11, 12], [12, 19]]",0.25
1884,"[3, 11, 13]","[[0, 3], [3, 11], [11, 13], [13, 19]]",1.0
1885,"[3, 11, 13]","[[0, 3], [3, 11], [11, 13], [13, 19]]",0.75
1886,"[3, 11, 13]","[[0, 3], [3, 11], [11, 13], [13, 19]]",0.5
1887,"[3, 11, 13]","[[0, 3], [3, 11], [11, 13], [13, 19]]",0.25
1888,"[3, 11, 14]","[[0, 3], [3, 11], [11, 14], [14, 19]]",1.0
1889,"[3, 11, 14]","[[0, 3], [3, 11], [11, 14], [14, 19]]",0.75
1890,"[3, 11, 14]","[[0, 3], [3, 11], [11, 14], [14, 19]]",0.5
1891,"[3, 11, 14]","[[0, 3], [3, 11], [11, 14], [14, 19]]",0.25
1892,"[3, 11, 15]","[[0, 3], [3, 11], [11, 15], [15, 19]]",1.0
1893,"[3, 11, 15]","[[0, 3], [3, 11], [11, 15], [15, 19]]",0.75
1894,"[3, 11, 15]","[[0, 3], [3, 11], [11, 15], [15, 19]]",0.5
1895,"[3, 11, 15]","[[0, 3], [3, 11], [11, 15], [15, 19]]",0.25
1896,"[3, 11, 16]","[[0, 3], [3, 11], [11, 16], [16, 19]]",1.0
1897,"[3, 11, 16]","[[0, 3], [3, 11], [11, 16], [16, 19]]",0.75
1898,"[3, 11, 16]","[[0, 3], [3, 11], [11, 16], [16, 19]]",0.5
1899,"[3, 11, 16]","[[0, 3], [3, 11], [11, 16], [16, 19]]",0.25
1900,"[3, 11, 17]","[[0, 3], [3, 11], [11, 17], [17, 19]]",1.0
1901,"[3, 11, 17]","[[0, 3], [3, 11], [11, 17], [17, 19]]",0.75
1902,"[3, 11, 17]","[[0, 3], [3, 11], [11, 17], [17, 19]]",0.5
1903,"[3, 11, 17]","[[0, 3], [3, 11], [11, 17], [17, 19]]",0.25
1904,"[3, 11, 18]","[[0, 3], [3, 11], [11, 18], [18, 19]]",1.0
1905,"[3, 11, 18]","[[0, 3], [3, 11], [11, 18], [18, 19]]",0.75
1906,"[3, 11, 18]","[[0, 3], [3, 11], [11, 18], [18, 19]]",0.5
1907,"[3, 11, 18]","[[0, 3], [3, 11], [11, 18], [18, 19]]",0.25
1908,"[3, 11, 19]","[[0, 3], [3, 11], [11, 19], [19, 19]]",1.0
1909,"[3, 11, 19]","[[0, 3], [3, 11], [11, 19], [19, 19]]",0.75
1910,"[3, 11, 19]","[[0, 3], [3, 11], [11, 19], [19, 19]]",0.5
1911,"[3, 11, 19]","[[0, 3], [3, 11], [11, 19], [19, 19]]",0.25
1912,"[3, 12, 12]","[[0, 3], [3, 12], [12, 12], [12, 19]]",1.0
1913,"[3, 12, 12]","[[0, 3], [3, 12], [12, 12], [12, 19]]",0.75
1914,"[3, 12, 12]","[[0, 3], [3, 12], [12, 12], [12, 19]]",0.5
1915,"[3, 12, 12]","[[0, 3], [3, 12], [12, 12], [12, 19]]",0.25
1916,"[3, 12, 13]","[[0, 3], [3, 12], [12, 13], [13, 19]]",1.0
1917,"[3, 12, 13]","[[0, 3], [3, 12], [12, 13], [13, 19]]",0.75
1918,"[3, 12, 13]","[[0, 3], [3, 12], [12, 13], [13, 19]]",0.5
1919,"[3, 12, 13]","[[0, 3], [3, 12], [12, 13], [13, 19]]",0.25
1920,"[3, 12, 14]","[[0, 3], [3, 12], [12, 14], [14, 19]]",1.0
1921,"[3, 12, 14]","[[0, 3], [3, 12], [12, 14], [14, 19]]",0.75
1922,"[3, 12, 14]","[[0, 3], [3, 12], [12, 14], [14, 19]]",0.5
1923,"[3, 12, 14]","[[0, 3], [3, 12], [12, 14], [14, 19]]",0.25
1924,"[3, 12, 15]","[[0, 3], [3, 12], [12, 15], [15, 19]]",1.0
1925,"[3, 12, 15]","[[0, 3], [3, 12], [12, 15], [15, 19]]",0.75
1926,"[3, 12, 15]","[[0, 3], [3, 12], [12, 15], [15, 19]]",0.5
1927,"[3, 12, 15]","[[0, 3], [3, 12], [12, 15], [15, 19]]",0.25
1928,"[3, 12, 16]","[[0, 3], [3, 12], [12, 16], [16, 19]]",1.0
1929,"[3, 12, 16]","[[0, 3], [3, 12], [12, 16], [16, 19]]",0.75
1930,"[3, 12, 16]","[[0, 3], [3, 12], [12, 16], [16, 19]]",0.5
1931,"[3, 12, 16]","[[0, 3], [3, 12], [12, 16], [16, 19]]",0.25
1932,"[3, 12, 17]","[[0, 3], [3, 12], [12, 17], [17, 19]]",1.0
1933,"[3, 12, 17]","[[0, 3], [3, 12], [12, 17], [17, 19]]",0.75
1934,"[3, 12, 17]","[[0, 3], [3, 12], [12, 17], [17, 19]]",0.5
1935,"[3, 12, 17]","[[0, 3], [3, 12], [12, 17], [17, 19]]",0.25
1936,"[3, 12, 18]","[[0, 3], [3, 12], [12, 18], [18, 19]]",1.0
1937,"[3, 12, 18]","[[0, 3], [3, 12], [12, 18], [18, 19]]",0.75
1938,"[3, 12, 18]","[[0, 3], [3, 12], [12, 18], [18, 19]]",0.5
1939,"[3, 12, 18]","[[0, 3], [3, 12], [12, 18], [18, 19]]",0.25
1940,"[3, 12, 19]","[[0, 3], [3, 12], [12, 19], [19, 19]]",1.0
1941,"[3, 12, 19]","[[0, 3], [3, 12], [12, 19], [19, 19]]",0.75
1942,"[3, 12, 19]","[[0, 3], [3, 12], [12, 19], [19, 19]]",0.5
1943,"[3, 12, 19]","[[0, 3], [3, 12], [12, 19], [19, 19]]",0.25
1944,"[3, 13, 13]","[[0, 3], [3, 13], [13, 13], [13, 19]]",1.0
1945,"[3, 13, 13]","[[0, 3], [3, 13], [13, 13], [13, 19]]",0.75
1946,"[3, 13, 13]","[[0, 3], [3, 13], [13, 13], [13, 19]]",0.5
1947,"[3, 13, 13]","[[0, 3], [3, 13], [13, 13], [13, 19]]",0.25
1948,"[3, 13, 14]","[[0, 3], [3, 13], [13, 14], [14, 19]]",1.0
1949,"[3, 13, 14]","[[0, 3], [3, 13], [13, 14], [14, 19]]",0.75
1950,"[3, 13, 14]","[[0, 3], [3, 13], [13, 14], [14, 19]]",0.5
1951,"[3, 13, 14]","[[0, 3], [3, 13], [13, 14], [14, 19]]",0.25
1952,"[3, 13, 15]","[[0, 3], [3, 13], [13, 15], [15, 19]]",1.0
1953,"[3, 13, 15]","[[0, 3], [3, 13], [13, 15], [15, 19]]",0.75
1954,"[3, 13, 15]","[[0, 3], [3, 13], [13, 15], [15, 19]]",0.5
1955,"[3, 13, 15]","[[0, 3], [3, 13], [13, 15], [15, 19]]",0.25
1956,"[3, 13, 16]","[[0, 3], [3, 13], [13, 16], [16, 19]]",1.0
1957,"[3, 13, 16]","[[0, 3], [3, 13], [13, 16], [16, 19]]",0.75
1958,"[3, 13, 16]","[[0, 3], [3, 13], [13, 16], [16, 19]]",0.5
1959,"[3, 13, 16]","[[0, 3], [3, 13], [13, 16], [16, 19]]",0.25
1960,"[3, 13, 17]","[[0, 3], [3, 13], [13, 17], [17, 19]]",1.0
1961,"[3, 13, 17]","[[0, 3], [3, 13], [13, 17], [17, 19]]",0.75
1962,"[3, 13, 17]","[[0, 3], [3, 13], [13, 17], [17, 19]]",0.5
1963,"[3, 13, 17]","[[0, 3], [3, 13], [13, 17], [17, 19]]",0.25
1964,"[3, 13, 18]","[[0, 3], [3, 13], [13, 18], [18, 19]]",1.0
1965,"[3, 13, 18]","[[0, 3], [3, 13], [13, 18], [18, 19]]",0.75
1966,"[3, 13, 18]","[[0, 3], [3, 13], [13, 18], [18, 19]]",0.5
1967,"[3, 13, 18]","[[0, 3], [3, 13], [13, 18], [18, 19]]",0.25
1968,"[3, 13, 19]","[[0, 3], [3, 13], [13, 19], [19, 19]]",1.0
1969,"[3, 13, 19]","[[0, 3], [3, 13], [13, 19], [19, 19]]",0.75
1970,"[3, 13, 19]","[[0, 3], [3, 13], [13, 19], [19, 19]]",0.5
1971,"[3, 13, 19]","[[0, 3], [3, 13], [13, 19], [19, 19]]",0.25
1972,"[3, 14, 14]","[[0, 3], [3, 14], [14, 14], [14, 19]]",1.0
1973,"[3, 14, 14]","[[0, 3], [3, 14], [14, 14], [14, 19]]",0.75
1974,"[3, 14, 14]","[[0, 3], [3, 14], [14, 14], [14, 19]]",0.5
1975,"[3, 14, 14]","[[0, 3], [3, 14], [14, 14], [14, 19]]",0.25
1976,"[3, 14, 15]","[[0, 3], [3, 14], [14, 15], [15, 19]]",1.0
1977,"[3, 14, 15]","[[0, 3], [3, 14], [14, 15], [15, 19]]",0.75
1978,"[3, 14, 15]","[[0, 3], [3, 14], [14, 15], [15, 19]]",0.5
1979,"[3, 14, 15]","[[0, 3], [3, 14], [14, 15], [15, 19]]",0.25
1980,"[3, 14, 16]","[[0, 3], [3, 14], [14, 16], [16, 19]]",1.0
1981,"[3, 14, 16]","[[0, 3], [3, 14], [14, 16], [16, 19]]",0.75
1982,"[3, 14, 16]","[[0, 3], [3, 14], [14, 16], [16, 19]]",0.5
1983,"[3, 14, 16]","[[0, 3], [3, 14], [14, 16], [16, 19]]",0.25
1984,"[3, 14, 17]","[[0, 3], [3, 14], [14, 17], [17, 19]]",1.0
1985,"[3, 14, 17]","[[0, 3], [3, 14], [14, 17], [17, 19]]",0.75
1986,"[3, 14, 17]","[[0, 3], [3, 14], [14, 17], [17, 19]]",0.5
1987,"[3, 14, 17]","[[0, 3], [3, 14], [14, 17], [17, 19]]",0.25
1988,"[3, 14, 18]","[[0, 3], [3, 14], [14, 18], [18, 19]]",1.0
1989,"[3, 14, 18]","[[0, 3], [3, 14], [14, 18], [18, 19]]",0.75
1990,"[3, 14, 18]","[[0, 3], [3, 14], [14, 18], [18, 19]]",0.5
1991,"[3, 14, 18]","[[0, 3], [3, 14], [14, 18], [18, 19]]",0.25
1992,"[3, 14, 19]","[[0, 3], [3, 14], [14, 19], [19, 19]]",1.0
1993,"[3, 14, 19]","[[0, 3], [3, 14], [14, 19], [19, 19]]",0.75
1994,"[3, 14, 19]","[[0, 3], [3, 14], [14, 19], [19, 19]]",0.5
1995,"[3, 14, 19]","[[0, 3], [3, 14], [14, 19], [19, 19]]",0.25
1996,"[3, 15, 15]","[[0, 3], [3, 15], [15, 15], [15, 19]]",1.0
1997,"[3, 15, 15]","[[0, 3], [3, 15], [15, 15], [15, 19]]",0.75
1998,"[3, 15, 15]","[[0, 3], [3, 15], [15, 15], [15, 19]]",0.5
1999,"[3, 15, 15]","[[0, 3], [3, 15], [15, 15], [15, 19]]",0.25
2000,"[3, 15, 16]","[[0, 3], [3, 15], [15, 16], [16, 19]]",1.0
2001,"[3, 15, 16]","[[0, 3], [3, 15], [15, 16], [16, 19]]",0.75
2002,"[3, 15, 16]","[[0, 3], [3, 15], [15, 16], [16, 19]]",0.5
2003,"[3, 15, 16]","[[0, 3], [3, 15], [15, 16], [16, 19]]",0.25
2004,"[3, 15, 17]","[[0, 3], [3, 15], [15, 17], [17, 19]]",1.0
2005,"[3, 15, 17]","[[0, 3], [3, 15], [15, 17], [17, 19]]",0.75
2006,"[3, 15, 17]","[[0, 3], [3, 15], [15, 17], [17, 19]]",0.5
2007,"[3, 15, 17]","[[0, 3], [3, 15], [15, 17], [17, 19]]",0.25
2008,"[3, 15, 18]","[[0, 3], [3, 15], [15, 18], [18, 19]]",1.0
2009,"[3, 15, 18]","[[0, 3], [3, 15], [15, 18], [18, 19]]",0.75
2010,"[3, 15, 18]","[[0, 3], [3, 15], [15, 18], [18, 19]]",0.5
2011,"[3, 15, 18]","[[0, 3], [3, 15], [15, 18], [18, 19]]",0.25
2012,"[3, 15, 19]","[[0, 3], [3, 15], [15, 19], [19, 19]]",1.0
2013,"[3, 15, 19]","[[0, 3], [3, 15], [15, 19], [19, 19]]",0.75
2014,"[3, 15, 19]","[[0, 3], [3, 15], [15, 19], [19, 19]]",0.5
2015,"[3, 15, 19]","[[0, 3], [3, 15], [15, 19], [19, 19]]",0.25
2016,"[3, 16, 16]","[[0, 3], [3, 16], [16, 16], [16, 19]]",1.0
2017,"[3, 16, 16]","[[0, 3], [3, 16], [16, 16], [16, 19]]",0.75
2018,"[3, 16, 16]","[[0, 3], [3, 16], [16, 16], [16, 19]]",0.5
2019,"[3, 16, 16]","[[0, 3], [3, 16], [16, 16], [16, 19]]",0.25
2020,"[3, 16, 17]","[[0, 3], [3, 16], [16, 17], [17, 19]]",1.0
2021,"[3, 16, 17]","[[0, 3], [3, 16], [16, 17], [17, 19]]",0.75
2022,"[3, 16, 17]","[[0, 3], [3, 16], [16, 17], [17, 19]]",0.5
2023,"[3, 16, 17]","[[0, 3], [3, 16], [16, 17], [17, 19]]",0.25
2024,"[3, 16, 18]","[[0, 3], [3, 16], [16, 18], [18, 19]]",1.0
2025,"[3, 16, 18]","[[0, 3], [3, 16], [16, 18], [18, 19]]",0.75
2026,"[3, 16, 18]","[[0, 3], [3, 16], [16, 18], [18, 19]]",0.5
2027,"[3, 16, 18]","[[0, 3], [3, 16], [16, 18], [18, 19]]",0.25
2028,"[3, 16, 19]","[[0, 3], [3, 16], [16, 19], [19, 19]]",1.0
2029,"[3, 16, 19]","[[0, 3], [3, 16], [16, 19], [19, 19]]",0.75
2030,"[3, 16, 19]","[[0, 3], [3, 16], [16, 19], [19, 19]]",0.5
2031,"[3, 16, 19]","[[0, 3], [3, 16], [16, 19], [19, 19]]",0.25
2032,"[3, 17, 17]","[[0, 3], [3, 17], [17, 17], [17, 19]]",1.0
2033,"[3, 17, 17]","[[0, 3], [3, 17], [17, 17], [17, 19]]",0.75
2034,"[3, 17, 17]","[[0, 3], [3, 17], [17, 17], [17, 19]]",0.5
2035,"[3, 17, 17]","[[0, 3], [3, 17], [17, 17], [17, 19]]",0.25
2036,"[3, 17, 18]","[[0, 3], [3, 17], [17, 18], [18, 19]]",1.0
2037,"[3, 17, 18]","[[0, 3], [3, 17], [17, 18], [18, 19]]",0.75
2038,"[3, 17, 18]","[[0, 3], [3, 17], [17, 18], [18, 19]]",0.5
2039,"[3, 17, 18]","[[0, 3], [3, 17], [17, 18], [18, 19]]",0.25
2040,"[3, 17, 19]","[[0, 3], [3, 17], [17, 19], [19, 19]]",1.0
2041,"[3, 17, 19]","[[0, 3], [3, 17], [17, 19], [19, 19]]",0.75
2042,"[3, 17, 19]","[[0, 3], [3, 17], [17, 19], [19, 19]]",0.5
2043,"[3, 17, 19]","[[0, 3], [3, 17], [17, 19], [19, 19]]",0.25
2044,"[3, 18, 18]","[[0, 3], [3, 18], [18, 18], [18, 19]]",1.0
2045,"[3, 18, 18]","[[0, 3], [3, 18], [18, 18], [18, 19]]",0.75
2046,"[3, 18, 18]","[[0, 3], [3, 18], [18, 18], [18, 19]]",0.5
2047,"[3, 18, 18]","[[0, 3], [3, 18], [18, 18], [18, 19]]",0.25
2048,"[3, 18, 19]","[[0, 3], [3, 18], [18, 19], [19, 19]]",1.0
2049,"[3, 18, 19]","[[0, 3], [3, 18], [18, 19], [19, 19]]",0.75
2050,"[3, 18, 19]","[[0, 3], [3, 18], [18, 19], [19, 19]]",0.5
2051,"[3, 18, 19]","[[0, 3], [3, 18], [18, 19], [19, 19]]",0.25
2052,"[3, 19, 19]","[[0, 3], [3, 19], [19, 19], [19, 19]]",1.0
2053,"[3, 19, 19]","[[0, 3], [3, 19], [19, 19], [19, 19]]",0.75
2054,"[3, 19, 19]","[[0, 3], [3, 19], [19, 19], [19, 19]]",0.5
2055,"[3, 19, 19]","[[0, 3], [3, 19], [19, 19], [19, 19]]",0.25
2056,"[4, 4, 4]","[[0, 4], [4, 4], [4, 4], [4, 19]]",1.0
2057,"[4, 4, 4]","[[0, 4], [4, 4], [4, 4], [4, 19]]",0.75
2058,"[4, 4, 4]","[[0, 4], [4, 4], [4, 4], [4, 19]]",0.5
2059,"[4, 4, 4]","[[0, 4], [4, 4], [4, 4], [4, 19]]",0.25
2060,"[4, 4, 5]","[[0, 4], [4, 4], [4, 5], [5, 19]]",1.0
2061,"[4, 4, 5]","[[0, 4], [4, 4], [4, 5], [5, 19]]",0.75
2062,"[4, 4, 5]","[[0, 4], [4, 4], [4, 5], [5, 19]]",0.5
2063,"[4, 4, 5]","[[0, 4], [4, 4], [4, 5], [5, 19]]",0.25
2064,"[4, 4, 6]","[[0, 4], [4, 4], [4, 6], [6, 19]]",1.0
2065,"[4, 4, 6]","[[0, 4], [4, 4], [4, 6], [6, 19]]",0.75
2066,"[4, 4, 6]","[[0, 4], [4, 4], [4, 6], [6, 19]]",0.5
2067,"[4, 4, 6]","[[0, 4], [4, 4], [4, 6], [6, 19]]",0.25
2068,"[4, 4, 7]","[[0, 4], [4, 4], [4, 7], [7, 19]]",1.0
2069,"[4, 4, 7]","[[0, 4], [4, 4], [4, 7], [7, 19]]",0.75
2070,"[4, 4, 7]","[[0, 4], [4, 4], [4, 7], [7, 19]]",0.5
2071,"[4, 4, 7]","[[0, 4], [4, 4], [4, 7], [7, 19]]",0.25
2072,"[4, 4, 8]","[[0, 4], [4, 4], [4, 8], [8, 19]]",1.0
2073,"[4, 4, 8]","[[0, 4], [4, 4], [4, 8], [8, 19]]",0.75
2074,"[4, 4, 8]","[[0, 4], [4, 4], [4, 8], [8, 19]]",0.5
2075,"[4, 4, 8]","[[0, 4], [4, 4], [4, 8], [8, 19]]",0.25
2076,"[4, 4, 9]","[[0, 4], [4, 4], [4, 9], [9, 19]]",1.0
2077,"[4, 4, 9]","[[0, 4], [4, 4], [4, 9], [9, 19]]",0.75
2078,"[4, 4, 9]","[[0, 4], [4, 4], [4, 9], [9, 19]]",0.5
2079,"[4, 4, 9]","[[0, 4], [4, 4], [4, 9], [9, 19]]",0.25
2080,"[4, 4, 10]","[[0, 4], [4, 4], [4, 10], [10, 19]]",1.0
2081,"[4, 4, 10]","[[0, 4], [4, 4], [4, 10], [10, 19]]",0.75
2082,"[4, 4, 10]","[[0, 4], [4, 4], [4, 10], [10, 19]]",0.5
2083,"[4, 4, 10]","[[0, 4], [4, 4], [4, 10], [10, 19]]",0.25
2084,"[4, 4, 11]","[[0, 4], [4, 4], [4, 11], [11, 19]]",1.0
2085,"[4, 4, 11]","[[0, 4], [4, 4], [4, 11], [11, 19]]",0.75
2086,"[4, 4, 11]","[[0, 4], [4, 4], [4, 11], [11, 19]]",0.5
2087,"[4, 4, 11]","[[0, 4], [4, 4], [4, 11], [11, 19]]",0.25
2088,"[4, 4, 12]","[[0, 4], [4, 4], [4, 12], [12, 19]]",1.0
2089,"[4, 4, 12]","[[0, 4], [4, 4], [4, 12], [12, 19]]",0.75
2090,"[4, 4, 12]","[[0, 4], [4, 4], [4, 12], [12, 19]]",0.5
2091,"[4, 4, 12]","[[0, 4], [4, 4], [4, 12], [12, 19]]",0.25
2092,"[4, 4, 13]","[[0, 4], [4, 4], [4, 13], [13, 19]]",1.0
2093,"[4, 4, 13]","[[0, 4], [4, 4], [4, 13], [13, 19]]",0.75
2094,"[4, 4, 13]","[[0, 4], [4, 4], [4, 13], [13, 19]]",0.5
2095,"[4, 4, 13]","[[0, 4], [4, 4], [4, 13], [13, 19]]",0.25
2096,"[4, 4, 14]","[[0, 4], [4, 4], [4, 14], [14, 19]]",1.0
2097,"[4, 4, 14]","[[0, 4], [4, 4], [4, 14], [14, 19]]",0.75
2098,"[4, 4, 14]","[[0, 4], [4, 4], [4, 14], [14, 19]]",0.5
2099,"[4, 4, 14]","[[0, 4], [4, 4], [4, 14], [14, 19]]",0.25
2100,"[4, 4, 15]","[[0, 4], [4, 4], [4, 15], [15, 19]]",1.0
2101,"[4, 4, 15]","[[0, 4], [4, 4], [4, 15], [15, 19]]",0.75
2102,"[4, 4, 15]","[[0, 4], [4, 4], [4, 15], [15, 19]]",0.5
2103,"[4, 4, 15]","[[0, 4], [4, 4], [4, 15], [15, 19]]",0.25
2104,"[4, 4, 16]","[[0, 4], [4, 4], [4, 16], [16, 19]]",1.0
2105,"[4, 4, 16]","[[0, 4], [4, 4], [4, 16], [16, 19]]",0.75
2106,"[4, 4, 16]","[[0, 4], [4, 4], [4, 16], [16, 19]]",0.5
2107,"[4, 4, 16]","[[0, 4], [4, 4], [4, 16], [16, 19]]",0.25
2108,"[4, 4, 17]","[[0, 4], [4, 4], [4, 17], [17, 19]]",1.0
2109,"[4, 4, 17]","[[0, 4], [4, 4], [4, 17], [17, 19]]",0.75
2110,"[4, 4, 17]","[[0, 4], [4, 4], [4, 17], [17, 19]]",0.5
2111,"[4, 4, 17]","[[0, 4], [4, 4], [4, 17], [17, 19]]",0.25
2112,"[4, 4, 18]","[[0, 4], [4, 4], [4, 18], [18, 19]]",1.0
2113,"[4, 4, 18]","[[0, 4], [4, 4], [4, 18], [18, 19]]",0.75
2114,"[4, 4, 18]","[[0, 4], [4, 4], [4, 18], [18, 19]]",0.5
2115,"[4, 4, 18]","[[0, 4], [4, 4], [4, 18], [18, 19]]",0.25
2116,"[4, 4, 19]","[[0, 4], [4, 4], [4, 19], [19, 19]]",1.0
2117,"[4, 4, 19]","[[0, 4], [4, 4], [4, 19], [19, 19]]",0.75
2118,"[4, 4, 19]","[[0, 4], [4, 4], [4, 19], [19, 19]]",0.5
2119,"[4, 4, 19]","[[0, 4], [4, 4], [4, 19], [19, 19]]",0.25
2120,"[4, 5, 5]","[[0, 4], [4, 5], [5, 5], [5, 19]]",1.0
2121,"[4, 5, 5]","[[0, 4], [4, 5], [5, 5], [5, 19]]",0.75
2122,"[4, 5, 5]","[[0, 4], [4, 5], [5, 5], [5, 19]]",0.5
2123,"[4, 5, 5]","[[0, 4], [4, 5], [5, 5], [5, 19]]",0.25
2124,"[4, 5, 6]","[[0, 4], [4, 5], [5, 6], [6, 19]]",1.0
2125,"[4, 5, 6]","[[0, 4], [4, 5], [5, 6], [6, 19]]",0.75
2126,"[4, 5, 6]","[[0, 4], [4, 5], [5, 6], [6, 19]]",0.5
2127,"[4, 5, 6]","[[0, 4], [4, 5], [5, 6], [6, 19]]",0.25
2128,"[4, 5, 7]","[[0, 4], [4, 5], [5, 7], [7, 19]]",1.0
2129,"[4, 5, 7]","[[0, 4], [4, 5], [5, 7], [7, 19]]",0.75
2130,"[4, 5, 7]","[[0, 4], [4, 5], [5, 7], [7, 19]]",0.5
2131,"[4, 5, 7]","[[0, 4], [4, 5], [5, 7], [7, 19]]",0.25
2132,"[4, 5, 8]","[[0, 4], [4, 5], [5, 8], [8, 19]]",1.0
2133,"[4, 5, 8]","[[0, 4], [4, 5], [5, 8], [8, 19]]",0.75
2134,"[4, 5, 8]","[[0, 4], [4, 5], [5, 8], [8, 19]]",0.5
2135,"[4, 5, 8]","[[0, 4], [4, 5], [5, 8], [8, 19]]",0.25
2136,"[4, 5, 9]","[[0, 4], [4, 5], [5, 9], [9, 19]]",1.0
2137,"[4, 5, 9]","[[0, 4], [4, 5], [5, 9], [9, 19]]",0.75
2138,"[4, 5, 9]","[[0, 4], [4, 5], [5, 9], [9, 19]]",0.5
2139,"[4, 5, 9]","[[0, 4], [4, 5], [5, 9], [9, 19]]",0.25
2140,"[4, 5, 10]","[[0, 4], [4, 5], [5, 10], [10, 19]]",1.0
2141,"[4, 5, 10]","[[0, 4], [4, 5], [5, 10], [10, 19]]",0.75
2142,"[4, 5, 10]","[[0, 4], [4, 5], [5, 10], [10, 19]]",0.5
2143,"[4, 5, 10]","[[0, 4], [4, 5], [5, 10], [10, 19]]",0.25
2144,"[4, 5, 11]","[[0, 4], [4, 5], [5, 11], [11, 19]]",1.0
2145,"[4, 5, 11]","[[0, 4], [4, 5], [5, 11], [11, 19]]",0.75
2146,"[4, 5, 11]","[[0, 4], [4, 5], [5, 11], [11, 19]]",0.5
2147,"[4, 5, 11]","[[0, 4], [4, 5], [5, 11], [11, 19]]",0.25
2148,"[4, 5, 12]","[[0, 4], [4, 5], [5, 12], [12, 19]]",1.0
2149,"[4, 5, 12]","[[0, 4], [4, 5], [5, 12], [12, 19]]",0.75
2150,"[4, 5, 12]","[[0, 4], [4, 5], [5, 12], [12, 19]]",0.5
2151,"[4, 5, 12]","[[0, 4], [4, 5], [5, 12], [12, 19]]",0.25
2152,"[4, 5, 13]","[[0, 4], [4, 5], [5, 13], [13, 19]]",1.0
2153,"[4, 5, 13]","[[0, 4], [4, 5], [5, 13], [13, 19]]",0.75
2154,"[4, 5, 13]","[[0, 4], [4, 5], [5, 13], [13, 19]]",0.5
2155,"[4, 5, 13]","[[0, 4], [4, 5], [5, 13], [13, 19]]",0.25
2156,"[4, 5, 14]","[[0, 4], [4, 5], [5, 14], [14, 19]]",1.0
2157,"[4, 5, 14]","[[0, 4], [4, 5], [5, 14], [14, 19]]",0.75
2158,"[4, 5, 14]","[[0, 4], [4, 5], [5, 14], [14, 19]]",0.5
2159,"[4, 5, 14]","[[0, 4], [4, 5], [5, 14], [14, 19]]",0.25
2160,"[4, 5, 15]","[[0, 4], [4, 5], [5, 15], [15, 19]]",1.0
2161,"[4, 5, 15]","[[0, 4], [4, 5], [5, 15], [15, 19]]",0.75
2162,"[4, 5, 15]","[[0, 4], [4, 5], [5, 15], [15, 19]]",0.5
2163,"[4, 5, 15]","[[0, 4], [4, 5], [5, 15], [15, 19]]",0.25
2164,"[4, 5, 16]","[[0, 4], [4, 5], [5, 16], [16, 19]]",1.0
2165,"[4, 5, 16]","[[0, 4], [4, 5], [5, 16], [16, 19]]",0.75
2166,"[4, 5, 16]","[[0, 4], [4, 5], [5, 16], [16, 19]]",0.5
2167,"[4, 5, 16]","[[0, 4], [4, 5], [5, 16], [16, 19]]",0.25
2168,"[4, 5, 17]","[[0, 4], [4, 5], [5, 17], [17, 19]]",1.0
2169,"[4, 5, 17]","[[0, 4], [4, 5], [5, 17], [17, 19]]",0.75
2170,"[4, 5, 17]","[[0, 4], [4, 5], [5, 17], [17, 19]]",0.5
2171,"[4, 5, 17]","[[0, 4], [4, 5], [5, 17], [17, 19]]",0.25
2172,"[4, 5, 18]","[[0, 4], [4, 5], [5, 18], [18, 19]]",1.0
2173,"[4, 5, 18]","[[0, 4], [4, 5], [5, 18], [18, 19]]",0.75
2174,"[4, 5, 18]","[[0, 4], [4, 5], [5, 18], [18, 19]]",0.5
2175,"[4, 5, 18]","[[0, 4], [4, 5], [5, 18], [18, 19]]",0.25
2176,"[4, 5, 19]","[[0, 4], [4, 5], [5, 19], [19, 19]]",1.0
2177,"[4, 5, 19]","[[0, 4], [4, 5], [5, 19], [19, 19]]",0.75
2178,"[4, 5, 19]","[[0, 4], [4, 5], [5, 19], [19, 19]]",0.5
2179,"[4, 5, 19]","[[0, 4], [4, 5], [5, 19], [19, 19]]",0.25
2180,"[4, 6, 6]","[[0, 4], [4, 6], [6, 6], [6, 19]]",1.0
2181,"[4, 6, 6]","[[0, 4], [4, 6], [6, 6], [6, 19]]",0.75
2182,"[4, 6, 6]","[[0, 4], [4, 6], [6, 6], [6, 19]]",0.5
2183,"[4, 6, 6]","[[0, 4], [4, 6], [6, 6], [6, 19]]",0.25
2184,"[4, 6, 7]","[[0, 4], [4, 6], [6, 7], [7, 19]]",1.0
2185,"[4, 6, 7]","[[0, 4], [4, 6], [6, 7], [7, 19]]",0.75
2186,"[4, 6, 7]","[[0, 4], [4, 6], [6, 7], [7, 19]]",0.5
2187,"[4, 6, 7]","[[0, 4], [4, 6], [6, 7], [7, 19]]",0.25
2188,"[4, 6, 8]","[[0, 4], [4, 6], [6, 8], [8, 19]]",1.0
2189,"[4, 6, 8]","[[0, 4], [4, 6], [6, 8], [8, 19]]",0.75
2190,"[4, 6, 8]","[[0, 4], [4, 6], [6, 8], [8, 19]]",0.5
2191,"[4, 6, 8]","[[0, 4], [4, 6], [6, 8], [8, 19]]",0.25
2192,"[4, 6, 9]","[[0, 4], [4, 6], [6, 9], [9, 19]]",1.0
2193,"[4, 6, 9]","[[0, 4], [4, 6], [6, 9], [9, 19]]",0.75
2194,"[4, 6, 9]","[[0, 4], [4, 6], [6, 9], [9, 19]]",0.5
2195,"[4, 6, 9]","[[0, 4], [4, 6], [6, 9], [9, 19]]",0.25
2196,"[4, 6, 10]","[[0, 4], [4, 6], [6, 10], [10, 19]]",1.0
2197,"[4, 6, 10]","[[0, 4], [4, 6], [6, 10], [10, 19]]",0.75
2198,"[4, 6, 10]","[[0, 4], [4, 6], [6, 10], [10, 19]]",0.5
2199,"[4, 6, 10]","[[0, 4], [4, 6], [6, 10], [10, 19]]",0.25
2200,"[4, 6, 11]","[[0, 4], [4, 6], [6, 11], [11, 19]]",1.0
2201,"[4, 6, 11]","[[0, 4], [4, 6], [6, 11], [11, 19]]",0.75
2202,"[4, 6, 11]","[[0, 4], [4, 6], [6, 11], [11, 19]]",0.5
2203,"[4, 6, 11]","[[0, 4], [4, 6], [6, 11], [11, 19]]",0.25
2204,"[4, 6, 12]","[[0, 4], [4, 6], [6, 12], [12, 19]]",1.0
2205,"[4, 6, 12]","[[0, 4], [4, 6], [6, 12], [12, 19]]",0.75
2206,"[4, 6, 12]","[[0, 4], [4, 6], [6, 12], [12, 19]]",0.5
2207,"[4, 6, 12]","[[0, 4], [4, 6], [6, 12], [12, 19]]",0.25
2208,"[4, 6, 13]","[[0, 4], [4, 6], [6, 13], [13, 19]]",1.0
2209,"[4, 6, 13]","[[0, 4], [4, 6], [6, 13], [13, 19]]",0.75
2210,"[4, 6, 13]","[[0, 4], [4, 6], [6, 13], [13, 19]]",0.5
2211,"[4, 6, 13]","[[0, 4], [4, 6], [6, 13], [13, 19]]",0.25
2212,"[4, 6, 14]","[[0, 4], [4, 6], [6, 14], [14, 19]]",1.0
2213,"[4, 6, 14]","[[0, 4], [4, 6], [6, 14], [14, 19]]",0.75
2214,"[4, 6, 14]","[[0, 4], [4, 6], [6, 14], [14, 19]]",0.5
2215,"[4, 6, 14]","[[0, 4], [4, 6], [6, 14], [14, 19]]",0.25
2216,"[4, 6, 15]","[[0, 4], [4, 6], [6, 15], [15, 19]]",1.0
2217,"[4, 6, 15]","[[0, 4], [4, 6], [6, 15], [15, 19]]",0.75
2218,"[4, 6, 15]","[[0, 4], [4, 6], [6, 15], [15, 19]]",0.5
2219,"[4, 6, 15]","[[0, 4], [4, 6], [6, 15], [15, 19]]",0.25
2220,"[4, 6, 16]","[[0, 4], [4, 6], [6, 16], [16, 19]]",1.0
2221,"[4, 6, 16]","[[0, 4], [4, 6], [6, 16], [16, 19]]",0.75
2222,"[4, 6, 16]","[[0, 4], [4, 6], [6, 16], [16, 19]]",0.5
2223,"[4, 6, 16]","[[0, 4], [4, 6], [6, 16], [16, 19]]",0.25
2224,"[4, 6, 17]","[[0, 4], [4, 6], [6, 17], [17, 19]]",1.0
2225,"[4, 6, 17]","[[0, 4], [4, 6], [6, 17], [17, 19]]",0.75
2226,"[4, 6, 17]","[[0, 4], [4, 6], [6, 17], [17, 19]]",0.5
2227,"[4, 6, 17]","[[0, 4], [4, 6], [6, 17], [17, 19]]",0.25
2228,"[4, 6, 18]","[[0, 4], [4, 6], [6, 18], [18, 19]]",1.0
2229,"[4, 6, 18]","[[0, 4], [4, 6], [6, 18], [18, 19]]",0.75
2230,"[4, 6, 18]","[[0, 4], [4, 6], [6, 18], [18, 19]]",0.5
2231,"[4, 6, 18]","[[0, 4], [4, 6], [6, 18], [18, 19]]",0.25
2232,"[4, 6, 19]","[[0, 4], [4, 6], [6, 19], [19, 19]]",1.0
2233,"[4, 6, 19]","[[0, 4], [4, 6], [6, 19], [19, 19]]",0.75
2234,"[4, 6, 19]","[[0, 4], [4, 6], [6, 19], [19, 19]]",0.5
2235,"[4, 6, 19]","[[0, 4], [4, 6], [6, 19], [19, 19]]",0.25
2236,"[4, 7, 7]","[[0, 4], [4, 7], [7, 7], [7, 19]]",1.0
2237,"[4, 7, 7]","[[0, 4], [4, 7], [7, 7], [7, 19]]",0.75
2238,"[4, 7, 7]","[[0, 4], [4, 7], [7, 7], [7, 19]]",0.5
2239,"[4, 7, 7]","[[0, 4], [4, 7], [7, 7], [7, 19]]",0.25
2240,"[4, 7, 8]","[[0, 4], [4, 7], [7, 8], [8, 19]]",1.0
2241,"[4, 7, 8]","[[0, 4], [4, 7], [7, 8], [8, 19]]",0.75
2242,"[4, 7, 8]","[[0, 4], [4, 7], [7, 8], [8, 19]]",0.5
2243,"[4, 7, 8]","[[0, 4], [4, 7], [7, 8], [8, 19]]",0.25
2244,"[4, 7, 9]","[[0, 4], [4, 7], [7, 9], [9, 19]]",1.0
2245,"[4, 7, 9]","[[0, 4], [4, 7], [7, 9], [9, 19]]",0.75
2246,"[4, 7, 9]","[[0, 4], [4, 7], [7, 9], [9, 19]]",0.5
2247,"[4, 7, 9]","[[0, 4], [4, 7], [7, 9], [9, 19]]",0.25
2248,"[4, 7, 10]","[[0, 4], [4, 7], [7, 10], [10, 19]]",1.0
2249,"[4, 7, 10]","[[0, 4], [4, 7], [7, 10], [10, 19]]",0.75
2250,"[4, 7, 10]","[[0, 4], [4, 7], [7, 10], [10, 19]]",0.5
2251,"[4, 7, 10]","[[0, 4], [4, 7], [7, 10], [10, 19]]",0.25
2252,"[4, 7, 11]","[[0, 4], [4, 7], [7, 11], [11, 19]]",1.0
2253,"[4, 7, 11]","[[0, 4], [4, 7], [7, 11], [11, 19]]",0.75
2254,"[4, 7, 11]","[[0, 4], [4, 7], [7, 11], [11, 19]]",0.5
2255,"[4, 7, 11]","[[0, 4], [4, 7], [7, 11], [11, 19]]",0.25
2256,"[4, 7, 12]","[[0, 4], [4, 7], [7, 12], [12, 19]]",1.0
2257,"[4, 7, 12]","[[0, 4], [4, 7], [7, 12], [12, 19]]",0.75
2258,"[4, 7, 12]","[[0, 4], [4, 7], [7, 12], [12, 19]]",0.5
2259,"[4, 7, 12]","[[0, 4], [4, 7], [7, 12], [12, 19]]",0.25
2260,"[4, 7, 13]","[[0, 4], [4, 7], [7, 13], [13, 19]]",1.0
2261,"[4, 7, 13]","[[0, 4], [4, 7], [7, 13], [13, 19]]",0.75
2262,"[4, 7, 13]","[[0, 4], [4, 7], [7, 13], [13, 19]]",0.5
2263,"[4, 7, 13]","[[0, 4], [4, 7], [7, 13], [13, 19]]",0.25
2264,"[4, 7, 14]","[[0, 4], [4, 7], [7, 14], [14, 19]]",1.0
2265,"[4, 7, 14]","[[0, 4], [4, 7], [7, 14], [14, 19]]",0.75
2266,"[4, 7, 14]","[[0, 4], [4, 7], [7, 14], [14, 19]]",0.5
2267,"[4, 7, 14]","[[0, 4], [4, 7], [7, 14], [14, 19]]",0.25
2268,"[4, 7, 15]","[[0, 4], [4, 7], [7, 15], [15, 19]]",1.0
2269,"[4, 7, 15]","[[0, 4], [4, 7], [7, 15], [15, 19]]",0.75
2270,"[4, 7, 15]","[[0, 4], [4, 7], [7, 15], [15, 19]]",0.5
2271,"[4, 7, 15]","[[0, 4], [4, 7], [7, 15], [15, 19]]",0.25
2272,"[4, 7, 16]","[[0, 4], [4, 7], [7, 16], [16, 19]]",1.0
2273,"[4, 7, 16]","[[0, 4], [4, 7], [7, 16], [16, 19]]",0.75
2274,"[4, 7, 16]","[[0, 4], [4, 7], [7, 16], [16, 19]]",0.5
2275,"[4, 7, 16]","[[0, 4], [4, 7], [7, 16], [16, 19]]",0.25
2276,"[4, 7, 17]","[[0, 4], [4, 7], [7, 17], [17, 19]]",1.0
2277,"[4, 7, 17]","[[0, 4], [4, 7], [7, 17], [17, 19]]",0.75
2278,"[4, 7, 17]","[[0, 4], [4, 7], [7, 17], [17, 19]]",0.5
2279,"[4, 7, 17]","[[0, 4], [4, 7], [7, 17], [17, 19]]",0.25
2280,"[4, 7, 18]","[[0, 4], [4, 7], [7, 18], [18, 19]]",1.0
2281,"[4, 7, 18]","[[0, 4], [4, 7], [7, 18], [18, 19]]",0.75
2282,"[4, 7, 18]","[[0, 4], [4, 7], [7, 18], [18, 19]]",0.5
2283,"[4, 7, 18]","[[0, 4], [4, 7], [7, 18], [18, 19]]",0.25
2284,"[4, 7, 19]","[[0, 4], [4, 7], [7, 19], [19, 19]]",1.0
2285,"[4, 7, 19]","[[0, 4], [4, 7], [7, 19], [19, 19]]",0.75
2286,"[4, 7, 19]","[[0, 4], [4, 7], [7, 19], [19, 19]]",0.5
2287,"[4, 7, 19]","[[0, 4], [4, 7], [7, 19], [19, 19]]",0.25
2288,"[4, 8, 8]","[[0, 4], [4, 8], [8, 8], [8, 19]]",1.0
2289,"[4, 8, 8]","[[0, 4], [4, 8], [8, 8], [8, 19]]",0.75
2290,"[4, 8, 8]","[[0, 4], [4, 8], [8, 8], [8, 19]]",0.5
2291,"[4, 8, 8]","[[0, 4], [4, 8], [8, 8], [8, 19]]",0.25
2292,"[4, 8, 9]","[[0, 4], [4, 8], [8, 9], [9, 19]]",1.0
2293,"[4, 8, 9]","[[0, 4], [4, 8], [8, 9], [9, 19]]",0.75
2294,"[4, 8, 9]","[[0, 4], [4, 8], [8, 9], [9, 19]]",0.5
2295,"[4, 8, 9]","[[0, 4], [4, 8], [8, 9], [9, 19]]",0.25
2296,"[4, 8, 10]","[[0, 4], [4, 8], [8, 10], [10, 19]]",1.0
2297,"[4, 8, 10]","[[0, 4], [4, 8], [8, 10], [10, 19]]",0.75
2298,"[4, 8, 10]","[[0, 4], [4, 8], [8, 10], [10, 19]]",0.5
2299,"[4, 8, 10]","[[0, 4], [4, 8], [8, 10], [10, 19]]",0.25
2300,"[4, 8, 11]","[[0, 4], [4, 8], [8, 11], [11, 19]]",1.0
2301,"[4, 8, 11]","[[0, 4], [4, 8], [8, 11], [11, 19]]",0.75
2302,"[4, 8, 11]","[[0, 4], [4, 8], [8, 11], [11, 19]]",0.5
2303,"[4, 8, 11]","[[0, 4], [4, 8], [8, 11], [11, 19]]",0.25
2304,"[4, 8, 12]","[[0, 4], [4, 8], [8, 12], [12, 19]]",1.0
2305,"[4, 8, 12]","[[0, 4], [4, 8], [8, 12], [12, 19]]",0.75
2306,"[4, 8, 12]","[[0, 4], [4, 8], [8, 12], [12, 19]]",0.5
2307,"[4, 8, 12]","[[0, 4], [4, 8], [8, 12], [12, 19]]",0.25
2308,"[4, 8, 13]","[[0, 4], [4, 8], [8, 13], [13, 19]]",1.0
2309,"[4, 8, 13]","[[0, 4], [4, 8], [8, 13], [13, 19]]",0.75
2310,"[4, 8, 13]","[[0, 4], [4, 8], [8, 13], [13, 19]]",0.5
2311,"[4, 8, 13]","[[0, 4], [4, 8], [8, 13], [13, 19]]",0.25
2312,"[4, 8, 14]","[[0, 4], [4, 8], [8, 14], [14, 19]]",1.0
2313,"[4, 8, 14]","[[0, 4], [4, 8], [8, 14], [14, 19]]",0.75
2314,"[4, 8, 14]","[[0, 4], [4, 8], [8, 14], [14, 19]]",0.5
2315,"[4, 8, 14]","[[0, 4], [4, 8], [8, 14], [14, 19]]",0.25
2316,"[4, 8, 15]","[[0, 4], [4, 8], [8, 15], [15, 19]]",1.0
2317,"[4, 8, 15]","[[0, 4], [4, 8], [8, 15], [15, 19]]",0.75
2318,"[4, 8, 15]","[[0, 4], [4, 8], [8, 15], [15, 19]]",0.5
2319,"[4, 8, 15]","[[0, 4], [4, 8], [8, 15], [15, 19]]",0.25
2320,"[4, 8, 16]","[[0, 4], [4, 8], [8, 16], [16, 19]]",1.0
2321,"[4, 8, 16]","[[0, 4], [4, 8], [8, 16], [16, 19]]",0.75
2322,"[4, 8, 16]","[[0, 4], [4, 8], [8, 16], [16, 19]]",0.5
2323,"[4, 8, 16]","[[0, 4], [4, 8], [8, 16], [16, 19]]",0.25
2324,"[4, 8, 17]","[[0, 4], [4, 8], [8, 17], [17, 19]]",1.0
2325,"[4, 8, 17]","[[0, 4], [4, 8], [8, 17], [17, 19]]",0.75
2326,"[4, 8, 17]","[[0, 4], [4, 8], [8, 17], [17, 19]]",0.5
2327,"[4, 8, 17]","[[0, 4], [4, 8], [8, 17], [17, 19]]",0.25
2328,"[4, 8, 18]","[[0, 4], [4, 8], [8, 18], [18, 19]]",1.0
2329,"[4, 8, 18]","[[0, 4], [4, 8], [8, 18], [18, 19]]",0.75
2330,"[4, 8, 18]","[[0, 4], [4, 8], [8, 18], [18, 19]]",0.5
2331,"[4, 8, 18]","[[0, 4], [4, 8], [8, 18], [18, 19]]",0.25
2332,"[4, 8, 19]","[[0, 4], [4, 8], [8, 19], [19, 19]]",1.0
2333,"[4, 8, 19]","[[0, 4], [4, 8], [8, 19], [19, 19]]",0.75
2334,"[4, 8, 19]","[[0, 4], [4, 8], [8, 19], [19, 19]]",0.5
2335,"[4, 8, 19]","[[0, 4], [4, 8], [8, 19], [19, 19]]",0.25
2336,"[4, 9, 9]","[[0, 4], [4, 9], [9, 9], [9, 19]]",1.0
2337,"[4, 9, 9]","[[0, 4], [4, 9], [9, 9], [9, 19]]",0.75
2338,"[4, 9, 9]","[[0, 4], [4, 9], [9, 9], [9, 19]]",0.5
2339,"[4, 9, 9]","[[0, 4], [4, 9], [9, 9], [9, 19]]",0.25
2340,"[4, 9, 10]","[[0, 4], [4, 9], [9, 10], [10, 19]]",1.0
2341,"[4, 9, 10]","[[0, 4], [4, 9], [9, 10], [10, 19]]",0.75
2342,"[4, 9, 10]","[[0, 4], [4, 9], [9, 10], [10, 19]]",0.5
2343,"[4, 9, 10]","[[0, 4], [4, 9], [9, 10], [10, 19]]",0.25
2344,"[4, 9, 11]","[[0, 4], [4, 9], [9, 11], [11, 19]]",1.0
2345,"[4, 9, 11]","[[0, 4], [4, 9], [9, 11], [11, 19]]",0.75
2346,"[4, 9, 11]","[[0, 4], [4, 9], [9, 11], [11, 19]]",0.5
2347,"[4, 9, 11]","[[0, 4], [4, 9], [9, 11], [11, 19]]",0.25
2348,"[4, 9, 12]","[[0, 4], [4, 9], [9, 12], [12, 19]]",1.0
2349,"[4, 9, 12]","[[0, 4], [4, 9], [9, 12], [12, 19]]",0.75
2350,"[4, 9, 12]","[[0, 4], [4, 9], [9, 12], [12, 19]]",0.5
2351,"[4, 9, 12]","[[0, 4], [4, 9], [9, 12], [12, 19]]",0.25
2352,"[4, 9, 13]","[[0, 4], [4, 9], [9, 13], [13, 19]]",1.0
2353,"[4, 9, 13]","[[0, 4], [4, 9], [9, 13], [13, 19]]",0.75
2354,"[4, 9, 13]","[[0, 4], [4, 9], [9, 13], [13, 19]]",0.5
2355,"[4, 9, 13]","[[0, 4], [4, 9], [9, 13], [13, 19]]",0.25
2356,"[4, 9, 14]","[[0, 4], [4, 9], [9, 14], [14, 19]]",1.0
2357,"[4, 9, 14]","[[0, 4], [4, 9], [9, 14], [14, 19]]",0.75
2358,"[4, 9, 14]","[[0, 4], [4, 9], [9, 14], [14, 19]]",0.5
2359,"[4, 9, 14]","[[0, 4], [4, 9], [9, 14], [14, 19]]",0.25
2360,"[4, 9, 15]","[[0, 4], [4, 9], [9, 15], [15, 19]]",1.0
2361,"[4, 9, 15]","[[0, 4], [4, 9], [9, 15], [15, 19]]",0.75
2362,"[4, 9, 15]","[[0, 4], [4, 9], [9, 15], [15, 19]]",0.5
2363,"[4, 9, 15]","[[0, 4], [4, 9], [9, 15], [15, 19]]",0.25
2364,"[4, 9, 16]","[[0, 4], [4, 9], [9, 16], [16, 19]]",1.0
2365,"[4, 9, 16]","[[0, 4], [4, 9], [9, 16], [16, 19]]",0.75
2366,"[4, 9, 16]","[[0, 4], [4, 9], [9, 16], [16, 19]]",0.5
2367,"[4, 9, 16]","[[0, 4], [4, 9], [9, 16], [16, 19]]",0.25
2368,"[4, 9, 17]","[[0, 4], [4, 9], [9, 17], [17, 19]]",1.0
2369,"[4, 9, 17]","[[0, 4], [4, 9], [9, 17], [17, 19]]",0.75
2370,"[4, 9, 17]","[[0, 4], [4, 9], [9, 17], [17, 19]]",0.5
2371,"[4, 9, 17]","[[0, 4], [4, 9], [9, 17], [17, 19]]",0.25
2372,"[4, 9, 18]","[[0, 4], [4, 9], [9, 18], [18, 19]]",1.0
2373,"[4, 9, 18]","[[0, 4], [4, 9], [9, 18], [18, 19]]",0.75
2374,"[4, 9, 18]","[[0, 4], [4, 9], [9, 18], [18, 19]]",0.5
2375,"[4, 9, 18]","[[0, 4], [4, 9], [9, 18], [18, 19]]",0.25
2376,"[4, 9, 19]","[[0, 4], [4, 9], [9, 19], [19, 19]]",1.0
2377,"[4, 9, 19]","[[0, 4], [4, 9], [9, 19], [19, 19]]",0.75
2378,"[4, 9, 19]","[[0, 4], [4, 9], [9, 19], [19, 19]]",0.5
2379,"[4, 9, 19]","[[0, 4], [4, 9], [9, 19], [19, 19]]",0.25
2380,"[4, 10, 10]","[[0, 4], [4, 10], [10, 10], [10, 19]]",1.0
2381,"[4, 10, 10]","[[0, 4], [4, 10], [10, 10], [10, 19]]",0.75
2382,"[4, 10, 10]","[[0, 4], [4, 10], [10, 10], [10, 19]]",0.5
2383,"[4, 10, 10]","[[0, 4], [4, 10], [10, 10], [10, 19]]",0.25
2384,"[4, 10, 11]","[[0, 4], [4, 10], [10, 11], [11, 19]]",1.0
2385,"[4, 10, 11]","[[0, 4], [4, 10], [10, 11], [11, 19]]",0.75
2386,"[4, 10, 11]","[[0, 4], [4, 10], [10, 11], [11, 19]]",0.5
2387,"[4, 10, 11]","[[0, 4], [4, 10], [10, 11], [11, 19]]",0.25
2388,"[4, 10, 12]","[[0, 4], [4, 10], [10, 12], [12, 19]]",1.0
2389,"[4, 10, 12]","[[0, 4], [4, 10], [10, 12], [12, 19]]",0.75
2390,"[4, 10, 12]","[[0, 4], [4, 10], [10, 12], [12, 19]]",0.5
2391,"[4, 10, 12]","[[0, 4], [4, 10], [10, 12], [12, 19]]",0.25
2392,"[4, 10, 13]","[[0, 4], [4, 10], [10, 13], [13, 19]]",1.0
2393,"[4, 10, 13]","[[0, 4], [4, 10], [10, 13], [13, 19]]",0.75
2394,"[4, 10, 13]","[[0, 4], [4, 10], [10, 13], [13, 19]]",0.5
2395,"[4, 10, 13]","[[0, 4], [4, 10], [10, 13], [13, 19]]",0.25
2396,"[4, 10, 14]","[[0, 4], [4, 10], [10, 14], [14, 19]]",1.0
2397,"[4, 10, 14]","[[0, 4], [4, 10], [10, 14], [14, 19]]",0.75
2398,"[4, 10, 14]","[[0, 4], [4, 10], [10, 14], [14, 19]]",0.5
2399,"[4, 10, 14]","[[0, 4], [4, 10], [10, 14], [14, 19]]",0.25
2400,"[4, 10, 15]","[[0, 4], [4, 10], [10, 15], [15, 19]]",1.0
2401,"[4, 10, 15]","[[0, 4], [4, 10], [10, 15], [15, 19]]",0.75
2402,"[4, 10, 15]","[[0, 4], [4, 10], [10, 15], [15, 19]]",0.5
2403,"[4, 10, 15]","[[0, 4], [4, 10], [10, 15], [15, 19]]",0.25
2404,"[4, 10, 16]","[[0, 4], [4, 10], [10, 16], [16, 19]]",1.0
2405,"[4, 10, 16]","[[0, 4], [4, 10], [10, 16], [16, 19]]",0.75
2406,"[4, 10, 16]","[[0, 4], [4, 10], [10, 16], [16, 19]]",0.5
2407,"[4, 10, 16]","[[0, 4], [4, 10], [10, 16], [16, 19]]",0.25
2408,"[4, 10, 17]","[[0, 4], [4, 10], [10, 17], [17, 19]]",1.0
2409,"[4, 10, 17]","[[0, 4], [4, 10], [10, 17], [17, 19]]",0.75
2410,"[4, 10, 17]","[[0, 4], [4, 10], [10, 17], [17, 19]]",0.5
2411,"[4, 10, 17]","[[0, 4], [4, 10], [10, 17], [17, 19]]",0.25
2412,"[4, 10, 18]","[[0, 4], [4, 10], [10, 18], [18, 19]]",1.0
2413,"[4, 10, 18]","[[0, 4], [4, 10], [10, 18], [18, 19]]",0.75
2414,"[4, 10, 18]","[[0, 4], [4, 10], [10, 18], [18, 19]]",0.5
2415,"[4, 10, 18]","[[0, 4], [4, 10], [10, 18], [18, 19]]",0.25
2416,"[4, 10, 19]","[[0, 4], [4, 10], [10, 19], [19, 19]]",1.0
2417,"[4, 10, 19]","[[0, 4], [4, 10], [10, 19], [19, 19]]",0.75
2418,"[4, 10, 19]","[[0, 4], [4, 10], [10, 19], [19, 19]]",0.5
2419,"[4, 10, 19]","[[0, 4], [4, 10], [10, 19], [19, 19]]",0.25
2420,"[4, 11, 11]","[[0, 4], [4, 11], [11, 11], [11, 19]]",1.0
2421,"[4, 11, 11]","[[0, 4], [4, 11], [11, 11], [11, 19]]",0.75
2422,"[4, 11, 11]","[[0, 4], [4, 11], [11, 11], [11, 19]]",0.5
2423,"[4, 11, 11]","[[0, 4], [4, 11], [11, 11], [11, 19]]",0.25
2424,"[4, 11, 12]","[[0, 4], [4, 11], [11, 12], [12, 19]]",1.0
2425,"[4, 11, 12]","[[0, 4], [4, 11], [11, 12], [12, 19]]",0.75
2426,"[4, 11, 12]","[[0, 4], [4, 11], [11, 12], [12, 19]]",0.5
2427,"[4, 11, 12]","[[0, 4], [4, 11], [11, 12], [12, 19]]",0.25
2428,"[4, 11, 13]","[[0, 4], [4, 11], [11, 13], [13, 19]]",1.0
2429,"[4, 11, 13]","[[0, 4], [4, 11], [11, 13], [13, 19]]",0.75
2430,"[4, 11, 13]","[[0, 4], [4, 11], [11, 13], [13, 19]]",0.5
2431,"[4, 11, 13]","[[0, 4], [4, 11], [11, 13], [13, 19]]",0.25
2432,"[4, 11, 14]","[[0, 4], [4, 11], [11, 14], [14, 19]]",1.0
2433,"[4, 11, 14]","[[0, 4], [4, 11], [11, 14], [14, 19]]",0.75
2434,"[4, 11, 14]","[[0, 4], [4, 11], [11, 14], [14, 19]]",0.5
2435,"[4, 11, 14]","[[0, 4], [4, 11], [11, 14], [14, 19]]",0.25
2436,"[4, 11, 15]","[[0, 4], [4, 11], [11, 15], [15, 19]]",1.0
2437,"[4, 11, 15]","[[0, 4], [4, 11], [11, 15], [15, 19]]",0.75
2438,"[4, 11, 15]","[[0, 4], [4, 11], [11, 15], [15, 19]]",0.5
2439,"[4, 11, 15]","[[0, 4], [4, 11], [11, 15], [15, 19]]",0.25
2440,"[4, 11, 16]","[[0, 4], [4, 11], [11, 16], [16, 19]]",1.0
2441,"[4, 11, 16]","[[0, 4], [4, 11], [11, 16], [16, 19]]",0.75
2442,"[4, 11, 16]","[[0, 4], [4, 11], [11, 16], [16, 19]]",0.5
2443,"[4, 11, 16]","[[0, 4], [4, 11], [11, 16], [16, 19]]",0.25
2444,"[4, 11, 17]","[[0, 4], [4, 11], [11, 17], [17, 19]]",1.0
2445,"[4, 11, 17]","[[0, 4], [4, 11], [11, 17], [17, 19]]",0.75
2446,"[4, 11, 17]","[[0, 4], [4, 11], [11, 17], [17, 19]]",0.5
2447,"[4, 11, 17]","[[0, 4], [4, 11], [11, 17], [17, 19]]",0.25
2448,"[4, 11, 18]","[[0, 4], [4, 11], [11, 18], [18, 19]]",1.0
2449,"[4, 11, 18]","[[0, 4], [4, 11], [11, 18], [18, 19]]",0.75
2450,"[4, 11, 18]","[[0, 4], [4, 11], [11, 18], [18, 19]]",0.5
2451,"[4, 11, 18]","[[0, 4], [4, 11], [11, 18], [18, 19]]",0.25
2452,"[4, 11, 19]","[[0, 4], [4, 11], [11, 19], [19, 19]]",1.0
2453,"[4, 11, 19]","[[0, 4], [4, 11], [11, 19], [19, 19]]",0.75
2454,"[4, 11, 19]","[[0, 4], [4, 11], [11, 19], [19, 19]]",0.5
2455,"[4, 11, 19]","[[0, 4], [4, 11], [11, 19], [19, 19]]",0.25
2456,"[4, 12, 12]","[[0, 4], [4, 12], [12, 12], [12, 19]]",1.0
2457,"[4, 12, 12]","[[0, 4], [4, 12], [12, 12], [12, 19]]",0.75
2458,"[4, 12, 12]","[[0, 4], [4, 12], [12, 12], [12, 19]]",0.5
2459,"[4, 12, 12]","[[0, 4], [4, 12], [12, 12], [12, 19]]",0.25
2460,"[4, 12, 13]","[[0, 4], [4, 12], [12, 13], [13, 19]]",1.0
2461,"[4, 12, 13]","[[0, 4], [4, 12], [12, 13], [13, 19]]",0.75
2462,"[4, 12, 13]","[[0, 4], [4, 12], [12, 13], [13, 19]]",0.5
2463,"[4, 12, 13]","[[0, 4], [4, 12], [12, 13], [13, 19]]",0.25
2464,"[4, 12, 14]","[[0, 4], [4, 12], [12, 14], [14, 19]]",1.0
2465,"[4, 12, 14]","[[0, 4], [4, 12], [12, 14], [14, 19]]",0.75
2466,"[4, 12, 14]","[[0, 4], [4, 12], [12, 14], [14, 19]]",0.5
2467,"[4, 12, 14]","[[0, 4], [4, 12], [12, 14], [14, 19]]",0.25
2468,"[4, 12, 15]","[[0, 4], [4, 12], [12, 15], [15, 19]]",1.0
2469,"[4, 12, 15]","[[0, 4], [4, 12], [12, 15], [15, 19]]",0.75
2470,"[4, 12, 15]","[[0, 4], [4, 12], [12, 15], [15, 19]]",0.5
2471,"[4, 12, 15]","[[0, 4], [4, 12], [12, 15], [15, 19]]",0.25
2472,"[4, 12, 16]","[[0, 4], [4, 12], [12, 16], [16, 19]]",1.0
2473,"[4, 12, 16]","[[0, 4], [4, 12], [12, 16], [16, 19]]",0.75
2474,"[4, 12, 16]","[[0, 4], [4, 12], [12, 16], [16, 19]]",0.5
2475,"[4, 12, 16]","[[0, 4], [4, 12], [12, 16], [16, 19]]",0.25
2476,"[4, 12, 17]","[[0, 4], [4, 12], [12, 17], [17, 19]]",1.0
2477,"[4, 12, 17]","[[0, 4], [4, 12], [12, 17], [17, 19]]",0.75
2478,"[4, 12, 17]","[[0, 4], [4, 12], [12, 17], [17, 19]]",0.5
2479,"[4, 12, 17]","[[0, 4], [4, 12], [12, 17], [17, 19]]",0.25
2480,"[4, 12, 18]","[[0, 4], [4, 12], [12, 18], [18, 19]]",1.0
2481,"[4, 12, 18]","[[0, 4], [4, 12], [12, 18], [18, 19]]",0.75
2482,"[4, 12, 18]","[[0, 4], [4, 12], [12, 18], [18, 19]]",0.5
2483,"[4, 12, 18]","[[0, 4], [4, 12], [12, 18], [18, 19]]",0.25
2484,"[4, 12, 19]","[[0, 4], [4, 12], [12, 19], [19, 19]]",1.0
2485,"[4, 12, 19]","[[0, 4], [4, 12], [12, 19], [19, 19]]",0.75
2486,"[4, 12, 19]","[[0, 4], [4, 12], [12, 19], [19, 19]]",0.5
2487,"[4, 12, 19]","[[0, 4], [4, 12], [12, 19], [19, 19]]",0.25
2488,"[4, 13, 13]","[[0, 4], [4, 13], [13, 13], [13, 19]]",1.0
2489,"[4, 13, 13]","[[0, 4], [4, 13], [13, 13], [13, 19]]",0.75
2490,"[4, 13, 13]","[[0, 4], [4, 13], [13, 13], [13, 19]]",0.5
2491,"[4, 13, 13]","[[0, 4], [4, 13], [13, 13], [13, 19]]",0.25
2492,"[4, 13, 14]","[[0, 4], [4, 13], [13, 14], [14, 19]]",1.0
2493,"[4, 13, 14]","[[0, 4], [4, 13], [13, 14], [14, 19]]",0.75
2494,"[4, 13, 14]","[[0, 4], [4, 13], [13, 14], [14, 19]]",0.5
2495,"[4, 13, 14]","[[0, 4], [4, 13], [13, 14], [14, 19]]",0.25
2496,"[4, 13, 15]","[[0, 4], [4, 13], [13, 15], [15, 19]]",1.0
2497,"[4, 13, 15]","[[0, 4], [4, 13], [13, 15], [15, 19]]",0.75
2498,"[4, 13, 15]","[[0, 4], [4, 13], [13, 15], [15, 19]]",0.5
2499,"[4, 13, 15]","[[0, 4], [4, 13], [13, 15], [15, 19]]",0.25
2500,"[4, 13, 16]","[[0, 4], [4, 13], [13, 16], [16, 19]]",1.0
2501,"[4, 13, 16]","[[0, 4], [4, 13], [13, 16], [16, 19]]",0.75
2502,"[4, 13, 16]","[[0, 4], [4, 13], [13, 16], [16, 19]]",0.5
2503,"[4, 13, 16]","[[0, 4], [4, 13], [13, 16], [16, 19]]",0.25
2504,"[4, 13, 17]","[[0, 4], [4, 13], [13, 17], [17, 19]]",1.0
2505,"[4, 13, 17]","[[0, 4], [4, 13], [13, 17], [17, 19]]",0.75
2506,"[4, 13, 17]","[[0, 4], [4, 13], [13, 17], [17, 19]]",0.5
2507,"[4, 13, 17]","[[0, 4], [4, 13], [13, 17], [17, 19]]",0.25
2508,"[4, 13, 18]","[[0, 4], [4, 13], [13, 18], [18, 19]]",1.0
2509,"[4, 13, 18]","[[0, 4], [4, 13], [13, 18], [18, 19]]",0.75
2510,"[4, 13, 18]","[[0, 4], [4, 13], [13, 18], [18, 19]]",0.5
2511,"[4, 13, 18]","[[0, 4], [4, 13], [13, 18], [18, 19]]",0.25
2512,"[4, 13, 19]","[[0, 4], [4, 13], [13, 19], [19, 19]]",1.0
2513,"[4, 13, 19]","[[0, 4], [4, 13], [13, 19], [19, 19]]",0.75
2514,"[4, 13, 19]","[[0, 4], [4, 13], [13, 19], [19, 19]]",0.5
2515,"[4, 13, 19]","[[0, 4], [4, 13], [13, 19], [19, 19]]",0.25
2516,"[4, 14, 14]","[[0, 4], [4, 14], [14, 14], [14, 19]]",1.0
2517,"[4, 14, 14]","[[0, 4], [4, 14], [14, 14], [14, 19]]",0.75
2518,"[4, 14, 14]","[[0, 4], [4, 14], [14, 14], [14, 19]]",0.5
2519,"[4, 14, 14]","[[0, 4], [4, 14], [14, 14], [14, 19]]",0.25
2520,"[4, 14, 15]","[[0, 4], [4, 14], [14, 15], [15, 19]]",1.0
2521,"[4, 14, 15]","[[0, 4], [4, 14], [14, 15], [15, 19]]",0.75
2522,"[4, 14, 15]","[[0, 4], [4, 14], [14, 15], [15, 19]]",0.5
2523,"[4, 14, 15]","[[0, 4], [4, 14], [14, 15], [15, 19]]",0.25
2524,"[4, 14, 16]","[[0, 4], [4, 14], [14, 16], [16, 19]]",1.0
2525,"[4, 14, 16]","[[0, 4], [4, 14], [14, 16], [16, 19]]",0.75
2526,"[4, 14, 16]","[[0, 4], [4, 14], [14, 16], [16, 19]]",0.5
2527,"[4, 14, 16]","[[0, 4], [4, 14], [14, 16], [16, 19]]",0.25
2528,"[4, 14, 17]","[[0, 4], [4, 14], [14, 17], [17, 19]]",1.0
2529,"[4, 14, 17]","[[0, 4], [4, 14], [14, 17], [17, 19]]",0.75
2530,"[4, 14, 17]","[[0, 4], [4, 14], [14, 17], [17, 19]]",0.5
2531,"[4, 14, 17]","[[0, 4], [4, 14], [14, 17], [17, 19]]",0.25
2532,"[4, 14, 18]","[[0, 4], [4, 14], [14, 18], [18, 19]]",1.0
2533,"[4, 14, 18]","[[0, 4], [4, 14], [14, 18], [18, 19]]",0.75
2534,"[4, 14, 18]","[[0, 4], [4, 14], [14, 18], [18, 19]]",0.5
2535,"[4, 14, 18]","[[0, 4], [4, 14], [14, 18], [18, 19]]",0.25
2536,"[4, 14, 19]","[[0, 4], [4, 14], [14, 19], [19, 19]]",1.0
2537,"[4, 14, 19]","[[0, 4], [4, 14], [14, 19], [19, 19]]",0.75
2538,"[4, 14, 19]","[[0, 4], [4, 14], [14, 19], [19, 19]]",0.5
2539,"[4, 14, 19]","[[0, 4], [4, 14], [14, 19], [19, 19]]",0.25
2540,"[4, 15, 15]","[[0, 4], [4, 15], [15, 15], [15, 19]]",1.0
2541,"[4, 15, 15]","[[0, 4], [4, 15], [15, 15], [15, 19]]",0.75
2542,"[4, 15, 15]","[[0, 4], [4, 15], [15, 15], [15, 19]]",0.5
2543,"[4, 15, 15]","[[0, 4], [4, 15], [15, 15], [15, 19]]",0.25
2544,"[4, 15, 16]","[[0, 4], [4, 15], [15, 16], [16, 19]]",1.0
2545,"[4, 15, 16]","[[0, 4], [4, 15], [15, 16], [16, 19]]",0.75
2546,"[4, 15, 16]","[[0, 4], [4, 15], [15, 16], [16, 19]]",0.5
2547,"[4, 15, 16]","[[0, 4], [4, 15], [15, 16], [16, 19]]",0.25
2548,"[4, 15, 17]","[[0, 4], [4, 15], [15, 17], [17, 19]]",1.0
2549,"[4, 15, 17]","[[0, 4], [4, 15], [15, 17], [17, 19]]",0.75
2550,"[4, 15, 17]","[[0, 4], [4, 15], [15, 17], [17, 19]]",0.5
2551,"[4, 15, 17]","[[0, 4], [4, 15], [15, 17], [17, 19]]",0.25
2552,"[4, 15, 18]","[[0, 4], [4, 15], [15, 18], [18, 19]]",1.0
2553,"[4, 15, 18]","[[0, 4], [4, 15], [15, 18], [18, 19]]",0.75
2554,"[4, 15, 18]","[[0, 4], [4, 15], [15, 18], [18, 19]]",0.5
2555,"[4, 15, 18]","[[0, 4], [4, 15], [15, 18], [18, 19]]",0.25
2556,"[4, 15, 19]","[[0, 4], [4, 15], [15, 19], [19, 19]]",1.0
2557,"[4, 15, 19]","[[0, 4], [4, 15], [15, 19], [19, 19]]",0.75
2558,"[4, 15, 19]","[[0, 4], [4, 15], [15, 19], [19, 19]]",0.5
2559,"[4, 15, 19]","[[0, 4], [4, 15], [15, 19], [19, 19]]",0.25
2560,"[4, 16, 16]","[[0, 4], [4, 16], [16, 16], [16, 19]]",1.0
2561,"[4, 16, 16]","[[0, 4], [4, 16], [16, 16], [16, 19]]",0.75
2562,"[4, 16, 16]","[[0, 4], [4, 16], [16, 16], [16, 19]]",0.5
2563,"[4, 16, 16]","[[0, 4], [4, 16], [16, 16], [16, 19]]",0.25
2564,"[4, 16, 17]","[[0, 4], [4, 16], [16, 17], [17, 19]]",1.0
2565,"[4, 16, 17]","[[0, 4], [4, 16], [16, 17], [17, 19]]",0.75
2566,"[4, 16, 17]","[[0, 4], [4, 16], [16, 17], [17, 19]]",0.5
2567,"[4, 16, 17]","[[0, 4], [4, 16], [16, 17], [17, 19]]",0.25
2568,"[4, 16, 18]","[[0, 4], [4, 16], [16, 18], [18, 19]]",1.0
2569,"[4, 16, 18]","[[0, 4], [4, 16], [16, 18], [18, 19]]",0.75
2570,"[4, 16, 18]","[[0, 4], [4, 16], [16, 18], [18, 19]]",0.5
2571,"[4, 16, 18]","[[0, 4], [4, 16], [16, 18], [18, 19]]",0.25
2572,"[4, 16, 19]","[[0, 4], [4, 16], [16, 19], [19, 19]]",1.0
2573,"[4, 16, 19]","[[0, 4], [4, 16], [16, 19], [19, 19]]",0.75
2574,"[4, 16, 19]","[[0, 4], [4, 16], [16, 19], [19, 19]]",0.5
2575,"[4, 16, 19]","[[0, 4], [4, 16], [16, 19], [19, 19]]",0.25
2576,"[4, 17, 17]","[[0, 4], [4, 17], [17, 17], [17, 19]]",1.0
2577,"[4, 17, 17]","[[0, 4], [4, 17], [17, 17], [17, 19]]",0.75
2578,"[4, 17, 17]","[[0, 4], [4, 17], [17, 17], [17, 19]]",0.5
2579,"[4, 17, 17]","[[0, 4], [4, 17], [17, 17], [17, 19]]",0.25
2580,"[4, 17, 18]","[[0, 4], [4, 17], [17, 18], [18, 19]]",1.0
2581,"[4, 17, 18]","[[0, 4], [4, 17], [17, 18], [18, 19]]",0.75
2582,"[4, 17, 18]","[[0, 4], [4, 17], [17, 18], [18, 19]]",0.5
2583,"[4, 17, 18]","[[0, 4], [4, 17], [17, 18], [18, 19]]",0.25
2584,"[4, 17, 19]","[[0, 4], [4, 17], [17, 19], [19, 19]]",1.0
2585,"[4, 17, 19]","[[0, 4], [4, 17], [17, 19], [19, 19]]",0.75
2586,"[4, 17, 19]","[[0, 4], [4, 17], [17, 19], [19, 19]]",0.5
2587,"[4, 17, 19]","[[0, 4], [4, 17], [17, 19], [19, 19]]",0.25
2588,"[4, 18, 18]","[[0, 4], [4, 18], [18, 18], [18, 19]]",1.0
2589,"[4, 18, 18]","[[0, 4], [4, 18], [18, 18], [18, 19]]",0.75
2590,"[4, 18, 18]","[[0, 4], [4, 18], [18, 18], [18, 19]]",0.5
2591,"[4, 18, 18]","[[0, 4], [4, 18], [18, 18], [18, 19]]",0.25
2592,"[4, 18, 19]","[[0, 4], [4, 18], [18, 19], [19, 19]]",1.0
2593,"[4, 18, 19]","[[0, 4], [4, 18], [18, 19], [19, 19]]",0.75
2594,"[4, 18, 19]","[[0, 4], [4, 18], [18, 19], [19, 19]]",0.5
2595,"[4, 18, 19]","[[0, 4], [4, 18], [18, 19], [19, 19]]",0.25
2596,"[4, 19, 19]","[[0, 4], [4, 19], [19, 19], [19, 19]]",1.0
2597,"[4, 19, 19]","[[0, 4], [4, 19], [19, 19], [19, 19]]",0.75
2598,"[4, 19, 19]","[[0, 4], [4, 19], [19, 19], [19, 19]]",0.5
2599,"[4, 19, 19]","[[0, 4], [4, 19], [19, 19], [19, 19]]",0.25
2600,"[5, 5, 5]","[[0, 5], [5, 5], [5, 5], [5, 19]]",1.0
2601,"[5, 5, 5]","[[0, 5], [5, 5], [5, 5], [5, 19]]",0.75
2602,"[5, 5, 5]","[[0, 5], [5, 5], [5, 5], [5, 19]]",0.5
2603,"[5, 5, 5]","[[0, 5], [5, 5], [5, 5], [5, 19]]",0.25
2604,"[5, 5, 6]","[[0, 5], [5, 5], [5, 6], [6, 19]]",1.0
2605,"[5, 5, 6]","[[0, 5], [5, 5], [5, 6], [6, 19]]",0.75
2606,"[5, 5, 6]","[[0, 5], [5, 5], [5, 6], [6, 19]]",0.5
2607,"[5, 5, 6]","[[0, 5], [5, 5], [5, 6], [6, 19]]",0.25
2608,"[5, 5, 7]","[[0, 5], [5, 5], [5, 7], [7, 19]]",1.0
2609,"[5, 5, 7]","[[0, 5], [5, 5], [5, 7], [7, 19]]",0.75
2610,"[5, 5, 7]","[[0, 5], [5, 5], [5, 7], [7, 19]]",0.5
2611,"[5, 5, 7]","[[0, 5], [5, 5], [5, 7], [7, 19]]",0.25
2612,"[5, 5, 8]","[[0, 5], [5, 5], [5, 8], [8, 19]]",1.0
2613,"[5, 5, 8]","[[0, 5], [5, 5], [5, 8], [8, 19]]",0.75
2614,"[5, 5, 8]","[[0, 5], [5, 5], [5, 8], [8, 19]]",0.5
2615,"[5, 5, 8]","[[0, 5], [5, 5], [5, 8], [8, 19]]",0.25
2616,"[5, 5, 9]","[[0, 5], [5, 5], [5, 9], [9, 19]]",1.0
2617,"[5, 5, 9]","[[0, 5], [5, 5], [5, 9], [9, 19]]",0.75
2618,"[5, 5, 9]","[[0, 5], [5, 5], [5, 9], [9, 19]]",0.5
2619,"[5, 5, 9]","[[0, 5], [5, 5], [5, 9], [9, 19]]",0.25
2620,"[5, 5, 10]","[[0, 5], [5, 5], [5, 10], [10, 19]]",1.0
2621,"[5, 5, 10]","[[0, 5], [5, 5], [5, 10], [10, 19]]",0.75
2622,"[5, 5, 10]","[[0, 5], [5, 5], [5, 10], [10, 19]]",0.5
2623,"[5, 5, 10]","[[0, 5], [5, 5], [5, 10], [10, 19]]",0.25
2624,"[5, 5, 11]","[[0, 5], [5, 5], [5, 11], [11, 19]]",1.0
2625,"[5, 5, 11]","[[0, 5], [5, 5], [5, 11], [11, 19]]",0.75
2626,"[5, 5, 11]","[[0, 5], [5, 5], [5, 11], [11, 19]]",0.5
2627,"[5, 5, 11]","[[0, 5], [5, 5], [5, 11], [11, 19]]",0.25
2628,"[5, 5, 12]","[[0, 5], [5, 5], [5, 12], [12, 19]]",1.0
2629,"[5, 5, 12]","[[0, 5], [5, 5], [5, 12], [12, 19]]",0.75
2630,"[5, 5, 12]","[[0, 5], [5, 5], [5, 12], [12, 19]]",0.5
2631,"[5, 5, 12]","[[0, 5], [5, 5], [5, 12], [12, 19]]",0.25
2632,"[5, 5, 13]","[[0, 5], [5, 5], [5, 13], [13, 19]]",1.0
2633,"[5, 5, 13]","[[0, 5], [5, 5], [5, 13], [13, 19]]",0.75
2634,"[5, 5, 13]","[[0, 5], [5, 5], [5, 13], [13, 19]]",0.5
2635,"[5, 5, 13]","[[0, 5], [5, 5], [5, 13], [13, 19]]",0.25
2636,"[5, 5, 14]","[[0, 5], [5, 5], [5, 14], [14, 19]]",1.0
2637,"[5, 5, 14]","[[0, 5], [5, 5], [5, 14], [14, 19]]",0.75
2638,"[5, 5, 14]","[[0, 5], [5, 5], [5, 14], [14, 19]]",0.5
2639,"[5, 5, 14]","[[0, 5], [5, 5], [5, 14], [14, 19]]",0.25
2640,"[5, 5, 15]","[[0, 5], [5, 5], [5, 15], [15, 19]]",1.0
2641,"[5, 5, 15]","[[0, 5], [5, 5], [5, 15], [15, 19]]",0.75
2642,"[5, 5, 15]","[[0, 5], [5, 5], [5, 15], [15, 19]]",0.5
2643,"[5, 5, 15]","[[0, 5], [5, 5], [5, 15], [15, 19]]",0.25
2644,"[5, 5, 16]","[[0, 5], [5, 5], [5, 16], [16, 19]]",1.0
2645,"[5, 5, 16]","[[0, 5], [5, 5], [5, 16], [16, 19]]",0.75
2646,"[5, 5, 16]","[[0, 5], [5, 5], [5, 16], [16, 19]]",0.5
2647,"[5, 5, 16]","[[0, 5], [5, 5], [5, 16], [16, 19]]",0.25
2648,"[5, 5, 17]","[[0, 5], [5, 5], [5, 17], [17, 19]]",1.0
2649,"[5, 5, 17]","[[0, 5], [5, 5], [5, 17], [17, 19]]",0.75
2650,"[5, 5, 17]","[[0, 5], [5, 5], [5, 17], [17, 19]]",0.5
2651,"[5, 5, 17]","[[0, 5], [5, 5], [5, 17], [17, 19]]",0.25
2652,"[5, 5, 18]","[[0, 5], [5, 5], [5, 18], [18, 19]]",1.0
2653,"[5, 5, 18]","[[0, 5], [5, 5], [5, 18], [18, 19]]",0.75
2654,"[5, 5, 18]","[[0, 5], [5, 5], [5, 18], [18, 19]]",0.5
2655,"[5, 5, 18]","[[0, 5], [5, 5], [5, 18], [18, 19]]",0.25
2656,"[5, 5, 19]","[[0, 5], [5, 5], [5, 19], [19, 19]]",1.0
2657,"[5, 5, 19]","[[0, 5], [5, 5], [5, 19], [19, 19]]",0.75
2658,"[5, 5, 19]","[[0, 5], [5, 5], [5, 19], [19, 19]]",0.5
2659,"[5, 5, 19]","[[0, 5], [5, 5], [5, 19], [19, 19]]",0.25
2660,"[5, 6, 6]","[[0, 5], [5, 6], [6, 6], [6, 19]]",1.0
2661,"[5, 6, 6]","[[0, 5], [5, 6], [6, 6], [6, 19]]",0.75
2662,"[5, 6, 6]","[[0, 5], [5, 6], [6, 6], [6, 19]]",0.5
2663,"[5, 6, 6]","[[0, 5], [5, 6], [6, 6], [6, 19]]",0.25
2664,"[5, 6, 7]","[[0, 5], [5, 6], [6, 7], [7, 19]]",1.0
2665,"[5, 6, 7]","[[0, 5], [5, 6], [6, 7], [7, 19]]",0.75
2666,"[5, 6, 7]","[[0, 5], [5, 6], [6, 7], [7, 19]]",0.5
2667,"[5, 6, 7]","[[0, 5], [5, 6], [6, 7], [7, 19]]",0.25
2668,"[5, 6, 8]","[[0, 5], [5, 6], [6, 8], [8, 19]]",1.0
2669,"[5, 6, 8]","[[0, 5], [5, 6], [6, 8], [8, 19]]",0.75
2670,"[5, 6, 8]","[[0, 5], [5, 6], [6, 8], [8, 19]]",0.5
2671,"[5, 6, 8]","[[0, 5], [5, 6], [6, 8], [8, 19]]",0.25
2672,"[5, 6, 9]","[[0, 5], [5, 6], [6, 9], [9, 19]]",1.0
2673,"[5, 6, 9]","[[0, 5], [5, 6], [6, 9], [9, 19]]",0.75
2674,"[5, 6, 9]","[[0, 5], [5, 6], [6, 9], [9, 19]]",0.5
2675,"[5, 6, 9]","[[0, 5], [5, 6], [6, 9], [9, 19]]",0.25
2676,"[5, 6, 10]","[[0, 5], [5, 6], [6, 10], [10, 19]]",1.0
2677,"[5, 6, 10]","[[0, 5], [5, 6], [6, 10], [10, 19]]",0.75
2678,"[5, 6, 10]","[[0, 5], [5, 6], [6, 10], [10, 19]]",0.5
2679,"[5, 6, 10]","[[0, 5], [5, 6], [6, 10], [10, 19]]",0.25
2680,"[5, 6, 11]","[[0, 5], [5, 6], [6, 11], [11, 19]]",1.0
2681,"[5, 6, 11]","[[0, 5], [5, 6], [6, 11], [11, 19]]",0.75
2682,"[5, 6, 11]","[[0, 5], [5, 6], [6, 11], [11, 19]]",0.5
2683,"[5, 6, 11]","[[0, 5], [5, 6], [6, 11], [11, 19]]",0.25
2684,"[5, 6, 12]","[[0, 5], [5, 6], [6, 12], [12, 19]]",1.0
2685,"[5, 6, 12]","[[0, 5], [5, 6], [6, 12], [12, 19]]",0.75
2686,"[5, 6, 12]","[[0, 5], [5, 6], [6, 12], [12, 19]]",0.5
2687,"[5, 6, 12]","[[0, 5], [5, 6], [6, 12], [12, 19]]",0.25
2688,"[5, 6, 13]","[[0, 5], [5, 6], [6, 13], [13, 19]]",1.0
2689,"[5, 6, 13]","[[0, 5], [5, 6], [6, 13], [13, 19]]",0.75
2690,"[5, 6, 13]","[[0, 5], [5, 6], [6, 13], [13, 19]]",0.5
2691,"[5, 6, 13]","[[0, 5], [5, 6], [6, 13], [13, 19]]",0.25
2692,"[5, 6, 14]","[[0, 5], [5, 6], [6, 14], [14, 19]]",1.0
2693,"[5, 6, 14]","[[0, 5], [5, 6], [6, 14], [14, 19]]",0.75
2694,"[5, 6, 14]","[[0, 5], [5, 6], [6, 14], [14, 19]]",0.5
2695,"[5, 6, 14]","[[0, 5], [5, 6], [6, 14], [14, 19]]",0.25
2696,"[5, 6, 15]","[[0, 5], [5, 6], [6, 15], [15, 19]]",1.0
2697,"[5, 6, 15]","[[0, 5], [5, 6], [6, 15], [15, 19]]",0.75
2698,"[5, 6, 15]","[[0, 5], [5, 6], [6, 15], [15, 19]]",0.5
2699,"[5, 6, 15]","[[0, 5], [5, 6], [6, 15], [15, 19]]",0.25
2700,"[5, 6, 16]","[[0, 5], [5, 6], [6, 16], [16, 19]]",1.0
2701,"[5, 6, 16]","[[0, 5], [5, 6], [6, 16], [16, 19]]",0.75
2702,"[5, 6, 16]","[[0, 5], [5, 6], [6, 16], [16, 19]]",0.5
2703,"[5, 6, 16]","[[0, 5], [5, 6], [6, 16], [16, 19]]",0.25
2704,"[5, 6, 17]","[[0, 5], [5, 6], [6, 17], [17, 19]]",1.0
2705,"[5, 6, 17]","[[0, 5], [5, 6], [6, 17], [17, 19]]",0.75
2706,"[5, 6, 17]","[[0, 5], [5, 6], [6, 17], [17, 19]]",0.5
2707,"[5, 6, 17]","[[0, 5], [5, 6], [6, 17], [17, 19]]",0.25
2708,"[5, 6, 18]","[[0, 5], [5, 6], [6, 18], [18, 19]]",1.0
2709,"[5, 6, 18]","[[0, 5], [5, 6], [6, 18], [18, 19]]",0.75
2710,"[5, 6, 18]","[[0, 5], [5, 6], [6, 18], [18, 19]]",0.5
2711,"[5, 6, 18]","[[0, 5], [5, 6], [6, 18], [18, 19]]",0.25
2712,"[5, 6, 19]","[[0, 5], [5, 6], [6, 19], [19, 19]]",1.0
2713,"[5, 6, 19]","[[0, 5], [5, 6], [6, 19], [19, 19]]",0.75
2714,"[5, 6, 19]","[[0, 5], [5, 6], [6, 19], [19, 19]]",0.5
2715,"[5, 6, 19]","[[0, 5], [5, 6], [6, 19], [19, 19]]",0.25
2716,"[5, 7, 7]","[[0, 5], [5, 7], [7, 7], [7, 19]]",1.0
2717,"[5, 7, 7]","[[0, 5], [5, 7], [7, 7], [7, 19]]",0.75
2718,"[5, 7, 7]","[[0, 5], [5, 7], [7, 7], [7, 19]]",0.5
2719,"[5, 7, 7]","[[0, 5], [5, 7], [7, 7], [7, 19]]",0.25
2720,"[5, 7, 8]","[[0, 5], [5, 7], [7, 8], [8, 19]]",1.0
2721,"[5, 7, 8]","[[0, 5], [5, 7], [7, 8], [8, 19]]",0.75
2722,"[5, 7, 8]","[[0, 5], [5, 7], [7, 8], [8, 19]]",0.5
2723,"[5, 7, 8]","[[0, 5], [5, 7], [7, 8], [8, 19]]",0.25
2724,"[5, 7, 9]","[[0, 5], [5, 7], [7, 9], [9, 19]]",1.0
2725,"[5, 7, 9]","[[0, 5], [5, 7], [7, 9], [9, 19]]",0.75
2726,"[5, 7, 9]","[[0, 5], [5, 7], [7, 9], [9, 19]]",0.5
2727,"[5, 7, 9]","[[0, 5], [5, 7], [7, 9], [9, 19]]",0.25
2728,"[5, 7, 10]","[[0, 5], [5, 7], [7, 10], [10, 19]]",1.0
2729,"[5, 7, 10]","[[0, 5], [5, 7], [7, 10], [10, 19]]",0.75
2730,"[5, 7, 10]","[[0, 5], [5, 7], [7, 10], [10, 19]]",0.5
2731,"[5, 7, 10]","[[0, 5], [5, 7], [7, 10], [10, 19]]",0.25
2732,"[5, 7, 11]","[[0, 5], [5, 7], [7, 11], [11, 19]]",1.0
2733,"[5, 7, 11]","[[0, 5], [5, 7], [7, 11], [11, 19]]",0.75
2734,"[5, 7, 11]","[[0, 5], [5, 7], [7, 11], [11, 19]]",0.5
2735,"[5, 7, 11]","[[0, 5], [5, 7], [7, 11], [11, 19]]",0.25
2736,"[5, 7, 12]","[[0, 5], [5, 7], [7, 12], [12, 19]]",1.0
2737,"[5, 7, 12]","[[0, 5], [5, 7], [7, 12], [12, 19]]",0.75
2738,"[5, 7, 12]","[[0, 5], [5, 7], [7, 12], [12, 19]]",0.5
2739,"[5, 7, 12]","[[0, 5], [5, 7], [7, 12], [12, 19]]",0.25
2740,"[5, 7, 13]","[[0, 5], [5, 7], [7, 13], [13, 19]]",1.0
2741,"[5, 7, 13]","[[0, 5], [5, 7], [7, 13], [13, 19]]",0.75
2742,"[5, 7, 13]","[[0, 5], [5, 7], [7, 13], [13, 19]]",0.5
2743,"[5, 7, 13]","[[0, 5], [5, 7], [7, 13], [13, 19]]",0.25
2744,"[5, 7, 14]","[[0, 5], [5, 7], [7, 14], [14, 19]]",1.0
2745,"[5, 7, 14]","[[0, 5], [5, 7], [7, 14], [14, 19]]",0.75
2746,"[5, 7, 14]","[[0, 5], [5, 7], [7, 14], [14, 19]]",0.5
2747,"[5, 7, 14]","[[0, 5], [5, 7], [7, 14], [14, 19]]",0.25
2748,"[5, 7, 15]","[[0, 5], [5, 7], [7, 15], [15, 19]]",1.0
2749,"[5, 7, 15]","[[0, 5], [5, 7], [7, 15], [15, 19]]",0.75
2750,"[5, 7, 15]","[[0, 5], [5, 7], [7, 15], [15, 19]]",0.5
2751,"[5, 7, 15]","[[0, 5], [5, 7], [7, 15], [15, 19]]",0.25
2752,"[5, 7, 16]","[[0, 5], [5, 7], [7, 16], [16, 19]]",1.0
2753,"[5, 7, 16]","[[0, 5], [5, 7], [7, 16], [16, 19]]",0.75
2754,"[5, 7, 16]","[[0, 5], [5, 7], [7, 16], [16, 19]]",0.5
2755,"[5, 7, 16]","[[0, 5], [5, 7], [7, 16], [16, 19]]",0.25
2756,"[5, 7, 17]","[[0, 5], [5, 7], [7, 17], [17, 19]]",1.0
2757,"[5, 7, 17]","[[0, 5], [5, 7], [7, 17], [17, 19]]",0.75
2758,"[5, 7, 17]","[[0, 5], [5, 7], [7, 17], [17, 19]]",0.5
2759,"[5, 7, 17]","[[0, 5], [5, 7], [7, 17], [17, 19]]",0.25
2760,"[5, 7, 18]","[[0, 5], [5, 7], [7, 18], [18, 19]]",1.0
2761,"[5, 7, 18]","[[0, 5], [5, 7], [7, 18], [18, 19]]",0.75
2762,"[5, 7, 18]","[[0, 5], [5, 7], [7, 18], [18, 19]]",0.5
2763,"[5, 7, 18]","[[0, 5], [5, 7], [7, 18], [18, 19]]",0.25
2764,"[5, 7, 19]","[[0, 5], [5, 7], [7, 19], [19, 19]]",1.0
2765,"[5, 7, 19]","[[0, 5], [5, 7], [7, 19], [19, 19]]",0.75
2766,"[5, 7, 19]","[[0, 5], [5, 7], [7, 19], [19, 19]]",0.5
2767,"[5, 7, 19]","[[0, 5], [5, 7], [7, 19], [19, 19]]",0.25
2768,"[5, 8, 8]","[[0, 5], [5, 8], [8, 8], [8, 19]]",1.0
2769,"[5, 8, 8]","[[0, 5], [5, 8], [8, 8], [8, 19]]",0.75
2770,"[5, 8, 8]","[[0, 5], [5, 8], [8, 8], [8, 19]]",0.5
2771,"[5, 8, 8]","[[0, 5], [5, 8], [8, 8], [8, 19]]",0.25
2772,"[5, 8, 9]","[[0, 5], [5, 8], [8, 9], [9, 19]]",1.0
2773,"[5, 8, 9]","[[0, 5], [5, 8], [8, 9], [9, 19]]",0.75
2774,"[5, 8, 9]","[[0, 5], [5, 8], [8, 9], [9, 19]]",0.5
2775,"[5, 8, 9]","[[0, 5], [5, 8], [8, 9], [9, 19]]",0.25
2776,"[5, 8, 10]","[[0, 5], [5, 8], [8, 10], [10, 19]]",1.0
2777,"[5, 8, 10]","[[0, 5], [5, 8], [8, 10], [10, 19]]",0.75
2778,"[5, 8, 10]","[[0, 5], [5, 8], [8, 10], [10, 19]]",0.5
2779,"[5, 8, 10]","[[0, 5], [5, 8], [8, 10], [10, 19]]",0.25
2780,"[5, 8, 11]","[[0, 5], [5, 8], [8, 11], [11, 19]]",1.0
2781,"[5, 8, 11]","[[0, 5], [5, 8], [8, 11], [11, 19]]",0.75
2782,"[5, 8, 11]","[[0, 5], [5, 8], [8, 11], [11, 19]]",0.5
2783,"[5, 8, 11]","[[0, 5], [5, 8], [8, 11], [11, 19]]",0.25
2784,"[5, 8, 12]","[[0, 5], [5, 8], [8, 12], [12, 19]]",1.0
2785,"[5, 8, 12]","[[0, 5], [5, 8], [8, 12], [12, 19]]",0.75
2786,"[5, 8, 12]","[[0, 5], [5, 8], [8, 12], [12, 19]]",0.5
2787,"[5, 8, 12]","[[0, 5], [5, 8], [8, 12], [12, 19]]",0.25
2788,"[5, 8, 13]","[[0, 5], [5, 8], [8, 13], [13, 19]]",1.0
2789,"[5, 8, 13]","[[0, 5], [5, 8], [8, 13], [13, 19]]",0.75
2790,"[5, 8, 13]","[[0, 5], [5, 8], [8, 13], [13, 19]]",0.5
2791,"[5, 8, 13]","[[0, 5], [5, 8], [8, 13], [13, 19]]",0.25
2792,"[5, 8, 14]","[[0, 5], [5, 8], [8, 14], [14, 19]]",1.0
2793,"[5, 8, 14]","[[0, 5], [5, 8], [8, 14], [14, 19]]",0.75
2794,"[5, 8, 14]","[[0, 5], [5, 8], [8, 14], [14, 19]]",0.5
2795,"[5, 8, 14]","[[0, 5], [5, 8], [8, 14], [14, 19]]",0.25
2796,"[5, 8, 15]","[[0, 5], [5, 8], [8, 15], [15, 19]]",1.0
2797,"[5, 8, 15]","[[0, 5], [5, 8], [8, 15], [15, 19]]",0.75
2798,"[5, 8, 15]","[[0, 5], [5, 8], [8, 15], [15, 19]]",0.5
2799,"[5, 8, 15]","[[0, 5], [5, 8], [8, 15], [15, 19]]",0.25
2800,"[5, 8, 16]","[[0, 5], [5, 8], [8, 16], [16, 19]]",1.0
2801,"[5, 8, 16]","[[0, 5], [5, 8], [8, 16], [16, 19]]",0.75
2802,"[5, 8, 16]","[[0, 5], [5, 8], [8, 16], [16, 19]]",0.5
2803,"[5, 8, 16]","[[0, 5], [5, 8], [8, 16], [16, 19]]",0.25
2804,"[5, 8, 17]","[[0, 5], [5, 8], [8, 17], [17, 19]]",1.0
2805,"[5, 8, 17]","[[0, 5], [5, 8], [8, 17], [17, 19]]",0.75
2806,"[5, 8, 17]","[[0, 5], [5, 8], [8, 17], [17, 19]]",0.5
2807,"[5, 8, 17]","[[0, 5], [5, 8], [8, 17], [17, 19]]",0.25
2808,"[5, 8, 18]","[[0, 5], [5, 8], [8, 18], [18, 19]]",1.0
2809,"[5, 8, 18]","[[0, 5], [5, 8], [8, 18], [18, 19]]",0.75
2810,"[5, 8, 18]","[[0, 5], [5, 8], [8, 18], [18, 19]]",0.5
2811,"[5, 8, 18]","[[0, 5], [5, 8], [8, 18], [18, 19]]",0.25
2812,"[5, 8, 19]","[[0, 5], [5, 8], [8, 19], [19, 19]]",1.0
2813,"[5, 8, 19]","[[0, 5], [5, 8], [8, 19], [19, 19]]",0.75
2814,"[5, 8, 19]","[[0, 5], [5, 8], [8, 19], [19, 19]]",0.5
2815,"[5, 8, 19]","[[0, 5], [5, 8], [8, 19], [19, 19]]",0.25
2816,"[5, 9, 9]","[[0, 5], [5, 9], [9, 9], [9, 19]]",1.0
2817,"[5, 9, 9]","[[0, 5], [5, 9], [9, 9], [9, 19]]",0.75
2818,"[5, 9, 9]","[[0, 5], [5, 9], [9, 9], [9, 19]]",0.5
2819,"[5, 9, 9]","[[0, 5], [5, 9], [9, 9], [9, 19]]",0.25
2820,"[5, 9, 10]","[[0, 5], [5, 9], [9, 10], [10, 19]]",1.0
2821,"[5, 9, 10]","[[0, 5], [5, 9], [9, 10], [10, 19]]",0.75
2822,"[5, 9, 10]","[[0, 5], [5, 9], [9, 10], [10, 19]]",0.5
2823,"[5, 9, 10]","[[0, 5], [5, 9], [9, 10], [10, 19]]",0.25
2824,"[5, 9, 11]","[[0, 5], [5, 9], [9, 11], [11, 19]]",1.0
2825,"[5, 9, 11]","[[0, 5], [5, 9], [9, 11], [11, 19]]",0.75
2826,"[5, 9, 11]","[[0, 5], [5, 9], [9, 11], [11, 19]]",0.5
2827,"[5, 9, 11]","[[0, 5], [5, 9], [9, 11], [11, 19]]",0.25
2828,"[5, 9, 12]","[[0, 5], [5, 9], [9, 12], [12, 19]]",1.0
2829,"[5, 9, 12]","[[0, 5], [5, 9], [9, 12], [12, 19]]",0.75
2830,"[5, 9, 12]","[[0, 5], [5, 9], [9, 12], [12, 19]]",0.5
2831,"[5, 9, 12]","[[0, 5], [5, 9], [9, 12], [12, 19]]",0.25
2832,"[5, 9, 13]","[[0, 5], [5, 9], [9, 13], [13, 19]]",1.0
2833,"[5, 9, 13]","[[0, 5], [5, 9], [9, 13], [13, 19]]",0.75
2834,"[5, 9, 13]","[[0, 5], [5, 9], [9, 13], [13, 19]]",0.5
2835,"[5, 9, 13]","[[0, 5], [5, 9], [9, 13], [13, 19]]",0.25
2836,"[5, 9, 14]","[[0, 5], [5, 9], [9, 14], [14, 19]]",1.0
2837,"[5, 9, 14]","[[0, 5], [5, 9], [9, 14], [14, 19]]",0.75
2838,"[5, 9, 14]","[[0, 5], [5, 9], [9, 14], [14, 19]]",0.5
2839,"[5, 9, 14]","[[0, 5], [5, 9], [9, 14], [14, 19]]",0.25
2840,"[5, 9, 15]","[[0, 5], [5, 9], [9, 15], [15, 19]]",1.0
2841,"[5, 9, 15]","[[0, 5], [5, 9], [9, 15], [15, 19]]",0.75
2842,"[5, 9, 15]","[[0, 5], [5, 9], [9, 15], [15, 19]]",0.5
2843,"[5, 9, 15]","[[0, 5], [5, 9], [9, 15], [15, 19]]",0.25
2844,"[5, 9, 16]","[[0, 5], [5, 9], [9, 16], [16, 19]]",1.0
2845,"[5, 9, 16]","[[0, 5], [5, 9], [9, 16], [16, 19]]",0.75
2846,"[5, 9, 16]","[[0, 5], [5, 9], [9, 16], [16, 19]]",0.5
2847,"[5, 9, 16]","[[0, 5], [5, 9], [9, 16], [16, 19]]",0.25
2848,"[5, 9, 17]","[[0, 5], [5, 9], [9, 17], [17, 19]]",1.0
2849,"[5, 9, 17]","[[0, 5], [5, 9], [9, 17], [17, 19]]",0.75
2850,"[5, 9, 17]","[[0, 5], [5, 9], [9, 17], [17, 19]]",0.5
2851,"[5, 9, 17]","[[0, 5], [5, 9], [9, 17], [17, 19]]",0.25
2852,"[5, 9, 18]","[[0, 5], [5, 9], [9, 18], [18, 19]]",1.0
2853,"[5, 9, 18]","[[0, 5], [5, 9], [9, 18], [18, 19]]",0.75
2854,"[5, 9, 18]","[[0, 5], [5, 9], [9, 18], [18, 19]]",0.5
2855,"[5, 9, 18]","[[0, 5], [5, 9], [9, 18], [18, 19]]",0.25
2856,"[5, 9, 19]","[[0, 5], [5, 9], [9, 19], [19, 19]]",1.0
2857,"[5, 9, 19]","[[0, 5], [5, 9], [9, 19], [19, 19]]",0.75
2858,"[5, 9, 19]","[[0, 5], [5, 9], [9, 19], [19, 19]]",0.5
2859,"[5, 9, 19]","[[0, 5], [5, 9], [9, 19], [19, 19]]",0.25
2860,"[5, 10, 10]","[[0, 5], [5, 10], [10, 10], [10, 19]]",1.0
2861,"[5, 10, 10]","[[0, 5], [5, 10], [10, 10], [10, 19]]",0.75
2862,"[5, 10, 10]","[[0, 5], [5, 10], [10, 10], [10, 19]]",0.5
2863,"[5, 10, 10]","[[0, 5], [5, 10], [10, 10], [10, 19]]",0.25
2864,"[5, 10, 11]","[[0, 5], [5, 10], [10, 11], [11, 19]]",1.0
2865,"[5, 10, 11]","[[0, 5], [5, 10], [10, 11], [11, 19]]",0.75
2866,"[5, 10, 11]","[[0, 5], [5, 10], [10, 11], [11, 19]]",0.5
2867,"[5, 10, 11]","[[0, 5], [5, 10], [10, 11], [11, 19]]",0.25
2868,"[5, 10, 12]","[[0, 5], [5, 10], [10, 12], [12, 19]]",1.0
2869,"[5, 10, 12]","[[0, 5], [5, 10], [10, 12], [12, 19]]",0.75
2870,"[5, 10, 12]","[[0, 5], [5, 10], [10, 12], [12, 19]]",0.5
2871,"[5, 10, 12]","[[0, 5], [5, 10], [10, 12], [12, 19]]",0.25
2872,"[5, 10, 13]","[[0, 5], [5, 10], [10, 13], [13, 19]]",1.0
2873,"[5, 10, 13]","[[0, 5], [5, 10], [10, 13], [13, 19]]",0.75
2874,"[5, 10, 13]","[[0, 5], [5, 10], [10, 13], [13, 19]]",0.5
2875,"[5, 10, 13]","[[0, 5], [5, 10], [10, 13], [13, 19]]",0.25
2876,"[5, 10, 14]","[[0, 5], [5, 10], [10, 14], [14, 19]]",1.0
2877,"[5, 10, 14]","[[0, 5], [5, 10], [10, 14], [14, 19]]",0.75
2878,"[5, 10, 14]","[[0, 5], [5, 10], [10, 14], [14, 19]]",0.5
2879,"[5, 10, 14]","[[0, 5], [5, 10], [10, 14], [14, 19]]",0.25
2880,"[5, 10, 15]","[[0, 5], [5, 10], [10, 15], [15, 19]]",1.0
2881,"[5, 10, 15]","[[0, 5], [5, 10], [10, 15], [15, 19]]",0.75
2882,"[5, 10, 15]","[[0, 5], [5, 10], [10, 15], [15, 19]]",0.5
2883,"[5, 10, 15]","[[0, 5], [5, 10], [10, 15], [15, 19]]",0.25
2884,"[5, 10, 16]","[[0, 5], [5, 10], [10, 16], [16, 19]]",1.0
2885,"[5, 10, 16]","[[0, 5], [5, 10], [10, 16], [16, 19]]",0.75
2886,"[5, 10, 16]","[[0, 5], [5, 10], [10, 16], [16, 19]]",0.5
2887,"[5, 10, 16]","[[0, 5], [5, 10], [10, 16], [16, 19]]",0.25
2888,"[5, 10, 17]","[[0, 5], [5, 10], [10, 17], [17, 19]]",1.0
2889,"[5, 10, 17]","[[0, 5], [5, 10], [10, 17], [17, 19]]",0.75
2890,"[5, 10, 17]","[[0, 5], [5, 10], [10, 17], [17, 19]]",0.5
2891,"[5, 10, 17]","[[0, 5], [5, 10], [10, 17], [17, 19]]",0.25
2892,"[5, 10, 18]","[[0, 5], [5, 10], [10, 18], [18, 19]]",1.0
2893,"[5, 10, 18]","[[0, 5], [5, 10], [10, 18], [18, 19]]",0.75
2894,"[5, 10, 18]","[[0, 5], [5, 10], [10, 18], [18, 19]]",0.5
2895,"[5, 10, 18]","[[0, 5], [5, 10], [10, 18], [18, 19]]",0.25
2896,"[5, 10, 19]","[[0, 5], [5, 10], [10, 19], [19, 19]]",1.0
2897,"[5, 10, 19]","[[0, 5], [5, 10], [10, 19], [19, 19]]",0.75
2898,"[5, 10, 19]","[[0, 5], [5, 10], [10, 19], [19, 19]]",0.5
2899,"[5, 10, 19]","[[0, 5], [5, 10], [10, 19], [19, 19]]",0.25
2900,"[5, 11, 11]","[[0, 5], [5, 11], [11, 11], [11, 19]]",1.0
2901,"[5, 11, 11]","[[0, 5], [5, 11], [11, 11], [11, 19]]",0.75
2902,"[5, 11, 11]","[[0, 5], [5, 11], [11, 11], [11, 19]]",0.5
2903,"[5, 11, 11]","[[0, 5], [5, 11], [11, 11], [11, 19]]",0.25
2904,"[5, 11, 12]","[[0, 5], [5, 11], [11, 12], [12, 19]]",1.0
2905,"[5, 11, 12]","[[0, 5], [5, 11], [11, 12], [12, 19]]",0.75
2906,"[5, 11, 12]","[[0, 5], [5, 11], [11, 12], [12, 19]]",0.5
2907,"[5, 11, 12]","[[0, 5], [5, 11], [11, 12], [12, 19]]",0.25
2908,"[5, 11, 13]","[[0, 5], [5, 11], [11, 13], [13, 19]]",1.0
2909,"[5, 11, 13]","[[0, 5], [5, 11], [11, 13], [13, 19]]",0.75
2910,"[5, 11, 13]","[[0, 5], [5, 11], [11, 13], [13, 19]]",0.5
2911,"[5, 11, 13]","[[0, 5], [5, 11], [11, 13], [13, 19]]",0.25
2912,"[5, 11, 14]","[[0, 5], [5, 11], [11, 14], [14, 19]]",1.0
2913,"[5, 11, 14]","[[0, 5], [5, 11], [11, 14], [14, 19]]",0.75
2914,"[5, 11, 14]","[[0, 5], [5, 11], [11, 14], [14, 19]]",0.5
2915,"[5, 11, 14]","[[0, 5], [5, 11], [11, 14], [14, 19]]",0.25
2916,"[5, 11, 15]","[[0, 5], [5, 11], [11, 15], [15, 19]]",1.0
2917,"[5, 11, 15]","[[0, 5], [5, 11], [11, 15], [15, 19]]",0.75
2918,"[5, 11, 15]","[[0, 5], [5, 11], [11, 15], [15, 19]]",0.5
2919,"[5, 11, 15]","[[0, 5], [5, 11], [11, 15], [15, 19]]",0.25
2920,"[5, 11, 16]","[[0, 5], [5, 11], [11, 16], [16, 19]]",1.0
2921,"[5, 11, 16]","[[0, 5], [5, 11], [11, 16], [16, 19]]",0.75
2922,"[5, 11, 16]","[[0, 5], [5, 11], [11, 16], [16, 19]]",0.5
2923,"[5, 11, 16]","[[0, 5], [5, 11], [11, 16], [16, 19]]",0.25
2924,"[5, 11, 17]","[[0, 5], [5, 11], [11, 17], [17, 19]]",1.0
2925,"[5, 11, 17]","[[0, 5], [5, 11], [11, 17], [17, 19]]",0.75
2926,"[5, 11, 17]","[[0, 5], [5, 11], [11, 17], [17, 19]]",0.5
2927,"[5, 11, 17]","[[0, 5], [5, 11], [11, 17], [17, 19]]",0.25
2928,"[5, 11, 18]","[[0, 5], [5, 11], [11, 18], [18, 19]]",1.0
2929,"[5, 11, 18]","[[0, 5], [5, 11], [11, 18], [18, 19]]",0.75
2930,"[5, 11, 18]","[[0, 5], [5, 11], [11, 18], [18, 19]]",0.5
2931,"[5, 11, 18]","[[0, 5], [5, 11], [11, 18], [18, 19]]",0.25
2932,"[5, 11, 19]","[[0, 5], [5, 11], [11, 19], [19, 19]]",1.0
2933,"[5, 11, 19]","[[0, 5], [5, 11], [11, 19], [19, 19]]",0.75
2934,"[5, 11, 19]","[[0, 5], [5, 11], [11, 19], [19, 19]]",0.5
2935,"[5, 11, 19]","[[0, 5], [5, 11], [11, 19], [19, 19]]",0.25
2936,"[5, 12, 12]","[[0, 5], [5, 12], [12, 12], [12, 19]]",1.0
2937,"[5, 12, 12]","[[0, 5], [5, 12], [12, 12], [12, 19]]",0.75
2938,"[5, 12, 12]","[[0, 5], [5, 12], [12, 12], [12, 19]]",0.5
2939,"[5, 12, 12]","[[0, 5], [5, 12], [12, 12], [12, 19]]",0.25
2940,"[5, 12, 13]","[[0, 5], [5, 12], [12, 13], [13, 19]]",1.0
2941,"[5, 12, 13]","[[0, 5], [5, 12], [12, 13], [13, 19]]",0.75
2942,"[5, 12, 13]","[[0, 5], [5, 12], [12, 13], [13, 19]]",0.5
2943,"[5, 12, 13]","[[0, 5], [5, 12], [12, 13], [13, 19]]",0.25
2944,"[5, 12, 14]","[[0, 5], [5, 12], [12, 14], [14, 19]]",1.0
2945,"[5, 12, 14]","[[0, 5], [5, 12], [12, 14], [14, 19]]",0.75
2946,"[5, 12, 14]","[[0, 5], [5, 12], [12, 14], [14, 19]]",0.5
2947,"[5, 12, 14]","[[0, 5], [5, 12], [12, 14], [14, 19]]",0.25
2948,"[5, 12, 15]","[[0, 5], [5, 12], [12, 15], [15, 19]]",1.0
2949,"[5, 12, 15]","[[0, 5], [5, 12], [12, 15], [15, 19]]",0.75
2950,"[5, 12, 15]","[[0, 5], [5, 12], [12, 15], [15, 19]]",0.5
2951,"[5, 12, 15]","[[0, 5], [5, 12], [12, 15], [15, 19]]",0.25
2952,"[5, 12, 16]","[[0, 5], [5, 12], [12, 16], [16, 19]]",1.0
2953,"[5, 12, 16]","[[0, 5], [5, 12], [12, 16], [16, 19]]",0.75
2954,"[5, 12, 16]","[[0, 5], [5, 12], [12, 16], [16, 19]]",0.5
2955,"[5, 12, 16]","[[0, 5], [5, 12], [12, 16], [16, 19]]",0.25
2956,"[5, 12, 17]","[[0, 5], [5, 12], [12, 17], [17, 19]]",1.0
2957,"[5, 12, 17]","[[0, 5], [5, 12], [12, 17], [17, 19]]",0.75
2958,"[5, 12, 17]","[[0, 5], [5, 12], [12, 17], [17, 19]]",0.5
2959,"[5, 12, 17]","[[0, 5], [5, 12], [12, 17], [17, 19]]",0.25
2960,"[5, 12, 18]","[[0, 5], [5, 12], [12, 18], [18, 19]]",1.0
2961,"[5, 12, 18]","[[0, 5], [5, 12], [12, 18], [18, 19]]",0.75
2962,"[5, 12, 18]","[[0, 5], [5, 12], [12, 18], [18, 19]]",0.5
2963,"[5, 12, 18]","[[0, 5], [5, 12], [12, 18], [18, 19]]",0.25
2964,"[5, 12, 19]","[[0, 5], [5, 12], [12, 19], [19, 19]]",1.0
2965,"[5, 12, 19]","[[0, 5], [5, 12], [12, 19], [19, 19]]",0.75
2966,"[5, 12, 19]","[[0, 5], [5, 12], [12, 19], [19, 19]]",0.5
2967,"[5, 12, 19]","[[0, 5], [5, 12], [12, 19], [19, 19]]",0.25
2968,"[5, 13, 13]","[[0, 5], [5, 13], [13, 13], [13, 19]]",1.0
2969,"[5, 13, 13]","[[0, 5], [5, 13], [13, 13], [13, 19]]",0.75
2970,"[5, 13, 13]","[[0, 5], [5, 13], [13, 13], [13, 19]]",0.5
2971,"[5, 13, 13]","[[0, 5], [5, 13], [13, 13], [13, 19]]",0.25
2972,"[5, 13, 14]","[[0, 5], [5, 13], [13, 14], [14, 19]]",1.0
2973,"[5, 13, 14]","[[0, 5], [5, 13], [13, 14], [14, 19]]",0.75
2974,"[5, 13, 14]","[[0, 5], [5, 13], [13, 14], [14, 19]]",0.5
2975,"[5, 13, 14]","[[0, 5], [5, 13], [13, 14], [14, 19]]",0.25
2976,"[5, 13, 15]","[[0, 5], [5, 13], [13, 15], [15, 19]]",1.0
2977,"[5, 13, 15]","[[0, 5], [5, 13], [13, 15], [15, 19]]",0.75
2978,"[5, 13, 15]","[[0, 5], [5, 13], [13, 15], [15, 19]]",0.5
2979,"[5, 13, 15]","[[0, 5], [5, 13], [13, 15], [15, 19]]",0.25
2980,"[5, 13, 16]","[[0, 5], [5, 13], [13, 16], [16, 19]]",1.0
2981,"[5, 13, 16]","[[0, 5], [5, 13], [13, 16], [16, 19]]",0.75
2982,"[5, 13, 16]","[[0, 5], [5, 13], [13, 16], [16, 19]]",0.5
2983,"[5, 13, 16]","[[0, 5], [5, 13], [13, 16], [16, 19]]",0.25
2984,"[5, 13, 17]","[[0, 5], [5, 13], [13, 17], [17, 19]]",1.0
2985,"[5, 13, 17]","[[0, 5], [5, 13], [13, 17], [17, 19]]",0.75
2986,"[5, 13, 17]","[[0, 5], [5, 13], [13, 17], [17, 19]]",0.5
2987,"[5, 13, 17]","[[0, 5], [5, 13], [13, 17], [17, 19]]",0.25
2988,"[5, 13, 18]","[[0, 5], [5, 13], [13, 18], [18, 19]]",1.0
2989,"[5, 13, 18]","[[0, 5], [5, 13], [13, 18], [18, 19]]",0.75
2990,"[5, 13, 18]","[[0, 5], [5, 13], [13, 18], [18, 19]]",0.5
2991,"[5, 13, 18]","[[0, 5], [5, 13], [13, 18], [18, 19]]",0.25
2992,"[5, 13, 19]","[[0, 5], [5, 13], [13, 19], [19, 19]]",1.0
2993,"[5, 13, 19]","[[0, 5], [5, 13], [13, 19], [19, 19]]",0.75
2994,"[5, 13, 19]","[[0, 5], [5, 13], [13, 19], [19, 19]]",0.5
2995,"[5, 13, 19]","[[0, 5], [5, 13], [13, 19], [19, 19]]",0.25
2996,"[5, 14, 14]","[[0, 5], [5, 14], [14, 14], [14, 19]]",1.0
2997,"[5, 14, 14]","[[0, 5], [5, 14], [14, 14], [14, 19]]",0.75
2998,"[5, 14, 14]","[[0, 5], [5, 14], [14, 14], [14, 19]]",0.5
2999,"[5, 14, 14]","[[0, 5], [5, 14], [14, 14], [14, 19]]",0.25
3000,"[5, 14, 15]","[[0, 5], [5, 14], [14, 15], [15, 19]]",1.0
3001,"[5, 14, 15]","[[0, 5], [5, 14], [14, 15], [15, 19]]",0.75
3002,"[5, 14, 15]","[[0, 5], [5, 14], [14, 15], [15, 19]]",0.5
3003,"[5, 14, 15]","[[0, 5], [5, 14], [14, 15], [15, 19]]",0.25
3004,"[5, 14, 16]","[[0, 5], [5, 14], [14, 16], [16, 19]]",1.0
3005,"[5, 14, 16]","[[0, 5], [5, 14], [14, 16], [16, 19]]",0.75
3006,"[5, 14, 16]","[[0, 5], [5, 14], [14, 16], [16, 19]]",0.5
3007,"[5, 14, 16]","[[0, 5], [5, 14], [14, 16], [16, 19]]",0.25
3008,"[5, 14, 17]","[[0, 5], [5, 14], [14, 17], [17, 19]]",1.0
3009,"[5, 14, 17]","[[0, 5], [5, 14], [14, 17], [17, 19]]",0.75
3010,"[5, 14, 17]","[[0, 5], [5, 14], [14, 17], [17, 19]]",0.5
3011,"[5, 14, 17]","[[0, 5], [5, 14], [14, 17], [17, 19]]",0.25
3012,"[5, 14, 18]","[[0, 5], [5, 14], [14, 18], [18, 19]]",1.0
3013,"[5, 14, 18]","[[0, 5], [5, 14], [14, 18], [18, 19]]",0.75
3014,"[5, 14, 18]","[[0, 5], [5, 14], [14, 18], [18, 19]]",0.5
3015,"[5, 14, 18]","[[0, 5], [5, 14], [14, 18], [18, 19]]",0.25
3016,"[5, 14, 19]","[[0, 5], [5, 14], [14, 19], [19, 19]]",1.0
3017,"[5, 14, 19]","[[0, 5], [5, 14], [14, 19], [19, 19]]",0.75
3018,"[5, 14, 19]","[[0, 5], [5, 14], [14, 19], [19, 19]]",0.5
3019,"[5, 14, 19]","[[0, 5], [5, 14], [14, 19], [19, 19]]",0.25
3020,"[5, 15, 15]","[[0, 5], [5, 15], [15, 15], [15, 19]]",1.0
3021,"[5, 15, 15]","[[0, 5], [5, 15], [15, 15], [15, 19]]",0.75
3022,"[5, 15, 15]","[[0, 5], [5, 15], [15, 15], [15, 19]]",0.5
3023,"[5, 15, 15]","[[0, 5], [5, 15], [15, 15], [15, 19]]",0.25
3024,"[5, 15, 16]","[[0, 5], [5, 15], [15, 16], [16, 19]]",1.0
3025,"[5, 15, 16]","[[0, 5], [5, 15], [15, 16], [16, 19]]",0.75
3026,"[5, 15, 16]","[[0, 5], [5, 15], [15, 16], [16, 19]]",0.5
3027,"[5, 15, 16]","[[0, 5], [5, 15], [15, 16], [16, 19]]",0.25
3028,"[5, 15, 17]","[[0, 5], [5, 15], [15, 17], [17, 19]]",1.0
3029,"[5, 15, 17]","[[0, 5], [5, 15], [15, 17], [17, 19]]",0.75
3030,"[5, 15, 17]","[[0, 5], [5, 15], [15, 17], [17, 19]]",0.5
3031,"[5, 15, 17]","[[0, 5], [5, 15], [15, 17], [17, 19]]",0.25
3032,"[5, 15, 18]","[[0, 5], [5, 15], [15, 18], [18, 19]]",1.0
3033,"[5, 15, 18]","[[0, 5], [5, 15], [15, 18], [18, 19]]",0.75
3034,"[5, 15, 18]","[[0, 5], [5, 15], [15, 18], [18, 19]]",0.5
3035,"[5, 15, 18]","[[0, 5], [5, 15], [15, 18], [18, 19]]",0.25
3036,"[5, 15, 19]","[[0, 5], [5, 15], [15, 19], [19, 19]]",1.0
3037,"[5, 15, 19]","[[0, 5], [5, 15], [15, 19], [19, 19]]",0.75
3038,"[5, 15, 19]","[[0, 5], [5, 15], [15, 19], [19, 19]]",0.5
3039,"[5, 15, 19]","[[0, 5], [5, 15], [15, 19], [19, 19]]",0.25
3040,"[5, 16, 16]","[[0, 5], [5, 16], [16, 16], [16, 19]]",1.0
3041,"[5, 16, 16]","[[0, 5], [5, 16], [16, 16], [16, 19]]",0.75
3042,"[5, 16, 16]","[[0, 5], [5, 16], [16, 16], [16, 19]]",0.5
3043,"[5, 16, 16]","[[0, 5], [5, 16], [16, 16], [16, 19]]",0.25
3044,"[5, 16, 17]","[[0, 5], [5, 16], [16, 17], [17, 19]]",1.0
3045,"[5, 16, 17]","[[0, 5], [5, 16], [16, 17], [17, 19]]",0.75
3046,"[5, 16, 17]","[[0, 5], [5, 16], [16, 17], [17, 19]]",0.5
3047,"[5, 16, 17]","[[0, 5], [5, 16], [16, 17], [17, 19]]",0.25
3048,"[5, 16, 18]","[[0, 5], [5, 16], [16, 18], [18, 19]]",1.0
3049,"[5, 16, 18]","[[0, 5], [5, 16], [16, 18], [18, 19]]",0.75
3050,"[5, 16, 18]","[[0, 5], [5, 16], [16, 18], [18, 19]]",0.5
3051,"[5, 16, 18]","[[0, 5], [5, 16], [16, 18], [18, 19]]",0.25
3052,"[5, 16, 19]","[[0, 5], [5, 16], [16, 19], [19, 19]]",1.0
3053,"[5, 16, 19]","[[0, 5], [5, 16], [16, 19], [19, 19]]",0.75
3054,"[5, 16, 19]","[[0, 5], [5, 16], [16, 19], [19, 19]]",0.5
3055,"[5, 16, 19]","[[0, 5], [5, 16], [16, 19], [19, 19]]",0.25
3056,"[5, 17, 17]","[[0, 5], [5, 17], [17, 17], [17, 19]]",1.0
3057,"[5, 17, 17]","[[0, 5], [5, 17], [17, 17], [17, 19]]",0.75
3058,"[5, 17, 17]","[[0, 5], [5, 17], [17, 17], [17, 19]]",0.5
3059,"[5, 17, 17]","[[0, 5], [5, 17], [17, 17], [17, 19]]",0.25
3060,"[5, 17, 18]","[[0, 5], [5, 17], [17, 18], [18, 19]]",1.0
3061,"[5, 17, 18]","[[0, 5], [5, 17], [17, 18], [18, 19]]",0.75
3062,"[5, 17, 18]","[[0, 5], [5, 17], [17, 18], [18, 19]]",0.5
3063,"[5, 17, 18]","[[0, 5], [5, 17], [17, 18], [18, 19]]",0.25
3064,"[5, 17, 19]","[[0, 5], [5, 17], [17, 19], [19, 19]]",1.0
3065,"[5, 17, 19]","[[0, 5], [5, 17], [17, 19], [19, 19]]",0.75
3066,"[5, 17, 19]","[[0, 5], [5, 17], [17, 19], [19, 19]]",0.5
3067,"[5, 17, 19]","[[0, 5], [5, 17], [17, 19], [19, 19]]",0.25
3068,"[5, 18, 18]","[[0, 5], [5, 18], [18, 18], [18, 19]]",1.0
3069,"[5, 18, 18]","[[0, 5], [5, 18], [18, 18], [18, 19]]",0.75
3070,"[5, 18, 18]","[[0, 5], [5, 18], [18, 18], [18, 19]]",0.5
3071,"[5, 18, 18]","[[0, 5], [5, 18], [18, 18], [18, 19]]",0.25
3072,"[5, 18, 19]","[[0, 5], [5, 18], [18, 19], [19, 19]]",1.0
3073,"[5, 18, 19]","[[0, 5], [5, 18], [18, 19], [19, 19]]",0.75
3074,"[5, 18, 19]","[[0, 5], [5, 18], [18, 19], [19, 19]]",0.5
3075,"[5, 18, 19]","[[0, 5], [5, 18], [18, 19], [19, 19]]",0.25
3076,"[5, 19, 19]","[[0, 5], [5, 19], [19, 19], [19, 19]]",1.0
3077,"[5, 19, 19]","[[0, 5], [5, 19], [19, 19], [19, 19]]",0.75
3078,"[5, 19, 19]","[[0, 5], [5, 19], [19, 19], [19, 19]]",0.5
3079,"[5, 19, 19]","[[0, 5], [5, 19], [19, 19], [19, 19]]",0.25
3080,"[6, 6, 6]","[[0, 6], [6, 6], [6, 6], [6, 19]]",1.0
3081,"[6, 6, 6]","[[0, 6], [6, 6], [6, 6], [6, 19]]",0.75
3082,"[6, 6, 6]","[[0, 6], [6, 6], [6, 6], [6, 19]]",0.5
3083,"[6, 6, 6]","[[0, 6], [6, 6], [6, 6], [6, 19]]",0.25
3084,"[6, 6, 7]","[[0, 6], [6, 6], [6, 7], [7, 19]]",1.0
3085,"[6, 6, 7]","[[0, 6], [6, 6], [6, 7], [7, 19]]",0.75
3086,"[6, 6, 7]","[[0, 6], [6, 6], [6, 7], [7, 19]]",0.5
3087,"[6, 6, 7]","[[0, 6], [6, 6], [6, 7], [7, 19]]",0.25
3088,"[6, 6, 8]","[[0, 6], [6, 6], [6, 8], [8, 19]]",1.0
3089,"[6, 6, 8]","[[0, 6], [6, 6], [6, 8], [8, 19]]",0.75
3090,"[6, 6, 8]","[[0, 6], [6, 6], [6, 8], [8, 19]]",0.5
3091,"[6, 6, 8]","[[0, 6], [6, 6], [6, 8], [8, 19]]",0.25
3092,"[6, 6, 9]","[[0, 6], [6, 6], [6, 9], [9, 19]]",1.0
3093,"[6, 6, 9]","[[0, 6], [6, 6], [6, 9], [9, 19]]",0.75
3094,"[6, 6, 9]","[[0, 6], [6, 6], [6, 9], [9, 19]]",0.5
3095,"[6, 6, 9]","[[0, 6], [6, 6], [6, 9], [9, 19]]",0.25
3096,"[6, 6, 10]","[[0, 6], [6, 6], [6, 10], [10, 19]]",1.0
3097,"[6, 6, 10]","[[0, 6], [6, 6], [6, 10], [10, 19]]",0.75
3098,"[6, 6, 10]","[[0, 6], [6, 6], [6, 10], [10, 19]]",0.5
3099,"[6, 6, 10]","[[0, 6], [6, 6], [6, 10], [10, 19]]",0.25
3100,"[6, 6, 11]","[[0, 6], [6, 6], [6, 11], [11, 19]]",1.0
3101,"[6, 6, 11]","[[0, 6], [6, 6], [6, 11], [11, 19]]",0.75
3102,"[6, 6, 11]","[[0, 6], [6, 6], [6, 11], [11, 19]]",0.5
3103,"[6, 6, 11]","[[0, 6], [6, 6], [6, 11], [11, 19]]",0.25
3104,"[6, 6, 12]","[[0, 6], [6, 6], [6, 12], [12, 19]]",1.0
3105,"[6, 6, 12]","[[0, 6], [6, 6], [6, 12], [12, 19]]",0.75
3106,"[6, 6, 12]","[[0, 6], [6, 6], [6, 12], [12, 19]]",0.5
3107,"[6, 6, 12]","[[0, 6], [6, 6], [6, 12], [12, 19]]",0.25
3108,"[6, 6, 13]","[[0, 6], [6, 6], [6, 13], [13, 19]]",1.0
3109,"[6, 6, 13]","[[0, 6], [6, 6], [6, 13], [13, 19]]",0.75
3110,"[6, 6, 13]","[[0, 6], [6, 6], [6, 13], [13, 19]]",0.5
3111,"[6, 6, 13]","[[0, 6], [6, 6], [6, 13], [13, 19]]",0.25
3112,"[6, 6, 14]","[[0, 6], [6, 6], [6, 14], [14, 19]]",1.0
3113,"[6, 6, 14]","[[0, 6], [6, 6], [6, 14], [14, 19]]",0.75
3114,"[6, 6, 14]","[[0, 6], [6, 6], [6, 14], [14, 19]]",0.5
3115,"[6, 6, 14]","[[0, 6], [6, 6], [6, 14], [14, 19]]",0.25
3116,"[6, 6, 15]","[[0, 6], [6, 6], [6, 15], [15, 19]]",1.0
3117,"[6, 6, 15]","[[0, 6], [6, 6], [6, 15], [15, 19]]",0.75
3118,"[6, 6, 15]","[[0, 6], [6, 6], [6, 15], [15, 19]]",0.5
3119,"[6, 6, 15]","[[0, 6], [6, 6], [6, 15], [15, 19]]",0.25
3120,"[6, 6, 16]","[[0, 6], [6, 6], [6, 16], [16, 19]]",1.0
3121,"[6, 6, 16]","[[0, 6], [6, 6], [6, 16], [16, 19]]",0.75
3122,"[6, 6, 16]","[[0, 6], [6, 6], [6, 16], [16, 19]]",0.5
3123,"[6, 6, 16]","[[0, 6], [6, 6], [6, 16], [16, 19]]",0.25
3124,"[6, 6, 17]","[[0, 6], [6, 6], [6, 17], [17, 19]]",1.0
3125,"[6, 6, 17]","[[0, 6], [6, 6], [6, 17], [17, 19]]",0.75
3126,"[6, 6, 17]","[[0, 6], [6, 6], [6, 17], [17, 19]]",0.5
3127,"[6, 6, 17]","[[0, 6], [6, 6], [6, 17], [17, 19]]",0.25
3128,"[6, 6, 18]","[[0, 6], [6, 6], [6, 18], [18, 19]]",1.0
3129,"[6, 6, 18]","[[0, 6], [6, 6], [6, 18], [18, 19]]",0.75
3130,"[6, 6, 18]","[[0, 6], [6, 6], [6, 18], [18, 19]]",0.5
3131,"[6, 6, 18]","[[0, 6], [6, 6], [6, 18], [18, 19]]",0.25
3132,"[6, 6, 19]","[[0, 6], [6, 6], [6, 19], [19, 19]]",1.0
3133,"[6, 6, 19]","[[0, 6], [6, 6], [6, 19], [19, 19]]",0.75
3134,"[6, 6, 19]","[[0, 6], [6, 6], [6, 19], [19, 19]]",0.5
3135,"[6, 6, 19]","[[0, 6], [6, 6], [6, 19], [19, 19]]",0.25
3136,"[6, 7, 7]","[[0, 6], [6, 7], [7, 7], [7, 19]]",1.0
3137,"[6, 7, 7]","[[0, 6], [6, 7], [7, 7], [7, 19]]",0.75
3138,"[6, 7, 7]","[[0, 6], [6, 7], [7, 7], [7, 19]]",0.5
3139,"[6, 7, 7]","[[0, 6], [6, 7], [7, 7], [7, 19]]",0.25
3140,"[6, 7, 8]","[[0, 6], [6, 7], [7, 8], [8, 19]]",1.0
3141,"[6, 7, 8]","[[0, 6], [6, 7], [7, 8], [8, 19]]",0.75
3142,"[6, 7, 8]","[[0, 6], [6, 7], [7, 8], [8, 19]]",0.5
3143,"[6, 7, 8]","[[0, 6], [6, 7], [7, 8], [8, 19]]",0.25
3144,"[6, 7, 9]","[[0, 6], [6, 7], [7, 9], [9, 19]]",1.0
3145,"[6, 7, 9]","[[0, 6], [6, 7], [7, 9], [9, 19]]",0.75
3146,"[6, 7, 9]","[[0, 6], [6, 7], [7, 9], [9, 19]]",0.5
3147,"[6, 7, 9]","[[0, 6], [6, 7], [7, 9], [9, 19]]",0.25
3148,"[6, 7, 10]","[[0, 6], [6, 7], [7, 10], [10, 19]]",1.0
3149,"[6, 7, 10]","[[0, 6], [6, 7], [7, 10], [10, 19]]",0.75
3150,"[6, 7, 10]","[[0, 6], [6, 7], [7, 10], [10, 19]]",0.5
3151,"[6, 7, 10]","[[0, 6], [6, 7], [7, 10], [10, 19]]",0.25
3152,"[6, 7, 11]","[[0, 6], [6, 7], [7, 11], [11, 19]]",1.0
3153,"[6, 7, 11]","[[0, 6], [6, 7], [7, 11], [11, 19]]",0.75
3154,"[6, 7, 11]","[[0, 6], [6, 7], [7, 11], [11, 19]]",0.5
3155,"[6, 7, 11]","[[0, 6], [6, 7], [7, 11], [11, 19]]",0.25
3156,"[6, 7, 12]","[[0, 6], [6, 7], [7, 12], [12, 19]]",1.0
3157,"[6, 7, 12]","[[0, 6], [6, 7], [7, 12], [12, 19]]",0.75
3158,"[6, 7, 12]","[[0, 6], [6, 7], [7, 12], [12, 19]]",0.5
3159,"[6, 7, 12]","[[0, 6], [6, 7], [7, 12], [12, 19]]",0.25
3160,"[6, 7, 13]","[[0, 6], [6, 7], [7, 13], [13, 19]]",1.0
3161,"[6, 7, 13]","[[0, 6], [6, 7], [7, 13], [13, 19]]",0.75
3162,"[6, 7, 13]","[[0, 6], [6, 7], [7, 13], [13, 19]]",0.5
3163,"[6, 7, 13]","[[0, 6], [6, 7], [7, 13], [13, 19]]",0.25
3164,"[6, 7, 14]","[[0, 6], [6, 7], [7, 14], [14, 19]]",1.0
3165,"[6, 7, 14]","[[0, 6], [6, 7], [7, 14], [14, 19]]",0.75
3166,"[6, 7, 14]","[[0, 6], [6, 7], [7, 14], [14, 19]]",0.5
3167,"[6, 7, 14]","[[0, 6], [6, 7], [7, 14], [14, 19]]",0.25
3168,"[6, 7, 15]","[[0, 6], [6, 7], [7, 15], [15, 19]]",1.0
3169,"[6, 7, 15]","[[0, 6], [6, 7], [7, 15], [15, 19]]",0.75
3170,"[6, 7, 15]","[[0, 6], [6, 7], [7, 15], [15, 19]]",0.5
3171,"[6, 7, 15]","[[0, 6], [6, 7], [7, 15], [15, 19]]",0.25
3172,"[6, 7, 16]","[[0, 6], [6, 7], [7, 16], [16, 19]]",1.0
3173,"[6, 7, 16]","[[0, 6], [6, 7], [7, 16], [16, 19]]",0.75
3174,"[6, 7, 16]","[[0, 6], [6, 7], [7, 16], [16, 19]]",0.5
3175,"[6, 7, 16]","[[0, 6], [6, 7], [7, 16], [16, 19]]",0.25
3176,"[6, 7, 17]","[[0, 6], [6, 7], [7, 17], [17, 19]]",1.0
3177,"[6, 7, 17]","[[0, 6], [6, 7], [7, 17], [17, 19]]",0.75
3178,"[6, 7, 17]","[[0, 6], [6, 7], [7, 17], [17, 19]]",0.5
3179,"[6, 7, 17]","[[0, 6], [6, 7], [7, 17], [17, 19]]",0.25
3180,"[6, 7, 18]","[[0, 6], [6, 7], [7, 18], [18, 19]]",1.0
3181,"[6, 7, 18]","[[0, 6], [6, 7], [7, 18], [18, 19]]",0.75
3182,"[6, 7, 18]","[[0, 6], [6, 7], [7, 18], [18, 19]]",0.5
3183,"[6, 7, 18]","[[0, 6], [6, 7], [7, 18], [18, 19]]",0.25
3184,"[6, 7, 19]","[[0, 6], [6, 7], [7, 19], [19, 19]]",1.0
3185,"[6, 7, 19]","[[0, 6], [6, 7], [7, 19], [19, 19]]",0.75
3186,"[6, 7, 19]","[[0, 6], [6, 7], [7, 19], [19, 19]]",0.5
3187,"[6, 7, 19]","[[0, 6], [6, 7], [7, 19], [19, 19]]",0.25
3188,"[6, 8, 8]","[[0, 6], [6, 8], [8, 8], [8, 19]]",1.0
3189,"[6, 8, 8]","[[0, 6], [6, 8], [8, 8], [8, 19]]",0.75
3190,"[6, 8, 8]","[[0, 6], [6, 8], [8, 8], [8, 19]]",0.5
3191,"[6, 8, 8]","[[0, 6], [6, 8], [8, 8], [8, 19]]",0.25
3192,"[6, 8, 9]","[[0, 6], [6, 8], [8, 9], [9, 19]]",1.0
3193,"[6, 8, 9]","[[0, 6], [6, 8], [8, 9], [9, 19]]",0.75
3194,"[6, 8, 9]","[[0, 6], [6, 8], [8, 9], [9, 19]]",0.5
3195,"[6, 8, 9]","[[0, 6], [6, 8], [8, 9], [9, 19]]",0.25
3196,"[6, 8, 10]","[[0, 6], [6, 8], [8, 10], [10, 19]]",1.0
3197,"[6, 8, 10]","[[0, 6], [6, 8], [8, 10], [10, 19]]",0.75
3198,"[6, 8, 10]","[[0, 6], [6, 8], [8, 10], [10, 19]]",0.5
3199,"[6, 8, 10]","[[0, 6], [6, 8], [8, 10], [10, 19]]",0.25
3200,"[6, 8, 11]","[[0, 6], [6, 8], [8, 11], [11, 19]]",1.0
3201,"[6, 8, 11]","[[0, 6], [6, 8], [8, 11], [11, 19]]",0.75
3202,"[6, 8, 11]","[[0, 6], [6, 8], [8, 11], [11, 19]]",0.5
3203,"[6, 8, 11]","[[0, 6], [6, 8], [8, 11], [11, 19]]",0.25
3204,"[6, 8, 12]","[[0, 6], [6, 8], [8, 12], [12, 19]]",1.0
3205,"[6, 8, 12]","[[0, 6], [6, 8], [8, 12], [12, 19]]",0.75
3206,"[6, 8, 12]","[[0, 6], [6, 8], [8, 12], [12, 19]]",0.5
3207,"[6, 8, 12]","[[0, 6], [6, 8], [8, 12], [12, 19]]",0.25
3208,"[6, 8, 13]","[[0, 6], [6, 8], [8, 13], [13, 19]]",1.0
3209,"[6, 8, 13]","[[0, 6], [6, 8], [8, 13], [13, 19]]",0.75
3210,"[6, 8, 13]","[[0, 6], [6, 8], [8, 13], [13, 19]]",0.5
3211,"[6, 8, 13]","[[0, 6], [6, 8], [8, 13], [13, 19]]",0.25
3212,"[6, 8, 14]","[[0, 6], [6, 8], [8, 14], [14, 19]]",1.0
3213,"[6, 8, 14]","[[0, 6], [6, 8], [8, 14], [14, 19]]",0.75
3214,"[6, 8, 14]","[[0, 6], [6, 8], [8, 14], [14, 19]]",0.5
3215,"[6, 8, 14]","[[0, 6], [6, 8], [8, 14], [14, 19]]",0.25
3216,"[6, 8, 15]","[[0, 6], [6, 8], [8, 15], [15, 19]]",1.0
3217,"[6, 8, 15]","[[0, 6], [6, 8], [8, 15], [15, 19]]",0.75
3218,"[6, 8, 15]","[[0, 6], [6, 8], [8, 15], [15, 19]]",0.5
3219,"[6, 8, 15]","[[0, 6], [6, 8], [8, 15], [15, 19]]",0.25
3220,"[6, 8, 16]","[[0, 6], [6, 8], [8, 16], [16, 19]]",1.0
3221,"[6, 8, 16]","[[0, 6], [6, 8], [8, 16], [16, 19]]",0.75
3222,"[6, 8, 16]","[[0, 6], [6, 8], [8, 16], [16, 19]]",0.5
3223,"[6, 8, 16]","[[0, 6], [6, 8], [8, 16], [16, 19]]",0.25
3224,"[6, 8, 17]","[[0, 6], [6, 8], [8, 17], [17, 19]]",1.0
3225,"[6, 8, 17]","[[0, 6], [6, 8], [8, 17], [17, 19]]",0.75
3226,"[6, 8, 17]","[[0, 6], [6, 8], [8, 17], [17, 19]]",0.5
3227,"[6, 8, 17]","[[0, 6], [6, 8], [8, 17], [17, 19]]",0.25
3228,"[6, 8, 18]","[[0, 6], [6, 8], [8, 18], [18, 19]]",1.0
3229,"[6, 8, 18]","[[0, 6], [6, 8], [8, 18], [18, 19]]",0.75
3230,"[6, 8, 18]","[[0, 6], [6, 8], [8, 18], [18, 19]]",0.5
3231,"[6, 8, 18]","[[0, 6], [6, 8], [8, 18], [18, 19]]",0.25
3232,"[6, 8, 19]","[[0, 6], [6, 8], [8, 19], [19, 19]]",1.0
3233,"[6, 8, 19]","[[0, 6], [6, 8], [8, 19], [19, 19]]",0.75
3234,"[6, 8, 19]","[[0, 6], [6, 8], [8, 19], [19, 19]]",0.5
3235,"[6, 8, 19]","[[0, 6], [6, 8], [8, 19], [19, 19]]",0.25
3236,"[6, 9, 9]","[[0, 6], [6, 9], [9, 9], [9, 19]]",1.0
3237,"[6, 9, 9]","[[0, 6], [6, 9], [9, 9], [9, 19]]",0.75
3238,"[6, 9, 9]","[[0, 6], [6, 9], [9, 9], [9, 19]]",0.5
3239,"[6, 9, 9]","[[0, 6], [6, 9], [9, 9], [9, 19]]",0.25
3240,"[6, 9, 10]","[[0, 6], [6, 9], [9, 10], [10, 19]]",1.0
3241,"[6, 9, 10]","[[0, 6], [6, 9], [9, 10], [10, 19]]",0.75
3242,"[6, 9, 10]","[[0, 6], [6, 9], [9, 10], [10, 19]]",0.5
3243,"[6, 9, 10]","[[0, 6], [6, 9], [9, 10], [10, 19]]",0.25
3244,"[6, 9, 11]","[[0, 6], [6, 9], [9, 11], [11, 19]]",1.0
3245,"[6, 9, 11]","[[0, 6], [6, 9], [9, 11], [11, 19]]",0.75
3246,"[6, 9, 11]","[[0, 6], [6, 9], [9, 11], [11, 19]]",0.5
3247,"[6, 9, 11]","[[0, 6], [6, 9], [9, 11], [11, 19]]",0.25
3248,"[6, 9, 12]","[[0, 6], [6, 9], [9, 12], [12, 19]]",1.0
3249,"[6, 9, 12]","[[0, 6], [6, 9], [9, 12], [12, 19]]",0.75
3250,"[6, 9, 12]","[[0, 6], [6, 9], [9, 12], [12, 19]]",0.5
3251,"[6, 9, 12]","[[0, 6], [6, 9], [9, 12], [12, 19]]",0.25
3252,"[6, 9, 13]","[[0, 6], [6, 9], [9, 13], [13, 19]]",1.0
3253,"[6, 9, 13]","[[0, 6], [6, 9], [9, 13], [13, 19]]",0.75
3254,"[6, 9, 13]","[[0, 6], [6, 9], [9, 13], [13, 19]]",0.5
3255,"[6, 9, 13]","[[0, 6], [6, 9], [9, 13], [13, 19]]",0.25
3256,"[6, 9, 14]","[[0, 6], [6, 9], [9, 14], [14, 19]]",1.0
3257,"[6, 9, 14]","[[0, 6], [6, 9], [9, 14], [14, 19]]",0.75
3258,"[6, 9, 14]","[[0, 6], [6, 9], [9, 14], [14, 19]]",0.5
3259,"[6, 9, 14]","[[0, 6], [6, 9], [9, 14], [14, 19]]",0.25
3260,"[6, 9, 15]","[[0, 6], [6, 9], [9, 15], [15, 19]]",1.0
3261,"[6, 9, 15]","[[0, 6], [6, 9], [9, 15], [15, 19]]",0.75
3262,"[6, 9, 15]","[[0, 6], [6, 9], [9, 15], [15, 19]]",0.5
3263,"[6, 9, 15]","[[0, 6], [6, 9], [9, 15], [15, 19]]",0.25
3264,"[6, 9, 16]","[[0, 6], [6, 9], [9, 16], [16, 19]]",1.0
3265,"[6, 9, 16]","[[0, 6], [6, 9], [9, 16], [16, 19]]",0.75
3266,"[6, 9, 16]","[[0, 6], [6, 9], [9, 16], [16, 19]]",0.5
3267,"[6, 9, 16]","[[0, 6], [6, 9], [9, 16], [16, 19]]",0.25
3268,"[6, 9, 17]","[[0, 6], [6, 9], [9, 17], [17, 19]]",1.0
3269,"[6, 9, 17]","[[0, 6], [6, 9], [9, 17], [17, 19]]",0.75
3270,"[6, 9, 17]","[[0, 6], [6, 9], [9, 17], [17, 19]]",0.5
3271,"[6, 9, 17]","[[0, 6], [6, 9], [9, 17], [17, 19]]",0.25
3272,"[6, 9, 18]","[[0, 6], [6, 9], [9, 18], [18, 19]]",1.0
3273,"[6, 9, 18]","[[0, 6], [6, 9], [9, 18], [18, 19]]",0.75
3274,"[6, 9, 18]","[[0, 6], [6, 9], [9, 18], [18, 19]]",0.5
3275,"[6, 9, 18]","[[0, 6], [6, 9], [9, 18], [18, 19]]",0.25
3276,"[6, 9, 19]","[[0, 6], [6, 9], [9, 19], [19, 19]]",1.0
3277,"[6, 9, 19]","[[0, 6], [6, 9], [9, 19], [19, 19]]",0.75
3278,"[6, 9, 19]","[[0, 6], [6, 9], [9, 19], [19, 19]]",0.5
3279,"[6, 9, 19]","[[0, 6], [6, 9], [9, 19], [19, 19]]",0.25
3280,"[6, 10, 10]","[[0, 6], [6, 10], [10, 10], [10, 19]]",1.0
3281,"[6, 10, 10]","[[0, 6], [6, 10], [10, 10], [10, 19]]",0.75
3282,"[6, 10, 10]","[[0, 6], [6, 10], [10, 10], [10, 19]]",0.5
3283,"[6, 10, 10]","[[0, 6], [6, 10], [10, 10], [10, 19]]",0.25
3284,"[6, 10, 11]","[[0, 6], [6, 10], [10, 11], [11, 19]]",1.0
3285,"[6, 10, 11]","[[0, 6], [6, 10], [10, 11], [11, 19]]",0.75
3286,"[6, 10, 11]","[[0, 6], [6, 10], [10, 11], [11, 19]]",0.5
3287,"[6, 10, 11]","[[0, 6], [6, 10], [10, 11], [11, 19]]",0.25
3288,"[6, 10, 12]","[[0, 6], [6, 10], [10, 12], [12, 19]]",1.0
3289,"[6, 10, 12]","[[0, 6], [6, 10], [10, 12], [12, 19]]",0.75
3290,"[6, 10, 12]","[[0, 6], [6, 10], [10, 12], [12, 19]]",0.5
3291,"[6, 10, 12]","[[0, 6], [6, 10], [10, 12], [12, 19]]",0.25
3292,"[6, 10, 13]","[[0, 6], [6, 10], [10, 13], [13, 19]]",1.0
3293,"[6, 10, 13]","[[0, 6], [6, 10], [10, 13], [13, 19]]",0.75
3294,"[6, 10, 13]","[[0, 6], [6, 10], [10, 13], [13, 19]]",0.5
3295,"[6, 10, 13]","[[0, 6], [6, 10], [10, 13], [13, 19]]",0.25
3296,"[6, 10, 14]","[[0, 6], [6, 10], [10, 14], [14, 19]]",1.0
3297,"[6, 10, 14]","[[0, 6], [6, 10], [10, 14], [14, 19]]",0.75
3298,"[6, 10, 14]","[[0, 6], [6, 10], [10, 14], [14, 19]]",0.5
3299,"[6, 10, 14]","[[0, 6], [6, 10], [10, 14], [14, 19]]",0.25
3300,"[6, 10, 15]","[[0, 6], [6, 10], [10, 15], [15, 19]]",1.0
3301,"[6, 10, 15]","[[0, 6], [6, 10], [10, 15], [15, 19]]",0.75
3302,"[6, 10, 15]","[[0, 6], [6, 10], [10, 15], [15, 19]]",0.5
3303,"[6, 10, 15]","[[0, 6], [6, 10], [10, 15], [15, 19]]",0.25
3304,"[6, 10, 16]","[[0, 6], [6, 10], [10, 16], [16, 19]]",1.0
3305,"[6, 10, 16]","[[0, 6], [6, 10], [10, 16], [16, 19]]",0.75
3306,"[6, 10, 16]","[[0, 6], [6, 10], [10, 16], [16, 19]]",0.5
3307,"[6, 10, 16]","[[0, 6], [6, 10], [10, 16], [16, 19]]",0.25
3308,"[6, 10, 17]","[[0, 6], [6, 10], [10, 17], [17, 19]]",1.0
3309,"[6, 10, 17]","[[0, 6], [6, 10], [10, 17], [17, 19]]",0.75
3310,"[6, 10, 17]","[[0, 6], [6, 10], [10, 17], [17, 19]]",0.5
3311,"[6, 10, 17]","[[0, 6], [6, 10], [10, 17], [17, 19]]",0.25
3312,"[6, 10, 18]","[[0, 6], [6, 10], [10, 18], [18, 19]]",1.0
3313,"[6, 10, 18]","[[0, 6], [6, 10], [10, 18], [18, 19]]",0.75
3314,"[6, 10, 18]","[[0, 6], [6, 10], [10, 18], [18, 19]]",0.5
3315,"[6, 10, 18]","[[0, 6], [6, 10], [10, 18], [18, 19]]",0.25
3316,"[6, 10, 19]","[[0, 6], [6, 10], [10, 19], [19, 19]]",1.0
3317,"[6, 10, 19]","[[0, 6], [6, 10], [10, 19], [19, 19]]",0.75
3318,"[6, 10, 19]","[[0, 6], [6, 10], [10, 19], [19, 19]]",0.5
3319,"[6, 10, 19]","[[0, 6], [6, 10], [10, 19], [19, 19]]",0.25
3320,"[6, 11, 11]","[[0, 6], [6, 11], [11, 11], [11, 19]]",1.0
3321,"[6, 11, 11]","[[0, 6], [6, 11], [11, 11], [11, 19]]",0.75
3322,"[6, 11, 11]","[[0, 6], [6, 11], [11, 11], [11, 19]]",0.5
3323,"[6, 11, 11]","[[0, 6], [6, 11], [11, 11], [11, 19]]",0.25
3324,"[6, 11, 12]","[[0, 6], [6, 11], [11, 12], [12, 19]]",1.0
3325,"[6, 11, 12]","[[0, 6], [6, 11], [11, 12], [12, 19]]",0.75
3326,"[6, 11, 12]","[[0, 6], [6, 11], [11, 12], [12, 19]]",0.5
3327,"[6, 11, 12]","[[0, 6], [6, 11], [11, 12], [12, 19]]",0.25
3328,"[6, 11, 13]","[[0, 6], [6, 11], [11, 13], [13, 19]]",1.0
3329,"[6, 11, 13]","[[0, 6], [6, 11], [11, 13], [13, 19]]",0.75
3330,"[6, 11, 13]","[[0, 6], [6, 11], [11, 13], [13, 19]]",0.5
3331,"[6, 11, 13]","[[0, 6], [6, 11], [11, 13], [13, 19]]",0.25
3332,"[6, 11, 14]","[[0, 6], [6, 11], [11, 14], [14, 19]]",1.0
3333,"[6, 11, 14]","[[0, 6], [6, 11], [11, 14], [14, 19]]",0.75
3334,"[6, 11, 14]","[[0, 6], [6, 11], [11, 14], [14, 19]]",0.5
3335,"[6, 11, 14]","[[0, 6], [6, 11], [11, 14], [14, 19]]",0.25
3336,"[6, 11, 15]","[[0, 6], [6, 11], [11, 15], [15, 19]]",1.0
3337,"[6, 11, 15]","[[0, 6], [6, 11], [11, 15], [15, 19]]",0.75
3338,"[6, 11, 15]","[[0, 6], [6, 11], [11, 15], [15, 19]]",0.5
3339,"[6, 11, 15]","[[0, 6], [6, 11], [11, 15], [15, 19]]",0.25
3340,"[6, 11, 16]","[[0, 6], [6, 11], [11, 16], [16, 19]]",1.0
3341,"[6, 11, 16]","[[0, 6], [6, 11], [11, 16], [16, 19]]",0.75
3342,"[6, 11, 16]","[[0, 6], [6, 11], [11, 16], [16, 19]]",0.5
3343,"[6, 11, 16]","[[0, 6], [6, 11], [11, 16], [16, 19]]",0.25
3344,"[6, 11, 17]","[[0, 6], [6, 11], [11, 17], [17, 19]]",1.0
3345,"[6, 11, 17]","[[0, 6], [6, 11], [11, 17], [17, 19]]",0.75
3346,"[6, 11, 17]","[[0, 6], [6, 11], [11, 17], [17, 19]]",0.5
3347,"[6, 11, 17]","[[0, 6], [6, 11], [11, 17], [17, 19]]",0.25
3348,"[6, 11, 18]","[[0, 6], [6, 11], [11, 18], [18, 19]]",1.0
3349,"[6, 11, 18]","[[0, 6], [6, 11], [11, 18], [18, 19]]",0.75
3350,"[6, 11, 18]","[[0, 6], [6, 11], [11, 18], [18, 19]]",0.5
3351,"[6, 11, 18]","[[0, 6], [6, 11], [11, 18], [18, 19]]",0.25
3352,"[6, 11, 19]","[[0, 6], [6, 11], [11, 19], [19, 19]]",1.0
3353,"[6, 11, 19]","[[0, 6], [6, 11], [11, 19], [19, 19]]",0.75
3354,"[6, 11, 19]","[[0, 6], [6, 11], [11, 19], [19, 19]]",0.5
3355,"[6, 11, 19]","[[0, 6], [6, 11], [11, 19], [19, 19]]",0.25
3356,"[6, 12, 12]","[[0, 6], [6, 12], [12, 12], [12, 19]]",1.0
3357,"[6, 12, 12]","[[0, 6], [6, 12], [12, 12], [12, 19]]",0.75
3358,"[6, 12, 12]","[[0, 6], [6, 12], [12, 12], [12, 19]]",0.5
3359,"[6, 12, 12]","[[0, 6], [6, 12], [12, 12], [12, 19]]",0.25
3360,"[6, 12, 13]","[[0, 6], [6, 12], [12, 13], [13, 19]]",1.0
3361,"[6, 12, 13]","[[0, 6], [6, 12], [12, 13], [13, 19]]",0.75
3362,"[6, 12, 13]","[[0, 6], [6, 12], [12, 13], [13, 19]]",0.5
3363,"[6, 12, 13]","[[0, 6], [6, 12], [12, 13], [13, 19]]",0.25
3364,"[6, 12, 14]","[[0, 6], [6, 12], [12, 14], [14, 19]]",1.0
3365,"[6, 12, 14]","[[0, 6], [6, 12], [12, 14], [14, 19]]",0.75
3366,"[6, 12, 14]","[[0, 6], [6, 12], [12, 14], [14, 19]]",0.5
3367,"[6, 12, 14]","[[0, 6], [6, 12], [12, 14], [14, 19]]",0.25
3368,"[6, 12, 15]","[[0, 6], [6, 12], [12, 15], [15, 19]]",1.0
3369,"[6, 12, 15]","[[0, 6], [6, 12], [12, 15], [15, 19]]",0.75
3370,"[6, 12, 15]","[[0, 6], [6, 12], [12, 15], [15, 19]]",0.5
3371,"[6, 12, 15]","[[0, 6], [6, 12], [12, 15], [15, 19]]",0.25
3372,"[6, 12, 16]","[[0, 6], [6, 12], [12, 16], [16, 19]]",1.0
3373,"[6, 12, 16]","[[0, 6], [6, 12], [12, 16], [16, 19]]",0.75
3374,"[6, 12, 16]","[[0, 6], [6, 12], [12, 16], [16, 19]]",0.5
3375,"[6, 12, 16]","[[0, 6], [6, 12], [12, 16], [16, 19]]",0.25
3376,"[6, 12, 17]","[[0, 6], [6, 12], [12, 17], [17, 19]]",1.0
3377,"[6, 12, 17]","[[0, 6], [6, 12], [12, 17], [17, 19]]",0.75
3378,"[6, 12, 17]","[[0, 6], [6, 12], [12, 17], [17, 19]]",0.5
3379,"[6, 12, 17]","[[0, 6], [6, 12], [12, 17], [17, 19]]",0.25
3380,"[6, 12, 18]","[[0, 6], [6, 12], [12, 18], [18, 19]]",1.0
3381,"[6, 12, 18]","[[0, 6], [6, 12], [12, 18], [18, 19]]",0.75
3382,"[6, 12, 18]","[[0, 6], [6, 12], [12, 18], [18, 19]]",0.5
3383,"[6, 12, 18]","[[0, 6], [6, 12], [12, 18], [18, 19]]",0.25
3384,"[6, 12, 19]","[[0, 6], [6, 12], [12, 19], [19, 19]]",1.0
3385,"[6, 12, 19]","[[0, 6], [6, 12], [12, 19], [19, 19]]",0.75
3386,"[6, 12, 19]","[[0, 6], [6, 12], [12, 19], [19, 19]]",0.5
3387,"[6, 12, 19]","[[0, 6], [6, 12], [12, 19], [19, 19]]",0.25
3388,"[6, 13, 13]","[[0, 6], [6, 13], [13, 13], [13, 19]]",1.0
3389,"[6, 13, 13]","[[0, 6], [6, 13], [13, 13], [13, 19]]",0.75
3390,"[6, 13, 13]","[[0, 6], [6, 13], [13, 13], [13, 19]]",0.5
3391,"[6, 13, 13]","[[0, 6], [6, 13], [13, 13], [13, 19]]",0.25
3392,"[6, 13, 14]","[[0, 6], [6, 13], [13, 14], [14, 19]]",1.0
3393,"[6, 13, 14]","[[0, 6], [6, 13], [13, 14], [14, 19]]",0.75
3394,"[6, 13, 14]","[[0, 6], [6, 13], [13, 14], [14, 19]]",0.5
3395,"[6, 13, 14]","[[0, 6], [6, 13], [13, 14], [14, 19]]",0.25
3396,"[6, 13, 15]","[[0, 6], [6, 13], [13, 15], [15, 19]]",1.0
3397,"[6, 13, 15]","[[0, 6], [6, 13], [13, 15], [15, 19]]",0.75
3398,"[6, 13, 15]","[[0, 6], [6, 13], [13, 15], [15, 19]]",0.5
3399,"[6, 13, 15]","[[0, 6], [6, 13], [13, 15], [15, 19]]",0.25
3400,"[6, 13, 16]","[[0, 6], [6, 13], [13, 16], [16, 19]]",1.0
3401,"[6, 13, 16]","[[0, 6], [6, 13], [13, 16], [16, 19]]",0.75
3402,"[6, 13, 16]","[[0, 6], [6, 13], [13, 16], [16, 19]]",0.5
3403,"[6, 13, 16]","[[0, 6], [6, 13], [13, 16], [16, 19]]",0.25
3404,"[6, 13, 17]","[[0, 6], [6, 13], [13, 17], [17, 19]]",1.0
3405,"[6, 13, 17]","[[0, 6], [6, 13], [13, 17], [17, 19]]",0.75
3406,"[6, 13, 17]","[[0, 6], [6, 13], [13, 17], [17, 19]]",0.5
3407,"[6, 13, 17]","[[0, 6], [6, 13], [13, 17], [17, 19]]",0.25
3408,"[6, 13, 18]","[[0, 6], [6, 13], [13, 18], [18, 19]]",1.0
3409,"[6, 13, 18]","[[0, 6], [6, 13], [13, 18], [18, 19]]",0.75
3410,"[6, 13, 18]","[[0, 6], [6, 13], [13, 18], [18, 19]]",0.5
3411,"[6, 13, 18]","[[0, 6], [6, 13], [13, 18], [18, 19]]",0.25
3412,"[6, 13, 19]","[[0, 6], [6, 13], [13, 19], [19, 19]]",1.0
3413,"[6, 13, 19]","[[0, 6], [6, 13], [13, 19], [19, 19]]",0.75
3414,"[6, 13, 19]","[[0, 6], [6, 13], [13, 19], [19, 19]]",0.5
3415,"[6, 13, 19]","[[0, 6], [6, 13], [13, 19], [19, 19]]",0.25
3416,"[6, 14, 14]","[[0, 6], [6, 14], [14, 14], [14, 19]]",1.0
3417,"[6, 14, 14]","[[0, 6], [6, 14], [14, 14], [14, 19]]",0.75
3418,"[6, 14, 14]","[[0, 6], [6, 14], [14, 14], [14, 19]]",0.5
3419,"[6, 14, 14]","[[0, 6], [6, 14], [14, 14], [14, 19]]",0.25
3420,"[6, 14, 15]","[[0, 6], [6, 14], [14, 15], [15, 19]]",1.0
3421,"[6, 14, 15]","[[0, 6], [6, 14], [14, 15], [15, 19]]",0.75
3422,"[6, 14, 15]","[[0, 6], [6, 14], [14, 15], [15, 19]]",0.5
3423,"[6, 14, 15]","[[0, 6], [6, 14], [14, 15], [15, 19]]",0.25
3424,"[6, 14, 16]","[[0, 6], [6, 14], [14, 16], [16, 19]]",1.0
3425,"[6, 14, 16]","[[0, 6], [6, 14], [14, 16], [16, 19]]",0.75
3426,"[6, 14, 16]","[[0, 6], [6, 14], [14, 16], [16, 19]]",0.5
3427,"[6, 14, 16]","[[0, 6], [6, 14], [14, 16], [16, 19]]",0.25
3428,"[6, 14, 17]","[[0, 6], [6, 14], [14, 17], [17, 19]]",1.0
3429,"[6, 14, 17]","[[0, 6], [6, 14], [14, 17], [17, 19]]",0.75
3430,"[6, 14, 17]","[[0, 6], [6, 14], [14, 17], [17, 19]]",0.5
3431,"[6, 14, 17]","[[0, 6], [6, 14], [14, 17], [17, 19]]",0.25
3432,"[6, 14, 18]","[[0, 6], [6, 14], [14, 18], [18, 19]]",1.0
3433,"[6, 14, 18]","[[0, 6], [6, 14], [14, 18], [18, 19]]",0.75
3434,"[6, 14, 18]","[[0, 6], [6, 14], [14, 18], [18, 19]]",0.5
3435,"[6, 14, 18]","[[0, 6], [6, 14], [14, 18], [18, 19]]",0.25
3436,"[6, 14, 19]","[[0, 6], [6, 14], [14, 19], [19, 19]]",1.0
3437,"[6, 14, 19]","[[0, 6], [6, 14], [14, 19], [19, 19]]",0.75
3438,"[6, 14, 19]","[[0, 6], [6, 14], [14, 19], [19, 19]]",0.5
3439,"[6, 14, 19]","[[0, 6], [6, 14], [14, 19], [19, 19]]",0.25
3440,"[6, 15, 15]","[[0, 6], [6, 15], [15, 15], [15, 19]]",1.0
3441,"[6, 15, 15]","[[0, 6], [6, 15], [15, 15], [15, 19]]",0.75
3442,"[6, 15, 15]","[[0, 6], [6, 15], [15, 15], [15, 19]]",0.5
3443,"[6, 15, 15]","[[0, 6], [6, 15], [15, 15], [15, 19]]",0.25
3444,"[6, 15, 16]","[[0, 6], [6, 15], [15, 16], [16, 19]]",1.0
3445,"[6, 15, 16]","[[0, 6], [6, 15], [15, 16], [16, 19]]",0.75
3446,"[6, 15, 16]","[[0, 6], [6, 15], [15, 16], [16, 19]]",0.5
3447,"[6, 15, 16]","[[0, 6], [6, 15], [15, 16], [16, 19]]",0.25
3448,"[6, 15, 17]","[[0, 6], [6, 15], [15, 17], [17, 19]]",1.0
3449,"[6, 15, 17]","[[0, 6], [6, 15], [15, 17], [17, 19]]",0.75
3450,"[6, 15, 17]","[[0, 6], [6, 15], [15, 17], [17, 19]]",0.5
3451,"[6, 15, 17]","[[0, 6], [6, 15], [15, 17], [17, 19]]",0.25
3452,"[6, 15, 18]","[[0, 6], [6, 15], [15, 18], [18, 19]]",1.0
3453,"[6, 15, 18]","[[0, 6], [6, 15], [15, 18], [18, 19]]",0.75
3454,"[6, 15, 18]","[[0, 6], [6, 15], [15, 18], [18, 19]]",0.5
3455,"[6, 15, 18]","[[0, 6], [6, 15], [15, 18], [18, 19]]",0.25
3456,"[6, 15, 19]","[[0, 6], [6, 15], [15, 19], [19, 19]]",1.0
3457,"[6, 15, 19]","[[0, 6], [6, 15], [15, 19], [19, 19]]",0.75
3458,"[6, 15, 19]","[[0, 6], [6, 15], [15, 19], [19, 19]]",0.5
3459,"[6, 15, 19]","[[0, 6], [6, 15], [15, 19], [19, 19]]",0.25
3460,"[6, 16, 16]","[[0, 6], [6, 16], [16, 16], [16, 19]]",1.0
3461,"[6, 16, 16]","[[0, 6], [6, 16], [16, 16], [16, 19]]",0.75
3462,"[6, 16, 16]","[[0, 6], [6, 16], [16, 16], [16, 19]]",0.5
3463,"[6, 16, 16]","[[0, 6], [6, 16], [16, 16], [16, 19]]",0.25
3464,"[6, 16, 17]","[[0, 6], [6, 16], [16, 17], [17, 19]]",1.0
3465,"[6, 16, 17]","[[0, 6], [6, 16], [16, 17], [17, 19]]",0.75
3466,"[6, 16, 17]","[[0, 6], [6, 16], [16, 17], [17, 19]]",0.5
3467,"[6, 16, 17]","[[0, 6], [6, 16], [16, 17], [17, 19]]",0.25
3468,"[6, 16, 18]","[[0, 6], [6, 16], [16, 18], [18, 19]]",1.0
3469,"[6, 16, 18]","[[0, 6], [6, 16], [16, 18], [18, 19]]",0.75
3470,"[6, 16, 18]","[[0, 6], [6, 16], [16, 18], [18, 19]]",0.5
3471,"[6, 16, 18]","[[0, 6], [6, 16], [16, 18], [18, 19]]",0.25
3472,"[6, 16, 19]","[[0, 6], [6, 16], [16, 19], [19, 19]]",1.0
3473,"[6, 16, 19]","[[0, 6], [6, 16], [16, 19], [19, 19]]",0.75
3474,"[6, 16, 19]","[[0, 6], [6, 16], [16, 19], [19, 19]]",0.5
3475,"[6, 16, 19]","[[0, 6], [6, 16], [16, 19], [19, 19]]",0.25
3476,"[6, 17, 17]","[[0, 6], [6, 17], [17, 17], [17, 19]]",1.0
3477,"[6, 17, 17]","[[0, 6], [6, 17], [17, 17], [17, 19]]",0.75
3478,"[6, 17, 17]","[[0, 6], [6, 17], [17, 17], [17, 19]]",0.5
3479,"[6, 17, 17]","[[0, 6], [6, 17], [17, 17], [17, 19]]",0.25
3480,"[6, 17, 18]","[[0, 6], [6, 17], [17, 18], [18, 19]]",1.0
3481,"[6, 17, 18]","[[0, 6], [6, 17], [17, 18], [18, 19]]",0.75
3482,"[6, 17, 18]","[[0, 6], [6, 17], [17, 18], [18, 19]]",0.5
3483,"[6, 17, 18]","[[0, 6], [6, 17], [17, 18], [18, 19]]",0.25
3484,"[6, 17, 19]","[[0, 6], [6, 17], [17, 19], [19, 19]]",1.0
3485,"[6, 17, 19]","[[0, 6], [6, 17], [17, 19], [19, 19]]",0.75
3486,"[6, 17, 19]","[[0, 6], [6, 17], [17, 19], [19, 19]]",0.5
3487,"[6, 17, 19]","[[0, 6], [6, 17], [17, 19], [19, 19]]",0.25
3488,"[6, 18, 18]","[[0, 6], [6, 18], [18, 18], [18, 19]]",1.0
3489,"[6, 18, 18]","[[0, 6], [6, 18], [18, 18], [18, 19]]",0.75
3490,"[6, 18, 18]","[[0, 6], [6, 18], [18, 18], [18, 19]]",0.5
3491,"[6, 18, 18]","[[0, 6], [6, 18], [18, 18], [18, 19]]",0.25
3492,"[6, 18, 19]","[[0, 6], [6, 18], [18, 19], [19, 19]]",1.0
3493,"[6, 18, 19]","[[0, 6], [6, 18], [18, 19], [19, 19]]",0.75
3494,"[6, 18, 19]","[[0, 6], [6, 18], [18, 19], [19, 19]]",0.5
3495,"[6, 18, 19]","[[0, 6], [6, 18], [18, 19], [19, 19]]",0.25
3496,"[6, 19, 19]","[[0, 6], [6, 19], [19, 19], [19, 19]]",1.0
3497,"[6, 19, 19]","[[0, 6], [6, 19], [19, 19], [19, 19]]",0.75
3498,"[6, 19, 19]","[[0, 6], [6, 19], [19, 19], [19, 19]]",0.5
3499,"[6, 19, 19]","[[0, 6], [6, 19], [19, 19], [19, 19]]",0.25
3500,"[7, 7, 7]","[[0, 7], [7, 7], [7, 7], [7, 19]]",1.0
3501,"[7, 7, 7]","[[0, 7], [7, 7], [7, 7], [7, 19]]",0.75
3502,"[7, 7, 7]","[[0, 7], [7, 7], [7, 7], [7, 19]]",0.5
3503,"[7, 7, 7]","[[0, 7], [7, 7], [7, 7], [7, 19]]",0.25
3504,"[7, 7, 8]","[[0, 7], [7, 7], [7, 8], [8, 19]]",1.0
3505,"[7, 7, 8]","[[0, 7], [7, 7], [7, 8], [8, 19]]",0.75
3506,"[7, 7, 8]","[[0, 7], [7, 7], [7, 8], [8, 19]]",0.5
3507,"[7, 7, 8]","[[0, 7], [7, 7], [7, 8], [8, 19]]",0.25
3508,"[7, 7, 9]","[[0, 7], [7, 7], [7, 9], [9, 19]]",1.0
3509,"[7, 7, 9]","[[0, 7], [7, 7], [7, 9], [9, 19]]",0.75
3510,"[7, 7, 9]","[[0, 7], [7, 7], [7, 9], [9, 19]]",0.5
3511,"[7, 7, 9]","[[0, 7], [7, 7], [7, 9], [9, 19]]",0.25
3512,"[7, 7, 10]","[[0, 7], [7, 7], [7, 10], [10, 19]]",1.0
3513,"[7, 7, 10]","[[0, 7], [7, 7], [7, 10], [10, 19]]",0.75
3514,"[7, 7, 10]","[[0, 7], [7, 7], [7, 10], [10, 19]]",0.5
3515,"[7, 7, 10]","[[0, 7], [7, 7], [7, 10], [10, 19]]",0.25
3516,"[7, 7, 11]","[[0, 7], [7, 7], [7, 11], [11, 19]]",1.0
3517,"[7, 7, 11]","[[0, 7], [7, 7], [7, 11], [11, 19]]",0.75
3518,"[7, 7, 11]","[[0, 7], [7, 7], [7, 11], [11, 19]]",0.5
3519,"[7, 7, 11]","[[0, 7], [7, 7], [7, 11], [11, 19]]",0.25
3520,"[7, 7, 12]","[[0, 7], [7, 7], [7, 12], [12, 19]]",1.0
3521,"[7, 7, 12]","[[0, 7], [7, 7], [7, 12], [12, 19]]",0.75
3522,"[7, 7, 12]","[[0, 7], [7, 7], [7, 12], [12, 19]]",0.5
3523,"[7, 7, 12]","[[0, 7], [7, 7], [7, 12], [12, 19]]",0.25
3524,"[7, 7, 13]","[[0, 7], [7, 7], [7, 13], [13, 19]]",1.0
3525,"[7, 7, 13]","[[0, 7], [7, 7], [7, 13], [13, 19]]",0.75
3526,"[7, 7, 13]","[[0, 7], [7, 7], [7, 13], [13, 19]]",0.5
3527,"[7, 7, 13]","[[0, 7], [7, 7], [7, 13], [13, 19]]",0.25
3528,"[7, 7, 14]","[[0, 7], [7, 7], [7, 14], [14, 19]]",1.0
3529,"[7, 7, 14]","[[0, 7], [7, 7], [7, 14], [14, 19]]",0.75
3530,"[7, 7, 14]","[[0, 7], [7, 7], [7, 14], [14, 19]]",0.5
3531,"[7, 7, 14]","[[0, 7], [7, 7], [7, 14], [14, 19]]",0.25
3532,"[7, 7, 15]","[[0, 7], [7, 7], [7, 15], [15, 19]]",1.0
3533,"[7, 7, 15]","[[0, 7], [7, 7], [7, 15], [15, 19]]",0.75
3534,"[7, 7, 15]","[[0, 7], [7, 7], [7, 15], [15, 19]]",0.5
3535,"[7, 7, 15]","[[0, 7], [7, 7], [7, 15], [15, 19]]",0.25
3536,"[7, 7, 16]","[[0, 7], [7, 7], [7, 16], [16, 19]]",1.0
3537,"[7, 7, 16]","[[0, 7], [7, 7], [7, 16], [16, 19]]",0.75
3538,"[7, 7, 16]","[[0, 7], [7, 7], [7, 16], [16, 19]]",0.5
3539,"[7, 7, 16]","[[0, 7], [7, 7], [7, 16], [16, 19]]",0.25
3540,"[7, 7, 17]","[[0, 7], [7, 7], [7, 17], [17, 19]]",1.0
3541,"[7, 7, 17]","[[0, 7], [7, 7], [7, 17], [17, 19]]",0.75
3542,"[7, 7, 17]","[[0, 7], [7, 7], [7, 17], [17, 19]]",0.5
3543,"[7, 7, 17]","[[0, 7], [7, 7], [7, 17], [17, 19]]",0.25
3544,"[7, 7, 18]","[[0, 7], [7, 7], [7, 18], [18, 19]]",1.0
3545,"[7, 7, 18]","[[0, 7], [7, 7], [7, 18], [18, 19]]",0.75
3546,"[7, 7, 18]","[[0, 7], [7, 7], [7, 18], [18, 19]]",0.5
3547,"[7, 7, 18]","[[0, 7], [7, 7], [7, 18], [18, 19]]",0.25
3548,"[7, 7, 19]","[[0, 7], [7, 7], [7, 19], [19, 19]]",1.0
3549,"[7, 7, 19]","[[0, 7], [7, 7], [7, 19], [19, 19]]",0.75
3550,"[7, 7, 19]","[[0, 7], [7, 7], [7, 19], [19, 19]]",0.5
3551,"[7, 7, 19]","[[0, 7], [7, 7], [7, 19], [19, 19]]",0.25
3552,"[7, 8, 8]","[[0, 7], [7, 8], [8, 8], [8, 19]]",1.0
3553,"[7, 8, 8]","[[0, 7], [7, 8], [8, 8], [8, 19]]",0.75
3554,"[7, 8, 8]","[[0, 7], [7, 8], [8, 8], [8, 19]]",0.5
3555,"[7, 8, 8]","[[0, 7], [7, 8], [8, 8], [8, 19]]",0.25
3556,"[7, 8, 9]","[[0, 7], [7, 8], [8, 9], [9, 19]]",1.0
3557,"[7, 8, 9]","[[0, 7], [7, 8], [8, 9], [9, 19]]",0.75
3558,"[7, 8, 9]","[[0, 7], [7, 8], [8, 9], [9, 19]]",0.5
3559,"[7, 8, 9]","[[0, 7], [7, 8], [8, 9], [9, 19]]",0.25
3560,"[7, 8, 10]","[[0, 7], [7, 8], [8, 10], [10, 19]]",1.0
3561,"[7, 8, 10]","[[0, 7], [7, 8], [8, 10], [10, 19]]",0.75
3562,"[7, 8, 10]","[[0, 7], [7, 8], [8, 10], [10, 19]]",0.5
3563,"[7, 8, 10]","[[0, 7], [7, 8], [8, 10], [10, 19]]",0.25
3564,"[7, 8, 11]","[[0, 7], [7, 8], [8, 11], [11, 19]]",1.0
3565,"[7, 8, 11]","[[0, 7], [7, 8], [8, 11], [11, 19]]",0.75
3566,"[7, 8, 11]","[[0, 7], [7, 8], [8, 11], [11, 19]]",0.5
3567,"[7, 8, 11]","[[0, 7], [7, 8], [8, 11], [11, 19]]",0.25
3568,"[7, 8, 12]","[[0, 7], [7, 8], [8, 12], [12, 19]]",1.0
3569,"[7, 8, 12]","[[0, 7], [7, 8], [8, 12], [12, 19]]",0.75
3570,"[7, 8, 12]","[[0, 7], [7, 8], [8, 12], [12, 19]]",0.5
3571,"[7, 8, 12]","[[0, 7], [7, 8], [8, 12], [12, 19]]",0.25
3572,"[7, 8, 13]","[[0, 7], [7, 8], [8, 13], [13, 19]]",1.0
3573,"[7, 8, 13]","[[0, 7], [7, 8], [8, 13], [13, 19]]",0.75
3574,"[7, 8, 13]","[[0, 7], [7, 8], [8, 13], [13, 19]]",0.5
3575,"[7, 8, 13]","[[0, 7], [7, 8], [8, 13], [13, 19]]",0.25
3576,"[7, 8, 14]","[[0, 7], [7, 8], [8, 14], [14, 19]]",1.0
3577,"[7, 8, 14]","[[0, 7], [7, 8], [8, 14], [14, 19]]",0.75
3578,"[7, 8, 14]","[[0, 7], [7, 8], [8, 14], [14, 19]]",0.5
3579,"[7, 8, 14]","[[0, 7], [7, 8], [8, 14], [14, 19]]",0.25
3580,"[7, 8, 15]","[[0, 7], [7, 8], [8, 15], [15, 19]]",1.0
3581,"[7, 8, 15]","[[0, 7], [7, 8], [8, 15], [15, 19]]",0.75
3582,"[7, 8, 15]","[[0, 7], [7, 8], [8, 15], [15, 19]]",0.5
3583,"[7, 8, 15]","[[0, 7], [7, 8], [8, 15], [15, 19]]",0.25
3584,"[7, 8, 16]","[[0, 7], [7, 8], [8, 16], [16, 19]]",1.0
3585,"[7, 8, 16]","[[0, 7], [7, 8], [8, 16], [16, 19]]",0.75
3586,"[7, 8, 16]","[[0, 7], [7, 8], [8, 16], [16, 19]]",0.5
3587,"[7, 8, 16]","[[0, 7], [7, 8], [8, 16], [16, 19]]",0.25
3588,"[7, 8, 17]","[[0, 7], [7, 8], [8, 17], [17, 19]]",1.0
3589,"[7, 8, 17]","[[0, 7], [7, 8], [8, 17], [17, 19]]",0.75
3590,"[7, 8, 17]","[[0, 7], [7, 8], [8, 17], [17, 19]]",0.5
3591,"[7, 8, 17]","[[0, 7], [7, 8], [8, 17], [17, 19]]",0.25
3592,"[7, 8, 18]","[[0, 7], [7, 8], [8, 18], [18, 19]]",1.0
3593,"[7, 8, 18]","[[0, 7], [7, 8], [8, 18], [18, 19]]",0.75
3594,"[7, 8, 18]","[[0, 7], [7, 8], [8, 18], [18, 19]]",0.5
3595,"[7, 8, 18]","[[0, 7], [7, 8], [8, 18], [18, 19]]",0.25
3596,"[7, 8, 19]","[[0, 7], [7, 8], [8, 19], [19, 19]]",1.0
3597,"[7, 8, 19]","[[0, 7], [7, 8], [8, 19], [19, 19]]",0.75
3598,"[7, 8, 19]","[[0, 7], [7, 8], [8, 19], [19, 19]]",0.5
3599,"[7, 8, 19]","[[0, 7], [7, 8], [8, 19], [19, 19]]",0.25
3600,"[7, 9, 9]","[[0, 7], [7, 9], [9, 9], [9, 19]]",1.0
3601,"[7, 9, 9]","[[0, 7], [7, 9], [9, 9], [9, 19]]",0.75
3602,"[7, 9, 9]","[[0, 7], [7, 9], [9, 9], [9, 19]]",0.5
3603,"[7, 9, 9]","[[0, 7], [7, 9], [9, 9], [9, 19]]",0.25
3604,"[7, 9, 10]","[[0, 7], [7, 9], [9, 10], [10, 19]]",1.0
3605,"[7, 9, 10]","[[0, 7], [7, 9], [9, 10], [10, 19]]",0.75
3606,"[7, 9, 10]","[[0, 7], [7, 9], [9, 10], [10, 19]]",0.5
3607,"[7, 9, 10]","[[0, 7], [7, 9], [9, 10], [10, 19]]",0.25
3608,"[7, 9, 11]","[[0, 7], [7, 9], [9, 11], [11, 19]]",1.0
3609,"[7, 9, 11]","[[0, 7], [7, 9], [9, 11], [11, 19]]",0.75
3610,"[7, 9, 11]","[[0, 7], [7, 9], [9, 11], [11, 19]]",0.5
3611,"[7, 9, 11]","[[0, 7], [7, 9], [9, 11], [11, 19]]",0.25
3612,"[7, 9, 12]","[[0, 7], [7, 9], [9, 12], [12, 19]]",1.0
3613,"[7, 9, 12]","[[0, 7], [7, 9], [9, 12], [12, 19]]",0.75
3614,"[7, 9, 12]","[[0, 7], [7, 9], [9, 12], [12, 19]]",0.5
3615,"[7, 9, 12]","[[0, 7], [7, 9], [9, 12], [12, 19]]",0.25
3616,"[7, 9, 13]","[[0, 7], [7, 9], [9, 13], [13, 19]]",1.0
3617,"[7, 9, 13]","[[0, 7], [7, 9], [9, 13], [13, 19]]",0.75
3618,"[7, 9, 13]","[[0, 7], [7, 9], [9, 13], [13, 19]]",0.5
3619,"[7, 9, 13]","[[0, 7], [7, 9], [9, 13], [13, 19]]",0.25
3620,"[7, 9, 14]","[[0, 7], [7, 9], [9, 14], [14, 19]]",1.0
3621,"[7, 9, 14]","[[0, 7], [7, 9], [9, 14], [14, 19]]",0.75
3622,"[7, 9, 14]","[[0, 7], [7, 9], [9, 14], [14, 19]]",0.5
3623,"[7, 9, 14]","[[0, 7], [7, 9], [9, 14], [14, 19]]",0.25
3624,"[7, 9, 15]","[[0, 7], [7, 9], [9, 15], [15, 19]]",1.0
3625,"[7, 9, 15]","[[0, 7], [7, 9], [9, 15], [15, 19]]",0.75
3626,"[7, 9, 15]","[[0, 7], [7, 9], [9, 15], [15, 19]]",0.5
3627,"[7, 9, 15]","[[0, 7], [7, 9], [9, 15], [15, 19]]",0.25
3628,"[7, 9, 16]","[[0, 7], [7, 9], [9, 16], [16, 19]]",1.0
3629,"[7, 9, 16]","[[0, 7], [7, 9], [9, 16], [16, 19]]",0.75
3630,"[7, 9, 16]","[[0, 7], [7, 9], [9, 16], [16, 19]]",0.5
3631,"[7, 9, 16]","[[0, 7], [7, 9], [9, 16], [16, 19]]",0.25
3632,"[7, 9, 17]","[[0, 7], [7, 9], [9, 17], [17, 19]]",1.0
3633,"[7, 9, 17]","[[0, 7], [7, 9], [9, 17], [17, 19]]",0.75
3634,"[7, 9, 17]","[[0, 7], [7, 9], [9, 17], [17, 19]]",0.5
3635,"[7, 9, 17]","[[0, 7], [7, 9], [9, 17], [17, 19]]",0.25
3636,"[7, 9, 18]","[[0, 7], [7, 9], [9, 18], [18, 19]]",1.0
3637,"[7, 9, 18]","[[0, 7], [7, 9], [9, 18], [18, 19]]",0.75
3638,"[7, 9, 18]","[[0, 7], [7, 9], [9, 18], [18, 19]]",0.5
3639,"[7, 9, 18]","[[0, 7], [7, 9], [9, 18], [18, 19]]",0.25
3640,"[7, 9, 19]","[[0, 7], [7, 9], [9, 19], [19, 19]]",1.0
3641,"[7, 9, 19]","[[0, 7], [7, 9], [9, 19], [19, 19]]",0.75
3642,"[7, 9, 19]","[[0, 7], [7, 9], [9, 19], [19, 19]]",0.5
3643,"[7, 9, 19]","[[0, 7], [7, 9], [9, 19], [19, 19]]",0.25
3644,"[7, 10, 10]","[[0, 7], [7, 10], [10, 10], [10, 19]]",1.0
3645,"[7, 10, 10]","[[0, 7], [7, 10], [10, 10], [10, 19]]",0.75
3646,"[7, 10, 10]","[[0, 7], [7, 10], [10, 10], [10, 19]]",0.5
3647,"[7, 10, 10]","[[0, 7], [7, 10], [10, 10], [10, 19]]",0.25
3648,"[7, 10, 11]","[[0, 7], [7, 10], [10, 11], [11, 19]]",1.0
3649,"[7, 10, 11]","[[0, 7], [7, 10], [10, 11], [11, 19]]",0.75
3650,"[7, 10, 11]","[[0, 7], [7, 10], [10, 11], [11, 19]]",0.5
3651,"[7, 10, 11]","[[0, 7], [7, 10], [10, 11], [11, 19]]",0.25
3652,"[7, 10, 12]","[[0, 7], [7, 10], [10, 12], [12, 19]]",1.0
3653,"[7, 10, 12]","[[0, 7], [7, 10], [10, 12], [12, 19]]",0.75
3654,"[7, 10, 12]","[[0, 7], [7, 10], [10, 12], [12, 19]]",0.5
3655,"[7, 10, 12]","[[0, 7], [7, 10], [10, 12], [12, 19]]",0.25
3656,"[7, 10, 13]","[[0, 7], [7, 10], [10, 13], [13, 19]]",1.0
3657,"[7, 10, 13]","[[0, 7], [7, 10], [10, 13], [13, 19]]",0.75
3658,"[7, 10, 13]","[[0, 7], [7, 10], [10, 13], [13, 19]]",0.5
3659,"[7, 10, 13]","[[0, 7], [7, 10], [10, 13], [13, 19]]",0.25
3660,"[7, 10, 14]","[[0, 7], [7, 10], [10, 14], [14, 19]]",1.0
3661,"[7, 10, 14]","[[0, 7], [7, 10], [10, 14], [14, 19]]",0.75
3662,"[7, 10, 14]","[[0, 7], [7, 10], [10, 14], [14, 19]]",0.5
3663,"[7, 10, 14]","[[0, 7], [7, 10], [10, 14], [14, 19]]",0.25
3664,"[7, 10, 15]","[[0, 7], [7, 10], [10, 15], [15, 19]]",1.0
3665,"[7, 10, 15]","[[0, 7], [7, 10], [10, 15], [15, 19]]",0.75
3666,"[7, 10, 15]","[[0, 7], [7, 10], [10, 15], [15, 19]]",0.5
3667,"[7, 10, 15]","[[0, 7], [7, 10], [10, 15], [15, 19]]",0.25
3668,"[7, 10, 16]","[[0, 7], [7, 10], [10, 16], [16, 19]]",1.0
3669,"[7, 10, 16]","[[0, 7], [7, 10], [10, 16], [16, 19]]",0.75
3670,"[7, 10, 16]","[[0, 7], [7, 10], [10, 16], [16, 19]]",0.5
3671,"[7, 10, 16]","[[0, 7], [7, 10], [10, 16], [16, 19]]",0.25
3672,"[7, 10, 17]","[[0, 7], [7, 10], [10, 17], [17, 19]]",1.0
3673,"[7, 10, 17]","[[0, 7], [7, 10], [10, 17], [17, 19]]",0.75
3674,"[7, 10, 17]","[[0, 7], [7, 10], [10, 17], [17, 19]]",0.5
3675,"[7, 10, 17]","[[0, 7], [7, 10], [10, 17], [17, 19]]",0.25
3676,"[7, 10, 18]","[[0, 7], [7, 10], [10, 18], [18, 19]]",1.0
3677,"[7, 10, 18]","[[0, 7], [7, 10], [10, 18], [18, 19]]",0.75
3678,"[7, 10, 18]","[[0, 7], [7, 10], [10, 18], [18, 19]]",0.5
3679,"[7, 10, 18]","[[0, 7], [7, 10], [10, 18], [18, 19]]",0.25
3680,"[7, 10, 19]","[[0, 7], [7, 10], [10, 19], [19, 19]]",1.0
3681,"[7, 10, 19]","[[0, 7], [7, 10], [10, 19], [19, 19]]",0.75
3682,"[7, 10, 19]","[[0, 7], [7, 10], [10, 19], [19, 19]]",0.5
3683,"[7, 10, 19]","[[0, 7], [7, 10], [10, 19], [19, 19]]",0.25
3684,"[7, 11, 11]","[[0, 7], [7, 11], [11, 11], [11, 19]]",1.0
3685,"[7, 11, 11]","[[0, 7], [7, 11], [11, 11], [11, 19]]",0.75
3686,"[7, 11, 11]","[[0, 7], [7, 11], [11, 11], [11, 19]]",0.5
3687,"[7, 11, 11]","[[0, 7], [7, 11], [11, 11], [11, 19]]",0.25
3688,"[7, 11, 12]","[[0, 7], [7, 11], [11, 12], [12, 19]]",1.0
3689,"[7, 11, 12]","[[0, 7], [7, 11], [11, 12], [12, 19]]",0.75
3690,"[7, 11, 12]","[[0, 7], [7, 11], [11, 12], [12, 19]]",0.5
3691,"[7, 11, 12]","[[0, 7], [7, 11], [11, 12], [12, 19]]",0.25
3692,"[7, 11, 13]","[[0, 7], [7, 11], [11, 13], [13, 19]]",1.0
3693,"[7, 11, 13]","[[0, 7], [7, 11], [11, 13], [13, 19]]",0.75
3694,"[7, 11, 13]","[[0, 7], [7, 11], [11, 13], [13, 19]]",0.5
3695,"[7, 11, 13]","[[0, 7], [7, 11], [11, 13], [13, 19]]",0.25
3696,"[7, 11, 14]","[[0, 7], [7, 11], [11, 14], [14, 19]]",1.0
3697,"[7, 11, 14]","[[0, 7], [7, 11], [11, 14], [14, 19]]",0.75
3698,"[7, 11, 14]","[[0, 7], [7, 11], [11, 14], [14, 19]]",0.5
3699,"[7, 11, 14]","[[0, 7], [7, 11], [11, 14], [14, 19]]",0.25
3700,"[7, 11, 15]","[[0, 7], [7, 11], [11, 15], [15, 19]]",1.0
3701,"[7, 11, 15]","[[0, 7], [7, 11], [11, 15], [15, 19]]",0.75
3702,"[7, 11, 15]","[[0, 7], [7, 11], [11, 15], [15, 19]]",0.5
3703,"[7, 11, 15]","[[0, 7], [7, 11], [11, 15], [15, 19]]",0.25
3704,"[7, 11, 16]","[[0, 7], [7, 11], [11, 16], [16, 19]]",1.0
3705,"[7, 11, 16]","[[0, 7], [7, 11], [11, 16], [16, 19]]",0.75
3706,"[7, 11, 16]","[[0, 7], [7, 11], [11, 16], [16, 19]]",0.5
3707,"[7, 11, 16]","[[0, 7], [7, 11], [11, 16], [16, 19]]",0.25
3708,"[7, 11, 17]","[[0, 7], [7, 11], [11, 17], [17, 19]]",1.0
3709,"[7, 11, 17]","[[0, 7], [7, 11], [11, 17], [17, 19]]",0.75
3710,"[7, 11, 17]","[[0, 7], [7, 11], [11, 17], [17, 19]]",0.5
3711,"[7, 11, 17]","[[0, 7], [7, 11], [11, 17], [17, 19]]",0.25
3712,"[7, 11, 18]","[[0, 7], [7, 11], [11, 18], [18, 19]]",1.0
3713,"[7, 11, 18]","[[0, 7], [7, 11], [11, 18], [18, 19]]",0.75
3714,"[7, 11, 18]","[[0, 7], [7, 11], [11, 18], [18, 19]]",0.5
3715,"[7, 11, 18]","[[0, 7], [7, 11], [11, 18], [18, 19]]",0.25
3716,"[7, 11, 19]","[[0, 7], [7, 11], [11, 19], [19, 19]]",1.0
3717,"[7, 11, 19]","[[0, 7], [7, 11], [11, 19], [19, 19]]",0.75
3718,"[7, 11, 19]","[[0, 7], [7, 11], [11, 19], [19, 19]]",0.5
3719,"[7, 11, 19]","[[0, 7], [7, 11], [11, 19], [19, 19]]",0.25
3720,"[7, 12, 12]","[[0, 7], [7, 12], [12, 12], [12, 19]]",1.0
3721,"[7, 12, 12]","[[0, 7], [7, 12], [12, 12], [12, 19]]",0.75
3722,"[7, 12, 12]","[[0, 7], [7, 12], [12, 12], [12, 19]]",0.5
3723,"[7, 12, 12]","[[0, 7], [7, 12], [12, 12], [12, 19]]",0.25
3724,"[7, 12, 13]","[[0, 7], [7, 12], [12, 13], [13, 19]]",1.0
3725,"[7, 12, 13]","[[0, 7], [7, 12], [12, 13], [13, 19]]",0.75
3726,"[7, 12, 13]","[[0, 7], [7, 12], [12, 13], [13, 19]]",0.5
3727,"[7, 12, 13]","[[0, 7], [7, 12], [12, 13], [13, 19]]",0.25
3728,"[7, 12, 14]","[[0, 7], [7, 12], [12, 14], [14, 19]]",1.0
3729,"[7, 12, 14]","[[0, 7], [7, 12], [12, 14], [14, 19]]",0.75
3730,"[7, 12, 14]","[[0, 7], [7, 12], [12, 14], [14, 19]]",0.5
3731,"[7, 12, 14]","[[0, 7], [7, 12], [12, 14], [14, 19]]",0.25
3732,"[7, 12, 15]","[[0, 7], [7, 12], [12, 15], [15, 19]]",1.0
3733,"[7, 12, 15]","[[0, 7], [7, 12], [12, 15], [15, 19]]",0.75
3734,"[7, 12, 15]","[[0, 7], [7, 12], [12, 15], [15, 19]]",0.5
3735,"[7, 12, 15]","[[0, 7], [7, 12], [12, 15], [15, 19]]",0.25
3736,"[7, 12, 16]","[[0, 7], [7, 12], [12, 16], [16, 19]]",1.0
3737,"[7, 12, 16]","[[0, 7], [7, 12], [12, 16], [16, 19]]",0.75
3738,"[7, 12, 16]","[[0, 7], [7, 12], [12, 16], [16, 19]]",0.5
3739,"[7, 12, 16]","[[0, 7], [7, 12], [12, 16], [16, 19]]",0.25
3740,"[7, 12, 17]","[[0, 7], [7, 12], [12, 17], [17, 19]]",1.0
3741,"[7, 12, 17]","[[0, 7], [7, 12], [12, 17], [17, 19]]",0.75
3742,"[7, 12, 17]","[[0, 7], [7, 12], [12, 17], [17, 19]]",0.5
3743,"[7, 12, 17]","[[0, 7], [7, 12], [12, 17], [17, 19]]",0.25
3744,"[7, 12, 18]","[[0, 7], [7, 12], [12, 18], [18, 19]]",1.0
3745,"[7, 12, 18]","[[0, 7], [7, 12], [12, 18], [18, 19]]",0.75
3746,"[7, 12, 18]","[[0, 7], [7, 12], [12, 18], [18, 19]]",0.5
3747,"[7, 12, 18]","[[0, 7], [7, 12], [12, 18], [18, 19]]",0.25
3748,"[7, 12, 19]","[[0, 7], [7, 12], [12, 19], [19, 19]]",1.0
3749,"[7, 12, 19]","[[0, 7], [7, 12], [12, 19], [19, 19]]",0.75
3750,"[7, 12, 19]","[[0, 7], [7, 12], [12, 19], [19, 19]]",0.5
3751,"[7, 12, 19]","[[0, 7], [7, 12], [12, 19], [19, 19]]",0.25
3752,"[7, 13, 13]","[[0, 7], [7, 13], [13, 13], [13, 19]]",1.0
3753,"[7, 13, 13]","[[0, 7], [7, 13], [13, 13], [13, 19]]",0.75
3754,"[7, 13, 13]","[[0, 7], [7, 13], [13, 13], [13, 19]]",0.5
3755,"[7, 13, 13]","[[0, 7], [7, 13], [13, 13], [13, 19]]",0.25
3756,"[7, 13, 14]","[[0, 7], [7, 13], [13, 14], [14, 19]]",1.0
3757,"[7, 13, 14]","[[0, 7], [7, 13], [13, 14], [14, 19]]",0.75
3758,"[7, 13, 14]","[[0, 7], [7, 13], [13, 14], [14, 19]]",0.5
3759,"[7, 13, 14]","[[0, 7], [7, 13], [13, 14], [14, 19]]",0.25
3760,"[7, 13, 15]","[[0, 7], [7, 13], [13, 15], [15, 19]]",1.0
3761,"[7, 13, 15]","[[0, 7], [7, 13], [13, 15], [15, 19]]",0.75
3762,"[7, 13, 15]","[[0, 7], [7, 13], [13, 15], [15, 19]]",0.5
3763,"[7, 13, 15]","[[0, 7], [7, 13], [13, 15], [15, 19]]",0.25
3764,"[7, 13, 16]","[[0, 7], [7, 13], [13, 16], [16, 19]]",1.0
3765,"[7, 13, 16]","[[0, 7], [7, 13], [13, 16], [16, 19]]",0.75
3766,"[7, 13, 16]","[[0, 7], [7, 13], [13, 16], [16, 19]]",0.5
3767,"[7, 13, 16]","[[0, 7], [7, 13], [13, 16], [16, 19]]",0.25
3768,"[7, 13, 17]","[[0, 7], [7, 13], [13, 17], [17, 19]]",1.0
3769,"[7, 13, 17]","[[0, 7], [7, 13], [13, 17], [17, 19]]",0.75
3770,"[7, 13, 17]","[[0, 7], [7, 13], [13, 17], [17, 19]]",0.5
3771,"[7, 13, 17]","[[0, 7], [7, 13], [13, 17], [17, 19]]",0.25
3772,"[7, 13, 18]","[[0, 7], [7, 13], [13, 18], [18, 19]]",1.0
3773,"[7, 13, 18]","[[0, 7], [7, 13], [13, 18], [18, 19]]",0.75
3774,"[7, 13, 18]","[[0, 7], [7, 13], [13, 18], [18, 19]]",0.5
3775,"[7, 13, 18]","[[0, 7], [7, 13], [13, 18], [18, 19]]",0.25
3776,"[7, 13, 19]","[[0, 7], [7, 13], [13, 19], [19, 19]]",1.0
3777,"[7, 13, 19]","[[0, 7], [7, 13], [13, 19], [19, 19]]",0.75
3778,"[7, 13, 19]","[[0, 7], [7, 13], [13, 19], [19, 19]]",0.5
3779,"[7, 13, 19]","[[0, 7], [7, 13], [13, 19], [19, 19]]",0.25
3780,"[7, 14, 14]","[[0, 7], [7, 14], [14, 14], [14, 19]]",1.0
3781,"[7, 14, 14]","[[0, 7], [7, 14], [14, 14], [14, 19]]",0.75
3782,"[7, 14, 14]","[[0, 7], [7, 14], [14, 14], [14, 19]]",0.5
3783,"[7, 14, 14]","[[0, 7], [7, 14], [14, 14], [14, 19]]",0.25
3784,"[7, 14, 15]","[[0, 7], [7, 14], [14, 15], [15, 19]]",1.0
3785,"[7, 14, 15]","[[0, 7], [7, 14], [14, 15], [15, 19]]",0.75
3786,"[7, 14, 15]","[[0, 7], [7, 14], [14, 15], [15, 19]]",0.5
3787,"[7, 14, 15]","[[0, 7], [7, 14], [14, 15], [15, 19]]",0.25
3788,"[7, 14, 16]","[[0, 7], [7, 14], [14, 16], [16, 19]]",1.0
3789,"[7, 14, 16]","[[0, 7], [7, 14], [14, 16], [16, 19]]",0.75
3790,"[7, 14, 16]","[[0, 7], [7, 14], [14, 16], [16, 19]]",0.5
3791,"[7, 14, 16]","[[0, 7], [7, 14], [14, 16], [16, 19]]",0.25
3792,"[7, 14, 17]","[[0, 7], [7, 14], [14, 17], [17, 19]]",1.0
3793,"[7, 14, 17]","[[0, 7], [7, 14], [14, 17], [17, 19]]",0.75
3794,"[7, 14, 17]","[[0, 7], [7, 14], [14, 17], [17, 19]]",0.5
3795,"[7, 14, 17]","[[0, 7], [7, 14], [14, 17], [17, 19]]",0.25
3796,"[7, 14, 18]","[[0, 7], [7, 14], [14, 18], [18, 19]]",1.0
3797,"[7, 14, 18]","[[0, 7], [7, 14], [14, 18], [18, 19]]",0.75
3798,"[7, 14, 18]","[[0, 7], [7, 14], [14, 18], [18, 19]]",0.5
3799,"[7, 14, 18]","[[0, 7], [7, 14], [14, 18], [18, 19]]",0.25
3800,"[7, 14, 19]","[[0, 7], [7, 14], [14, 19], [19, 19]]",1.0
3801,"[7, 14, 19]","[[0, 7], [7, 14], [14, 19], [19, 19]]",0.75
3802,"[7, 14, 19]","[[0, 7], [7, 14], [14, 19], [19, 19]]",0.5
3803,"[7, 14, 19]","[[0, 7], [7, 14], [14, 19], [19, 19]]",0.25
3804,"[7, 15, 15]","[[0, 7], [7, 15], [15, 15], [15, 19]]",1.0
3805,"[7, 15, 15]","[[0, 7], [7, 15], [15, 15], [15, 19]]",0.75
3806,"[7, 15, 15]","[[0, 7], [7, 15], [15, 15], [15, 19]]",0.5
3807,"[7, 15, 15]","[[0, 7], [7, 15], [15, 15], [15, 19]]",0.25
3808,"[7, 15, 16]","[[0, 7], [7, 15], [15, 16], [16, 19]]",1.0
3809,"[7, 15, 16]","[[0, 7], [7, 15], [15, 16], [16, 19]]",0.75
3810,"[7, 15, 16]","[[0, 7], [7, 15], [15, 16], [16, 19]]",0.5
3811,"[7, 15, 16]","[[0, 7], [7, 15], [15, 16], [16, 19]]",0.25
3812,"[7, 15, 17]","[[0, 7], [7, 15], [15, 17], [17, 19]]",1.0
3813,"[7, 15, 17]","[[0, 7], [7, 15], [15, 17], [17, 19]]",0.75
3814,"[7, 15, 17]","[[0, 7], [7, 15], [15, 17], [17, 19]]",0.5
3815,"[7, 15, 17]","[[0, 7], [7, 15], [15, 17], [17, 19]]",0.25
3816,"[7, 15, 18]","[[0, 7], [7, 15], [15, 18], [18, 19]]",1.0
3817,"[7, 15, 18]","[[0, 7], [7, 15], [15, 18], [18, 19]]",0.75
3818,"[7, 15, 18]","[[0, 7], [7, 15], [15, 18], [18, 19]]",0.5
3819,"[7, 15, 18]","[[0, 7], [7, 15], [15, 18], [18, 19]]",0.25
3820,"[7, 15, 19]","[[0, 7], [7, 15], [15, 19], [19, 19]]",1.0
3821,"[7, 15, 19]","[[0, 7], [7, 15], [15, 19], [19, 19]]",0.75
3822,"[7, 15, 19]","[[0, 7], [7, 15], [15, 19], [19, 19]]",0.5
3823,"[7, 15, 19]","[[0, 7], [7, 15], [15, 19], [19, 19]]",0.25
3824,"[7, 16, 16]","[[0, 7], [7, 16], [16, 16], [16, 19]]",1.0
3825,"[7, 16, 16]","[[0, 7], [7, 16], [16, 16], [16, 19]]",0.75
3826,"[7, 16, 16]","[[0, 7], [7, 16], [16, 16], [16, 19]]",0.5
3827,"[7, 16, 16]","[[0, 7], [7, 16], [16, 16], [16, 19]]",0.25
3828,"[7, 16, 17]","[[0, 7], [7, 16], [16, 17], [17, 19]]",1.0
3829,"[7, 16, 17]","[[0, 7], [7, 16], [16, 17], [17, 19]]",0.75
3830,"[7, 16, 17]","[[0, 7], [7, 16], [16, 17], [17, 19]]",0.5
3831,"[7, 16, 17]","[[0, 7], [7, 16], [16, 17], [17, 19]]",0.25
3832,"[7, 16, 18]","[[0, 7], [7, 16], [16, 18], [18, 19]]",1.0
3833,"[7, 16, 18]","[[0, 7], [7, 16], [16, 18], [18, 19]]",0.75
3834,"[7, 16, 18]","[[0, 7], [7, 16], [16, 18], [18, 19]]",0.5
3835,"[7, 16, 18]","[[0, 7], [7, 16], [16, 18], [18, 19]]",0.25
3836,"[7, 16, 19]","[[0, 7], [7, 16], [16, 19], [19, 19]]",1.0
3837,"[7, 16, 19]","[[0, 7], [7, 16], [16, 19], [19, 19]]",0.75
3838,"[7, 16, 19]","[[0, 7], [7, 16], [16, 19], [19, 19]]",0.5
3839,"[7, 16, 19]","[[0, 7], [7, 16], [16, 19], [19, 19]]",0.25
3840,"[7, 17, 17]","[[0, 7], [7, 17], [17, 17], [17, 19]]",1.0
3841,"[7, 17, 17]","[[0, 7], [7, 17], [17, 17], [17, 19]]",0.75
3842,"[7, 17, 17]","[[0, 7], [7, 17], [17, 17], [17, 19]]",0.5
3843,"[7, 17, 17]","[[0, 7], [7, 17], [17, 17], [17, 19]]",0.25
3844,"[7, 17, 18]","[[0, 7], [7, 17], [17, 18], [18, 19]]",1.0
3845,"[7, 17, 18]","[[0, 7], [7, 17], [17, 18], [18, 19]]",0.75
3846,"[7, 17, 18]","[[0, 7], [7, 17], [17, 18], [18, 19]]",0.5
3847,"[7, 17, 18]","[[0, 7], [7, 17], [17, 18], [18, 19]]",0.25
3848,"[7, 17, 19]","[[0, 7], [7, 17], [17, 19], [19, 19]]",1.0
3849,"[7, 17, 19]","[[0, 7], [7, 17], [17, 19], [19, 19]]",0.75
3850,"[7, 17, 19]","[[0, 7], [7, 17], [17, 19], [19, 19]]",0.5
3851,"[7, 17, 19]","[[0, 7], [7, 17], [17, 19], [19, 19]]",0.25
3852,"[7, 18, 18]","[[0, 7], [7, 18], [18, 18], [18, 19]]",1.0
3853,"[7, 18, 18]","[[0, 7], [7, 18], [18, 18], [18, 19]]",0.75
3854,"[7, 18, 18]","[[0, 7], [7, 18], [18, 18], [18, 19]]",0.5
3855,"[7, 18, 18]","[[0, 7], [7, 18], [18, 18], [18, 19]]",0.25
3856,"[7, 18, 19]","[[0, 7], [7, 18], [18, 19], [19, 19]]",1.0
3857,"[7, 18, 19]","[[0, 7], [7, 18], [18, 19], [19, 19]]",0.75
3858,"[7, 18, 19]","[[0, 7], [7, 18], [18, 19], [19, 19]]",0.5
3859,"[7, 18, 19]","[[0, 7], [7, 18], [18, 19], [19, 19]]",0.25
3860,"[7, 19, 19]","[[0, 7], [7, 19], [19, 19], [19, 19]]",1.0
3861,"[7, 19, 19]","[[0, 7], [7, 19], [19, 19], [19, 19]]",0.75
3862,"[7, 19, 19]","[[0, 7], [7, 19], [19, 19], [19, 19]]",0.5
3863,"[7, 19, 19]","[[0, 7], [7, 19], [19, 19], [19, 19]]",0.25
3864,"[8, 8, 8]","[[0, 8], [8, 8], [8, 8], [8, 19]]",1.0
3865,"[8, 8, 8]","[[0, 8], [8, 8], [8, 8], [8, 19]]",0.75
3866,"[8, 8, 8]","[[0, 8], [8, 8], [8, 8], [8, 19]]",0.5
3867,"[8, 8, 8]","[[0, 8], [8, 8], [8, 8], [8, 19]]",0.25
3868,"[8, 8, 9]","[[0, 8], [8, 8], [8, 9], [9, 19]]",1.0
3869,"[8, 8, 9]","[[0, 8], [8, 8], [8, 9], [9, 19]]",0.75
3870,"[8, 8, 9]","[[0, 8], [8, 8], [8, 9], [9, 19]]",0.5
3871,"[8, 8, 9]","[[0, 8], [8, 8], [8, 9], [9, 19]]",0.25
3872,"[8, 8, 10]","[[0, 8], [8, 8], [8, 10], [10, 19]]",1.0
3873,"[8, 8, 10]","[[0, 8], [8, 8], [8, 10], [10, 19]]",0.75
3874,"[8, 8, 10]","[[0, 8], [8, 8], [8, 10], [10, 19]]",0.5
3875,"[8, 8, 10]","[[0, 8], [8, 8], [8, 10], [10, 19]]",0.25
3876,"[8, 8, 11]","[[0, 8], [8, 8], [8, 11], [11, 19]]",1.0
3877,"[8, 8, 11]","[[0, 8], [8, 8], [8, 11], [11, 19]]",0.75
3878,"[8, 8, 11]","[[0, 8], [8, 8], [8, 11], [11, 19]]",0.5
3879,"[8, 8, 11]","[[0, 8], [8, 8], [8, 11], [11, 19]]",0.25
3880,"[8, 8, 12]","[[0, 8], [8, 8], [8, 12], [12, 19]]",1.0
3881,"[8, 8, 12]","[[0, 8], [8, 8], [8, 12], [12, 19]]",0.75
3882,"[8, 8, 12]","[[0, 8], [8, 8], [8, 12], [12, 19]]",0.5
3883,"[8, 8, 12]","[[0, 8], [8, 8], [8, 12], [12, 19]]",0.25
3884,"[8, 8, 13]","[[0, 8], [8, 8], [8, 13], [13, 19]]",1.0
3885,"[8, 8, 13]","[[0, 8], [8, 8], [8, 13], [13, 19]]",0.75
3886,"[8, 8, 13]","[[0, 8], [8, 8], [8, 13], [13, 19]]",0.5
3887,"[8, 8, 13]","[[0, 8], [8, 8], [8, 13], [13, 19]]",0.25
3888,"[8, 8, 14]","[[0, 8], [8, 8], [8, 14], [14, 19]]",1.0
3889,"[8, 8, 14]","[[0, 8], [8, 8], [8, 14], [14, 19]]",0.75
3890,"[8, 8, 14]","[[0, 8], [8, 8], [8, 14], [14, 19]]",0.5
3891,"[8, 8, 14]","[[0, 8], [8, 8], [8, 14], [14, 19]]",0.25
3892,"[8, 8, 15]","[[0, 8], [8, 8], [8, 15], [15, 19]]",1.0
3893,"[8, 8, 15]","[[0, 8], [8, 8], [8, 15], [15, 19]]",0.75
3894,"[8, 8, 15]","[[0, 8], [8, 8], [8, 15], [15, 19]]",0.5
3895,"[8, 8, 15]","[[0, 8], [8, 8], [8, 15], [15, 19]]",0.25
3896,"[8, 8, 16]","[[0, 8], [8, 8], [8, 16], [16, 19]]",1.0
3897,"[8, 8, 16]","[[0, 8], [8, 8], [8, 16], [16, 19]]",0.75
3898,"[8, 8, 16]","[[0, 8], [8, 8], [8, 16], [16, 19]]",0.5
3899,"[8, 8, 16]","[[0, 8], [8, 8], [8, 16], [16, 19]]",0.25
3900,"[8, 8, 17]","[[0, 8], [8, 8], [8, 17], [17, 19]]",1.0
3901,"[8, 8, 17]","[[0, 8], [8, 8], [8, 17], [17, 19]]",0.75
3902,"[8, 8, 17]","[[0, 8], [8, 8], [8, 17], [17, 19]]",0.5
3903,"[8, 8, 17]","[[0, 8], [8, 8], [8, 17], [17, 19]]",0.25
3904,"[8, 8, 18]","[[0, 8], [8, 8], [8, 18], [18, 19]]",1.0
3905,"[8, 8, 18]","[[0, 8], [8, 8], [8, 18], [18, 19]]",0.75
3906,"[8, 8, 18]","[[0, 8], [8, 8], [8, 18], [18, 19]]",0.5
3907,"[8, 8, 18]","[[0, 8], [8, 8], [8, 18], [18, 19]]",0.25
3908,"[8, 8, 19]","[[0, 8], [8, 8], [8, 19], [19, 19]]",1.0
3909,"[8, 8, 19]","[[0, 8], [8, 8], [8, 19], [19, 19]]",0.75
3910,"[8, 8, 19]","[[0, 8], [8, 8], [8, 19], [19, 19]]",0.5
3911,"[8, 8, 19]","[[0, 8], [8, 8], [8, 19], [19, 19]]",0.25
3912,"[8, 9, 9]","[[0, 8], [8, 9], [9, 9], [9, 19]]",1.0
3913,"[8, 9, 9]","[[0, 8], [8, 9], [9, 9], [9, 19]]",0.75
3914,"[8, 9, 9]","[[0, 8], [8, 9], [9, 9], [9, 19]]",0.5
3915,"[8, 9, 9]","[[0, 8], [8, 9], [9, 9], [9, 19]]",0.25
3916,"[8, 9, 10]","[[0, 8], [8, 9], [9, 10], [10, 19]]",1.0
3917,"[8, 9, 10]","[[0, 8], [8, 9], [9, 10], [10, 19]]",0.75
3918,"[8, 9, 10]","[[0, 8], [8, 9], [9, 10], [10, 19]]",0.5
3919,"[8, 9, 10]","[[0, 8], [8, 9], [9, 10], [10, 19]]",0.25
3920,"[8, 9, 11]","[[0, 8], [8, 9], [9, 11], [11, 19]]",1.0
3921,"[8, 9, 11]","[[0, 8], [8, 9], [9, 11], [11, 19]]",0.75
3922,"[8, 9, 11]","[[0, 8], [8, 9], [9, 11], [11, 19]]",0.5
3923,"[8, 9, 11]","[[0, 8], [8, 9], [9, 11], [11, 19]]",0.25
3924,"[8, 9, 12]","[[0, 8], [8, 9], [9, 12], [12, 19]]",1.0
3925,"[8, 9, 12]","[[0, 8], [8, 9], [9, 12], [12, 19]]",0.75
3926,"[8, 9, 12]","[[0, 8], [8, 9], [9, 12], [12, 19]]",0.5
3927,"[8, 9, 12]","[[0, 8], [8, 9], [9, 12], [12, 19]]",0.25
3928,"[8, 9, 13]","[[0, 8], [8, 9], [9, 13], [13, 19]]",1.0
3929,"[8, 9, 13]","[[0, 8], [8, 9], [9, 13], [13, 19]]",0.75
3930,"[8, 9, 13]","[[0, 8], [8, 9], [9, 13], [13, 19]]",0.5
3931,"[8, 9, 13]","[[0, 8], [8, 9], [9, 13], [13, 19]]",0.25
3932,"[8, 9, 14]","[[0, 8], [8, 9], [9, 14], [14, 19]]",1.0
3933,"[8, 9, 14]","[[0, 8], [8, 9], [9, 14], [14, 19]]",0.75
3934,"[8, 9, 14]","[[0, 8], [8, 9], [9, 14], [14, 19]]",0.5
3935,"[8, 9, 14]","[[0, 8], [8, 9], [9, 14], [14, 19]]",0.25
3936,"[8, 9, 15]","[[0, 8], [8, 9], [9, 15], [15, 19]]",1.0
3937,"[8, 9, 15]","[[0, 8], [8, 9], [9, 15], [15, 19]]",0.75
3938,"[8, 9, 15]","[[0, 8], [8, 9], [9, 15], [15, 19]]",0.5
3939,"[8, 9, 15]","[[0, 8], [8, 9], [9, 15], [15, 19]]",0.25
3940,"[8, 9, 16]","[[0, 8], [8, 9], [9, 16], [16, 19]]",1.0
3941,"[8, 9, 16]","[[0, 8], [8, 9], [9, 16], [16, 19]]",0.75
3942,"[8, 9, 16]","[[0, 8], [8, 9], [9, 16], [16, 19]]",0.5
3943,"[8, 9, 16]","[[0, 8], [8, 9], [9, 16], [16, 19]]",0.25
3944,"[8, 9, 17]","[[0, 8], [8, 9], [9, 17], [17, 19]]",1.0
3945,"[8, 9, 17]","[[0, 8], [8, 9], [9, 17], [17, 19]]",0.75
3946,"[8, 9, 17]","[[0, 8], [8, 9], [9, 17], [17, 19]]",0.5
3947,"[8, 9, 17]","[[0, 8], [8, 9], [9, 17], [17, 19]]",0.25
3948,"[8, 9, 18]","[[0, 8], [8, 9], [9, 18], [18, 19]]",1.0
3949,"[8, 9, 18]","[[0, 8], [8, 9], [9, 18], [18, 19]]",0.75
3950,"[8, 9, 18]","[[0, 8], [8, 9], [9, 18], [18, 19]]",0.5
3951,"[8, 9, 18]","[[0, 8], [8, 9], [9, 18], [18, 19]]",0.25
3952,"[8, 9, 19]","[[0, 8], [8, 9], [9, 19], [19, 19]]",1.0
3953,"[8, 9, 19]","[[0, 8], [8, 9], [9, 19], [19, 19]]",0.75
3954,"[8, 9, 19]","[[0, 8], [8, 9], [9, 19], [19, 19]]",0.5
3955,"[8, 9, 19]","[[0, 8], [8, 9], [9, 19], [19, 19]]",0.25
3956,"[8, 10, 10]","[[0, 8], [8, 10], [10, 10], [10, 19]]",1.0
3957,"[8, 10, 10]","[[0, 8], [8, 10], [10, 10], [10, 19]]",0.75
3958,"[8, 10, 10]","[[0, 8], [8, 10], [10, 10], [10, 19]]",0.5
3959,"[8, 10, 10]","[[0, 8], [8, 10], [10, 10], [10, 19]]",0.25
3960,"[8, 10, 11]","[[0, 8], [8, 10], [10, 11], [11, 19]]",1.0
3961,"[8, 10, 11]","[[0, 8], [8, 10], [10, 11], [11, 19]]",0.75
3962,"[8, 10, 11]","[[0, 8], [8, 10], [10, 11], [11, 19]]",0.5
3963,"[8, 10, 11]","[[0, 8], [8, 10], [10, 11], [11, 19]]",0.25
3964,"[8, 10, 12]","[[0, 8], [8, 10], [10, 12], [12, 19]]",1.0
3965,"[8, 10, 12]","[[0, 8], [8, 10], [10, 12], [12, 19]]",0.75
3966,"[8, 10, 12]","[[0, 8], [8, 10], [10, 12], [12, 19]]",0.5
3967,"[8, 10, 12]","[[0, 8], [8, 10], [10, 12], [12, 19]]",0.25
3968,"[8, 10, 13]","[[0, 8], [8, 10], [10, 13], [13, 19]]",1.0
3969,"[8, 10, 13]","[[0, 8], [8, 10], [10, 13], [13, 19]]",0.75
3970,"[8, 10, 13]","[[0, 8], [8, 10], [10, 13], [13, 19]]",0.5
3971,"[8, 10, 13]","[[0, 8], [8, 10], [10, 13], [13, 19]]",0.25
3972,"[8, 10, 14]","[[0, 8], [8, 10], [10, 14], [14, 19]]",1.0
3973,"[8, 10, 14]","[[0, 8], [8, 10], [10, 14], [14, 19]]",0.75
3974,"[8, 10, 14]","[[0, 8], [8, 10], [10, 14], [14, 19]]",0.5
3975,"[8, 10, 14]","[[0, 8], [8, 10], [10, 14], [14, 19]]",0.25
3976,"[8, 10, 15]","[[0, 8], [8, 10], [10, 15], [15, 19]]",1.0
3977,"[8, 10, 15]","[[0, 8], [8, 10], [10, 15], [15, 19]]",0.75
3978,"[8, 10, 15]","[[0, 8], [8, 10], [10, 15], [15, 19]]",0.5
3979,"[8, 10, 15]","[[0, 8], [8, 10], [10, 15], [15, 19]]",0.25
3980,"[8, 10, 16]","[[0, 8], [8, 10], [10, 16], [16, 19]]",1.0
3981,"[8, 10, 16]","[[0, 8], [8, 10], [10, 16], [16, 19]]",0.75
3982,"[8, 10, 16]","[[0, 8], [8, 10], [10, 16], [16, 19]]",0.5
3983,"[8, 10, 16]","[[0, 8], [8, 10], [10, 16], [16, 19]]",0.25
3984,"[8, 10, 17]","[[0, 8], [8, 10], [10, 17], [17, 19]]",1.0
3985,"[8, 10, 17]","[[0, 8], [8, 10], [10, 17], [17, 19]]",0.75
3986,"[8, 10, 17]","[[0, 8], [8, 10], [10, 17], [17, 19]]",0.5
3987,"[8, 10, 17]","[[0, 8], [8, 10], [10, 17], [17, 19]]",0.25
3988,"[8, 10, 18]","[[0, 8], [8, 10], [10, 18], [18, 19]]",1.0
3989,"[8, 10, 18]","[[0, 8], [8, 10], [10, 18], [18, 19]]",0.75
3990,"[8, 10, 18]","[[0, 8], [8, 10], [10, 18], [18, 19]]",0.5
3991,"[8, 10, 18]","[[0, 8], [8, 10], [10, 18], [18, 19]]",0.25
3992,"[8, 10, 19]","[[0, 8], [8, 10], [10, 19], [19, 19]]",1.0
3993,"[8, 10, 19]","[[0, 8], [8, 10], [10, 19], [19, 19]]",0.75
3994,"[8, 10, 19]","[[0, 8], [8, 10], [10, 19], [19, 19]]",0.5
3995,"[8, 10, 19]","[[0, 8], [8, 10], [10, 19], [19, 19]]",0.25
3996,"[8, 11, 11]","[[0, 8], [8, 11], [11, 11], [11, 19]]",1.0
3997,"[8, 11, 11]","[[0, 8], [8, 11], [11, 11], [11, 19]]",0.75
3998,"[8, 11, 11]","[[0, 8], [8, 11], [11, 11], [11, 19]]",0.5
3999,"[8, 11, 11]","[[0, 8], [8, 11], [11, 11], [11, 19]]",0.25
4000,"[8, 11, 12]","[[0, 8], [8, 11], [11, 12], [12, 19]]",1.0
4001,"[8, 11, 12]","[[0, 8], [8, 11], [11, 12], [12, 19]]",0.75
4002,"[8, 11, 12]","[[0, 8], [8, 11], [11, 12], [12, 19]]",0.5
4003,"[8, 11, 12]","[[0, 8], [8, 11], [11, 12], [12, 19]]",0.25
4004,"[8, 11, 13]","[[0, 8], [8, 11], [11, 13], [13, 19]]",1.0
4005,"[8, 11, 13]","[[0, 8], [8, 11], [11, 13], [13, 19]]",0.75
4006,"[8, 11, 13]","[[0, 8], [8, 11], [11, 13], [13, 19]]",0.5
4007,"[8, 11, 13]","[[0, 8], [8, 11], [11, 13], [13, 19]]",0.25
4008,"[8, 11, 14]","[[0, 8], [8, 11], [11, 14], [14, 19]]",1.0
4009,"[8, 11, 14]","[[0, 8], [8, 11], [11, 14], [14, 19]]",0.75
4010,"[8, 11, 14]","[[0, 8], [8, 11], [11, 14], [14, 19]]",0.5
4011,"[8, 11, 14]","[[0, 8], [8, 11], [11, 14], [14, 19]]",0.25
4012,"[8, 11, 15]","[[0, 8], [8, 11], [11, 15], [15, 19]]",1.0
4013,"[8, 11, 15]","[[0, 8], [8, 11], [11, 15], [15, 19]]",0.75
4014,"[8, 11, 15]","[[0, 8], [8, 11], [11, 15], [15, 19]]",0.5
4015,"[8, 11, 15]","[[0, 8], [8, 11], [11, 15], [15, 19]]",0.25
4016,"[8, 11, 16]","[[0, 8], [8, 11], [11, 16], [16, 19]]",1.0
4017,"[8, 11, 16]","[[0, 8], [8, 11], [11, 16], [16, 19]]",0.75
4018,"[8, 11, 16]","[[0, 8], [8, 11], [11, 16], [16, 19]]",0.5
4019,"[8, 11, 16]","[[0, 8], [8, 11], [11, 16], [16, 19]]",0.25
4020,"[8, 11, 17]","[[0, 8], [8, 11], [11, 17], [17, 19]]",1.0
4021,"[8, 11, 17]","[[0, 8], [8, 11], [11, 17], [17, 19]]",0.75
4022,"[8, 11, 17]","[[0, 8], [8, 11], [11, 17], [17, 19]]",0.5
4023,"[8, 11, 17]","[[0, 8], [8, 11], [11, 17], [17, 19]]",0.25
4024,"[8, 11, 18]","[[0, 8], [8, 11], [11, 18], [18, 19]]",1.0
4025,"[8, 11, 18]","[[0, 8], [8, 11], [11, 18], [18, 19]]",0.75
4026,"[8, 11, 18]","[[0, 8], [8, 11], [11, 18], [18, 19]]",0.5
4027,"[8, 11, 18]","[[0, 8], [8, 11], [11, 18], [18, 19]]",0.25
4028,"[8, 11, 19]","[[0, 8], [8, 11], [11, 19], [19, 19]]",1.0
4029,"[8, 11, 19]","[[0, 8], [8, 11], [11, 19], [19, 19]]",0.75
4030,"[8, 11, 19]","[[0, 8], [8, 11], [11, 19], [19, 19]]",0.5
4031,"[8, 11, 19]","[[0, 8], [8, 11], [11, 19], [19, 19]]",0.25
4032,"[8, 12, 12]","[[0, 8], [8, 12], [12, 12], [12, 19]]",1.0
4033,"[8, 12, 12]","[[0, 8], [8, 12], [12, 12], [12, 19]]",0.75
4034,"[8, 12, 12]","[[0, 8], [8, 12], [12, 12], [12, 19]]",0.5
4035,"[8, 12, 12]","[[0, 8], [8, 12], [12, 12], [12, 19]]",0.25
4036,"[8, 12, 13]","[[0, 8], [8, 12], [12, 13], [13, 19]]",1.0
4037,"[8, 12, 13]","[[0, 8], [8, 12], [12, 13], [13, 19]]",0.75
4038,"[8, 12, 13]","[[0, 8], [8, 12], [12, 13], [13, 19]]",0.5
4039,"[8, 12, 13]","[[0, 8], [8, 12], [12, 13], [13, 19]]",0.25
4040,"[8, 12, 14]","[[0, 8], [8, 12], [12, 14], [14, 19]]",1.0
4041,"[8, 12, 14]","[[0, 8], [8, 12], [12, 14], [14, 19]]",0.75
4042,"[8, 12, 14]","[[0, 8], [8, 12], [12, 14], [14, 19]]",0.5
4043,"[8, 12, 14]","[[0, 8], [8, 12], [12, 14], [14, 19]]",0.25
4044,"[8, 12, 15]","[[0, 8], [8, 12], [12, 15], [15, 19]]",1.0
4045,"[8, 12, 15]","[[0, 8], [8, 12], [12, 15], [15, 19]]",0.75
4046,"[8, 12, 15]","[[0, 8], [8, 12], [12, 15], [15, 19]]",0.5
4047,"[8, 12, 15]","[[0, 8], [8, 12], [12, 15], [15, 19]]",0.25
4048,"[8, 12, 16]","[[0, 8], [8, 12], [12, 16], [16, 19]]",1.0
4049,"[8, 12, 16]","[[0, 8], [8, 12], [12, 16], [16, 19]]",0.75
4050,"[8, 12, 16]","[[0, 8], [8, 12], [12, 16], [16, 19]]",0.5
4051,"[8, 12, 16]","[[0, 8], [8, 12], [12, 16], [16, 19]]",0.25
4052,"[8, 12, 17]","[[0, 8], [8, 12], [12, 17], [17, 19]]",1.0
4053,"[8, 12, 17]","[[0, 8], [8, 12], [12, 17], [17, 19]]",0.75
4054,"[8, 12, 17]","[[0, 8], [8, 12], [12, 17], [17, 19]]",0.5
4055,"[8, 12, 17]","[[0, 8], [8, 12], [12, 17], [17, 19]]",0.25
4056,"[8, 12, 18]","[[0, 8], [8, 12], [12, 18], [18, 19]]",1.0
4057,"[8, 12, 18]","[[0, 8], [8, 12], [12, 18], [18, 19]]",0.75
4058,"[8, 12, 18]","[[0, 8], [8, 12], [12, 18], [18, 19]]",0.5
4059,"[8, 12, 18]","[[0, 8], [8, 12], [12, 18], [18, 19]]",0.25
4060,"[8, 12, 19]","[[0, 8], [8, 12], [12, 19], [19, 19]]",1.0
4061,"[8, 12, 19]","[[0, 8], [8, 12], [12, 19], [19, 19]]",0.75
4062,"[8, 12, 19]","[[0, 8], [8, 12], [12, 19], [19, 19]]",0.5
4063,"[8, 12, 19]","[[0, 8], [8, 12], [12, 19], [19, 19]]",0.25
4064,"[8, 13, 13]","[[0, 8], [8, 13], [13, 13], [13, 19]]",1.0
4065,"[8, 13, 13]","[[0, 8], [8, 13], [13, 13], [13, 19]]",0.75
4066,"[8, 13, 13]","[[0, 8], [8, 13], [13, 13], [13, 19]]",0.5
4067,"[8, 13, 13]","[[0, 8], [8, 13], [13, 13], [13, 19]]",0.25
4068,"[8, 13, 14]","[[0, 8], [8, 13], [13, 14], [14, 19]]",1.0
4069,"[8, 13, 14]","[[0, 8], [8, 13], [13, 14], [14, 19]]",0.75
4070,"[8, 13, 14]","[[0, 8], [8, 13], [13, 14], [14, 19]]",0.5
4071,"[8, 13, 14]","[[0, 8], [8, 13], [13, 14], [14, 19]]",0.25
4072,"[8, 13, 15]","[[0, 8], [8, 13], [13, 15], [15, 19]]",1.0
4073,"[8, 13, 15]","[[0, 8], [8, 13], [13, 15], [15, 19]]",0.75
4074,"[8, 13, 15]","[[0, 8], [8, 13], [13, 15], [15, 19]]",0.5
4075,"[8, 13, 15]","[[0, 8], [8, 13], [13, 15], [15, 19]]",0.25
4076,"[8, 13, 16]","[[0, 8], [8, 13], [13, 16], [16, 19]]",1.0
4077,"[8, 13, 16]","[[0, 8], [8, 13], [13, 16], [16, 19]]",0.75
4078,"[8, 13, 16]","[[0, 8], [8, 13], [13, 16], [16, 19]]",0.5
4079,"[8, 13, 16]","[[0, 8], [8, 13], [13, 16], [16, 19]]",0.25
4080,"[8, 13, 17]","[[0, 8], [8, 13], [13, 17], [17, 19]]",1.0
4081,"[8, 13, 17]","[[0, 8], [8, 13], [13, 17], [17, 19]]",0.75
4082,"[8, 13, 17]","[[0, 8], [8, 13], [13, 17], [17, 19]]",0.5
4083,"[8, 13, 17]","[[0, 8], [8, 13], [13, 17], [17, 19]]",0.25
4084,"[8, 13, 18]","[[0, 8], [8, 13], [13, 18], [18, 19]]",1.0
4085,"[8, 13, 18]","[[0, 8], [8, 13], [13, 18], [18, 19]]",0.75
4086,"[8, 13, 18]","[[0, 8], [8, 13], [13, 18], [18, 19]]",0.5
4087,"[8, 13, 18]","[[0, 8], [8, 13], [13, 18], [18, 19]]",0.25
4088,"[8, 13, 19]","[[0, 8], [8, 13], [13, 19], [19, 19]]",1.0
4089,"[8, 13, 19]","[[0, 8], [8, 13], [13, 19], [19, 19]]",0.75
4090,"[8, 13, 19]","[[0, 8], [8, 13], [13, 19], [19, 19]]",0.5
4091,"[8, 13, 19]","[[0, 8], [8, 13], [13, 19], [19, 19]]",0.25
4092,"[8, 14, 14]","[[0, 8], [8, 14], [14, 14], [14, 19]]",1.0
4093,"[8, 14, 14]","[[0, 8], [8, 14], [14, 14], [14, 19]]",0.75
4094,"[8, 14, 14]","[[0, 8], [8, 14], [14, 14], [14, 19]]",0.5
4095,"[8, 14, 14]","[[0, 8], [8, 14], [14, 14], [14, 19]]",0.25
4096,"[8, 14, 15]","[[0, 8], [8, 14], [14, 15], [15, 19]]",1.0
4097,"[8, 14, 15]","[[0, 8], [8, 14], [14, 15], [15, 19]]",0.75
4098,"[8, 14, 15]","[[0, 8], [8, 14], [14, 15], [15, 19]]",0.5
4099,"[8, 14, 15]","[[0, 8], [8, 14], [14, 15], [15, 19]]",0.25
4100,"[8, 14, 16]","[[0, 8], [8, 14], [14, 16], [16, 19]]",1.0
4101,"[8, 14, 16]","[[0, 8], [8, 14], [14, 16], [16, 19]]",0.75
4102,"[8, 14, 16]","[[0, 8], [8, 14], [14, 16], [16, 19]]",0.5
4103,"[8, 14, 16]","[[0, 8], [8, 14], [14, 16], [16, 19]]",0.25
4104,"[8, 14, 17]","[[0, 8], [8, 14], [14, 17], [17, 19]]",1.0
4105,"[8, 14, 17]","[[0, 8], [8, 14], [14, 17], [17, 19]]",0.75
4106,"[8, 14, 17]","[[0, 8], [8, 14], [14, 17], [17, 19]]",0.5
4107,"[8, 14, 17]","[[0, 8], [8, 14], [14, 17], [17, 19]]",0.25
4108,"[8, 14, 18]","[[0, 8], [8, 14], [14, 18], [18, 19]]",1.0
4109,"[8, 14, 18]","[[0, 8], [8, 14], [14, 18], [18, 19]]",0.75
4110,"[8, 14, 18]","[[0, 8], [8, 14], [14, 18], [18, 19]]",0.5
4111,"[8, 14, 18]","[[0, 8], [8, 14], [14, 18], [18, 19]]",0.25
4112,"[8, 14, 19]","[[0, 8], [8, 14], [14, 19], [19, 19]]",1.0
4113,"[8, 14, 19]","[[0, 8], [8, 14], [14, 19], [19, 19]]",0.75
4114,"[8, 14, 19]","[[0, 8], [8, 14], [14, 19], [19, 19]]",0.5
4115,"[8, 14, 19]","[[0, 8], [8, 14], [14, 19], [19, 19]]",0.25
4116,"[8, 15, 15]","[[0, 8], [8, 15], [15, 15], [15, 19]]",1.0
4117,"[8, 15, 15]","[[0, 8], [8, 15], [15, 15], [15, 19]]",0.75
4118,"[8, 15, 15]","[[0, 8], [8, 15], [15, 15], [15, 19]]",0.5
4119,"[8, 15, 15]","[[0, 8], [8, 15], [15, 15], [15, 19]]",0.25
4120,"[8, 15, 16]","[[0, 8], [8, 15], [15, 16], [16, 19]]",1.0
4121,"[8, 15, 16]","[[0, 8], [8, 15], [15, 16], [16, 19]]",0.75
4122,"[8, 15, 16]","[[0, 8], [8, 15], [15, 16], [16, 19]]",0.5
4123,"[8, 15, 16]","[[0, 8], [8, 15], [15, 16], [16, 19]]",0.25
4124,"[8, 15, 17]","[[0, 8], [8, 15], [15, 17], [17, 19]]",1.0
4125,"[8, 15, 17]","[[0, 8], [8, 15], [15, 17], [17, 19]]",0.75
4126,"[8, 15, 17]","[[0, 8], [8, 15], [15, 17], [17, 19]]",0.5
4127,"[8, 15, 17]","[[0, 8], [8, 15], [15, 17], [17, 19]]",0.25
4128,"[8, 15, 18]","[[0, 8], [8, 15], [15, 18], [18, 19]]",1.0
4129,"[8, 15, 18]","[[0, 8], [8, 15], [15, 18], [18, 19]]",0.75
4130,"[8, 15, 18]","[[0, 8], [8, 15], [15, 18], [18, 19]]",0.5
4131,"[8, 15, 18]","[[0, 8], [8, 15], [15, 18], [18, 19]]",0.25
4132,"[8, 15, 19]","[[0, 8], [8, 15], [15, 19], [19, 19]]",1.0
4133,"[8, 15, 19]","[[0, 8], [8, 15], [15, 19], [19, 19]]",0.75
4134,"[8, 15, 19]","[[0, 8], [8, 15], [15, 19], [19, 19]]",0.5
4135,"[8, 15, 19]","[[0, 8], [8, 15], [15, 19], [19, 19]]",0.25
4136,"[8, 16, 16]","[[0, 8], [8, 16], [16, 16], [16, 19]]",1.0
4137,"[8, 16, 16]","[[0, 8], [8, 16], [16, 16], [16, 19]]",0.75
4138,"[8, 16, 16]","[[0, 8], [8, 16], [16, 16], [16, 19]]",0.5
4139,"[8, 16, 16]","[[0, 8], [8, 16], [16, 16], [16, 19]]",0.25
4140,"[8, 16, 17]","[[0, 8], [8, 16], [16, 17], [17, 19]]",1.0
4141,"[8, 16, 17]","[[0, 8], [8, 16], [16, 17], [17, 19]]",0.75
4142,"[8, 16, 17]","[[0, 8], [8, 16], [16, 17], [17, 19]]",0.5
4143,"[8, 16, 17]","[[0, 8], [8, 16], [16, 17], [17, 19]]",0.25
4144,"[8, 16, 18]","[[0, 8], [8, 16], [16, 18], [18, 19]]",1.0
4145,"[8, 16, 18]","[[0, 8], [8, 16], [16, 18], [18, 19]]",0.75
4146,"[8, 16, 18]","[[0, 8], [8, 16], [16, 18], [18, 19]]",0.5
4147,"[8, 16, 18]","[[0, 8], [8, 16], [16, 18], [18, 19]]",0.25
4148,"[8, 16, 19]","[[0, 8], [8, 16], [16, 19], [19, 19]]",1.0
4149,"[8, 16, 19]","[[0, 8], [8, 16], [16, 19], [19, 19]]",0.75
4150,"[8, 16, 19]","[[0, 8], [8, 16], [16, 19], [19, 19]]",0.5
4151,"[8, 16, 19]","[[0, 8], [8, 16], [16, 19], [19, 19]]",0.25
4152,"[8, 17, 17]","[[0, 8], [8, 17], [17, 17], [17, 19]]",1.0
4153,"[8, 17, 17]","[[0, 8], [8, 17], [17, 17], [17, 19]]",0.75
4154,"[8, 17, 17]","[[0, 8], [8, 17], [17, 17], [17, 19]]",0.5
4155,"[8, 17, 17]","[[0, 8], [8, 17], [17, 17], [17, 19]]",0.25
4156,"[8, 17, 18]","[[0, 8], [8, 17], [17, 18], [18, 19]]",1.0
4157,"[8, 17, 18]","[[0, 8], [8, 17], [17, 18], [18, 19]]",0.75
4158,"[8, 17, 18]","[[0, 8], [8, 17], [17, 18], [18, 19]]",0.5
4159,"[8, 17, 18]","[[0, 8], [8, 17], [17, 18], [18, 19]]",0.25
4160,"[8, 17, 19]","[[0, 8], [8, 17], [17, 19], [19, 19]]",1.0
4161,"[8, 17, 19]","[[0, 8], [8, 17], [17, 19], [19, 19]]",0.75
4162,"[8, 17, 19]","[[0, 8], [8, 17], [17, 19], [19, 19]]",0.5
4163,"[8, 17, 19]","[[0, 8], [8, 17], [17, 19], [19, 19]]",0.25
4164,"[8, 18, 18]","[[0, 8], [8, 18], [18, 18], [18, 19]]",1.0
4165,"[8, 18, 18]","[[0, 8], [8, 18], [18, 18], [18, 19]]",0.75
4166,"[8, 18, 18]","[[0, 8], [8, 18], [18, 18], [18, 19]]",0.5
4167,"[8, 18, 18]","[[0, 8], [8, 18], [18, 18], [18, 19]]",0.25
4168,"[8, 18, 19]","[[0, 8], [8, 18], [18, 19], [19, 19]]",1.0
4169,"[8, 18, 19]","[[0, 8], [8, 18], [18, 19], [19, 19]]",0.75
4170,"[8, 18, 19]","[[0, 8], [8, 18], [18, 19], [19, 19]]",0.5
4171,"[8, 18, 19]","[[0, 8], [8, 18], [18, 19], [19, 19]]",0.25
4172,"[8, 19, 19]","[[0, 8], [8, 19], [19, 19], [19, 19]]",1.0
4173,"[8, 19, 19]","[[0, 8], [8, 19], [19, 19], [19, 19]]",0.75
4174,"[8, 19, 19]","[[0, 8], [8, 19], [19, 19], [19, 19]]",0.5
4175,"[8, 19, 19]","[[0, 8], [8, 19], [19, 19], [19, 19]]",0.25
4176,"[9, 9, 9]","[[0, 9], [9, 9], [9, 9], [9, 19]]",1.0
4177,"[9, 9, 9]","[[0, 9], [9, 9], [9, 9], [9, 19]]",0.75
4178,"[9, 9, 9]","[[0, 9], [9, 9], [9, 9], [9, 19]]",0.5
4179,"[9, 9, 9]","[[0, 9], [9, 9], [9, 9], [9, 19]]",0.25
4180,"[9, 9, 10]","[[0, 9], [9, 9], [9, 10], [10, 19]]",1.0
4181,"[9, 9, 10]","[[0, 9], [9, 9], [9, 10], [10, 19]]",0.75
4182,"[9, 9, 10]","[[0, 9], [9, 9], [9, 10], [10, 19]]",0.5
4183,"[9, 9, 10]","[[0, 9], [9, 9], [9, 10], [10, 19]]",0.25
4184,"[9, 9, 11]","[[0, 9], [9, 9], [9, 11], [11, 19]]",1.0
4185,"[9, 9, 11]","[[0, 9], [9, 9], [9, 11], [11, 19]]",0.75
4186,"[9, 9, 11]","[[0, 9], [9, 9], [9, 11], [11, 19]]",0.5
4187,"[9, 9, 11]","[[0, 9], [9, 9], [9, 11], [11, 19]]",0.25
4188,"[9, 9, 12]","[[0, 9], [9, 9], [9, 12], [12, 19]]",1.0
4189,"[9, 9, 12]","[[0, 9], [9, 9], [9, 12], [12, 19]]",0.75
4190,"[9, 9, 12]","[[0, 9], [9, 9], [9, 12], [12, 19]]",0.5
4191,"[9, 9, 12]","[[0, 9], [9, 9], [9, 12], [12, 19]]",0.25
4192,"[9, 9, 13]","[[0, 9], [9, 9], [9, 13], [13, 19]]",1.0
4193,"[9, 9, 13]","[[0, 9], [9, 9], [9, 13], [13, 19]]",0.75
4194,"[9, 9, 13]","[[0, 9], [9, 9], [9, 13], [13, 19]]",0.5
4195,"[9, 9, 13]","[[0, 9], [9, 9], [9, 13], [13, 19]]",0.25
4196,"[9, 9, 14]","[[0, 9], [9, 9], [9, 14], [14, 19]]",1.0
4197,"[9, 9, 14]","[[0, 9], [9, 9], [9, 14], [14, 19]]",0.75
4198,"[9, 9, 14]","[[0, 9], [9, 9], [9, 14], [14, 19]]",0.5
4199,"[9, 9, 14]","[[0, 9], [9, 9], [9, 14], [14, 19]]",0.25
4200,"[9, 9, 15]","[[0, 9], [9, 9], [9, 15], [15, 19]]",1.0
4201,"[9, 9, 15]","[[0, 9], [9, 9], [9, 15], [15, 19]]",0.75
4202,"[9, 9, 15]","[[0, 9], [9, 9], [9, 15], [15, 19]]",0.5
4203,"[9, 9, 15]","[[0, 9], [9, 9], [9, 15], [15, 19]]",0.25
4204,"[9, 9, 16]","[[0, 9], [9, 9], [9, 16], [16, 19]]",1.0
4205,"[9, 9, 16]","[[0, 9], [9, 9], [9, 16], [16, 19]]",0.75
4206,"[9, 9, 16]","[[0, 9], [9, 9], [9, 16], [16, 19]]",0.5
4207,"[9, 9, 16]","[[0, 9], [9, 9], [9, 16], [16, 19]]",0.25
4208,"[9, 9, 17]","[[0, 9], [9, 9], [9, 17], [17, 19]]",1.0
4209,"[9, 9, 17]","[[0, 9], [9, 9], [9, 17], [17, 19]]",0.75
4210,"[9, 9, 17]","[[0, 9], [9, 9], [9, 17], [17, 19]]",0.5
4211,"[9, 9, 17]","[[0, 9], [9, 9], [9, 17], [17, 19]]",0.25
4212,"[9, 9, 18]","[[0, 9], [9, 9], [9, 18], [18, 19]]",1.0
4213,"[9, 9, 18]","[[0, 9], [9, 9], [9, 18], [18, 19]]",0.75
4214,"[9, 9, 18]","[[0, 9], [9, 9], [9, 18], [18, 19]]",0.5
4215,"[9, 9, 18]","[[0, 9], [9, 9], [9, 18], [18, 19]]",0.25
4216,"[9, 9, 19]","[[0, 9], [9, 9], [9, 19], [19, 19]]",1.0
4217,"[9, 9, 19]","[[0, 9], [9, 9], [9, 19], [19, 19]]",0.75
4218,"[9, 9, 19]","[[0, 9], [9, 9], [9, 19], [19, 19]]",0.5
4219,"[9, 9, 19]","[[0, 9], [9, 9], [9, 19], [19, 19]]",0.25
4220,"[9, 10, 10]","[[0, 9], [9, 10], [10, 10], [10, 19]]",1.0
4221,"[9, 10, 10]","[[0, 9], [9, 10], [10, 10], [10, 19]]",0.75
4222,"[9, 10, 10]","[[0, 9], [9, 10], [10, 10], [10, 19]]",0.5
4223,"[9, 10, 10]","[[0, 9], [9, 10], [10, 10], [10, 19]]",0.25
4224,"[9, 10, 11]","[[0, 9], [9, 10], [10, 11], [11, 19]]",1.0
4225,"[9, 10, 11]","[[0, 9], [9, 10], [10, 11], [11, 19]]",0.75
4226,"[9, 10, 11]","[[0, 9], [9, 10], [10, 11], [11, 19]]",0.5
4227,"[9, 10, 11]","[[0, 9], [9, 10], [10, 11], [11, 19]]",0.25
4228,"[9, 10, 12]","[[0, 9], [9, 10], [10, 12], [12, 19]]",1.0
4229,"[9, 10, 12]","[[0, 9], [9, 10], [10, 12], [12, 19]]",0.75
4230,"[9, 10, 12]","[[0, 9], [9, 10], [10, 12], [12, 19]]",0.5
4231,"[9, 10, 12]","[[0, 9], [9, 10], [10, 12], [12, 19]]",0.25
4232,"[9, 10, 13]","[[0, 9], [9, 10], [10, 13], [13, 19]]",1.0
4233,"[9, 10, 13]","[[0, 9], [9, 10], [10, 13], [13, 19]]",0.75
4234,"[9, 10, 13]","[[0, 9], [9, 10], [10, 13], [13, 19]]",0.5
4235,"[9, 10, 13]","[[0, 9], [9, 10], [10, 13], [13, 19]]",0.25
4236,"[9, 10, 14]","[[0, 9], [9, 10], [10, 14], [14, 19]]",1.0
4237,"[9, 10, 14]","[[0, 9], [9, 10], [10, 14], [14, 19]]",0.75
4238,"[9, 10, 14]","[[0, 9], [9, 10], [10, 14], [14, 19]]",0.5
4239,"[9, 10, 14]","[[0, 9], [9, 10], [10, 14], [14, 19]]",0.25
4240,"[9, 10, 15]","[[0, 9], [9, 10], [10, 15], [15, 19]]",1.0
4241,"[9, 10, 15]","[[0, 9], [9, 10], [10, 15], [15, 19]]",0.75
4242,"[9, 10, 15]","[[0, 9], [9, 10], [10, 15], [15, 19]]",0.5
4243,"[9, 10, 15]","[[0, 9], [9, 10], [10, 15], [15, 19]]",0.25
4244,"[9, 10, 16]","[[0, 9], [9, 10], [10, 16], [16, 19]]",1.0
4245,"[9, 10, 16]","[[0, 9], [9, 10], [10, 16], [16, 19]]",0.75
4246,"[9, 10, 16]","[[0, 9], [9, 10], [10, 16], [16, 19]]",0.5
4247,"[9, 10, 16]","[[0, 9], [9, 10], [10, 16], [16, 19]]",0.25
4248,"[9, 10, 17]","[[0, 9], [9, 10], [10, 17], [17, 19]]",1.0
4249,"[9, 10, 17]","[[0, 9], [9, 10], [10, 17], [17, 19]]",0.75
4250,"[9, 10, 17]","[[0, 9], [9, 10], [10, 17], [17, 19]]",0.5
4251,"[9, 10, 17]","[[0, 9], [9, 10], [10, 17], [17, 19]]",0.25
4252,"[9, 10, 18]","[[0, 9], [9, 10], [10, 18], [18, 19]]",1.0
4253,"[9, 10, 18]","[[0, 9], [9, 10], [10, 18], [18, 19]]",0.75
4254,"[9, 10, 18]","[[0, 9], [9, 10], [10, 18], [18, 19]]",0.5
4255,"[9, 10, 18]","[[0, 9], [9, 10], [10, 18], [18, 19]]",0.25
4256,"[9, 10, 19]","[[0, 9], [9, 10], [10, 19], [19, 19]]",1.0
4257,"[9, 10, 19]","[[0, 9], [9, 10], [10, 19], [19, 19]]",0.75
4258,"[9, 10, 19]","[[0, 9], [9, 10], [10, 19], [19, 19]]",0.5
4259,"[9, 10, 19]","[[0, 9], [9, 10], [10, 19], [19, 19]]",0.25
4260,"[9, 11, 11]","[[0, 9], [9, 11], [11, 11], [11, 19]]",1.0
4261,"[9, 11, 11]","[[0, 9], [9, 11], [11, 11], [11, 19]]",0.75
4262,"[9, 11, 11]","[[0, 9], [9, 11], [11, 11], [11, 19]]",0.5
4263,"[9, 11, 11]","[[0, 9], [9, 11], [11, 11], [11, 19]]",0.25
4264,"[9, 11, 12]","[[0, 9], [9, 11], [11, 12], [12, 19]]",1.0
4265,"[9, 11, 12]","[[0, 9], [9, 11], [11, 12], [12, 19]]",0.75
4266,"[9, 11, 12]","[[0, 9], [9, 11], [11, 12], [12, 19]]",0.5
4267,"[9, 11, 12]","[[0, 9], [9, 11], [11, 12], [12, 19]]",0.25
4268,"[9, 11, 13]","[[0, 9], [9, 11], [11, 13], [13, 19]]",1.0
4269,"[9, 11, 13]","[[0, 9], [9, 11], [11, 13], [13, 19]]",0.75
4270,"[9, 11, 13]","[[0, 9], [9, 11], [11, 13], [13, 19]]",0.5
4271,"[9, 11, 13]","[[0, 9], [9, 11], [11, 13], [13, 19]]",0.25
4272,"[9, 11, 14]","[[0, 9], [9, 11], [11, 14], [14, 19]]",1.0
4273,"[9, 11, 14]","[[0, 9], [9, 11], [11, 14], [14, 19]]",0.75
4274,"[9, 11, 14]","[[0, 9], [9, 11], [11, 14], [14, 19]]",0.5
4275,"[9, 11, 14]","[[0, 9], [9, 11], [11, 14], [14, 19]]",0.25
4276,"[9, 11, 15]","[[0, 9], [9, 11], [11, 15], [15, 19]]",1.0
4277,"[9, 11, 15]","[[0, 9], [9, 11], [11, 15], [15, 19]]",0.75
4278,"[9, 11, 15]","[[0, 9], [9, 11], [11, 15], [15, 19]]",0.5
4279,"[9, 11, 15]","[[0, 9], [9, 11], [11, 15], [15, 19]]",0.25
4280,"[9, 11, 16]","[[0, 9], [9, 11], [11, 16], [16, 19]]",1.0
4281,"[9, 11, 16]","[[0, 9], [9, 11], [11, 16], [16, 19]]",0.75
4282,"[9, 11, 16]","[[0, 9], [9, 11], [11, 16], [16, 19]]",0.5
4283,"[9, 11, 16]","[[0, 9], [9, 11], [11, 16], [16, 19]]",0.25
4284,"[9, 11, 17]","[[0, 9], [9, 11], [11, 17], [17, 19]]",1.0
4285,"[9, 11, 17]","[[0, 9], [9, 11], [11, 17], [17, 19]]",0.75
4286,"[9, 11, 17]","[[0, 9], [9, 11], [11, 17], [17, 19]]",0.5
4287,"[9, 11, 17]","[[0, 9], [9, 11], [11, 17], [17, 19]]",0.25
4288,"[9, 11, 18]","[[0, 9], [9, 11], [11, 18], [18, 19]]",1.0
4289,"[9, 11, 18]","[[0, 9], [9, 11], [11, 18], [18, 19]]",0.75
4290,"[9, 11, 18]","[[0, 9], [9, 11], [11, 18], [18, 19]]",0.5
4291,"[9, 11, 18]","[[0, 9], [9, 11], [11, 18], [18, 19]]",0.25
4292,"[9, 11, 19]","[[0, 9], [9, 11], [11, 19], [19, 19]]",1.0
4293,"[9, 11, 19]","[[0, 9], [9, 11], [11, 19], [19, 19]]",0.75
4294,"[9, 11, 19]","[[0, 9], [9, 11], [11, 19], [19, 19]]",0.5
4295,"[9, 11, 19]","[[0, 9], [9, 11], [11, 19], [19, 19]]",0.25
4296,"[9, 12, 12]","[[0, 9], [9, 12], [12, 12], [12, 19]]",1.0
4297,"[9, 12, 12]","[[0, 9], [9, 12], [12, 12], [12, 19]]",0.75
4298,"[9, 12, 12]","[[0, 9], [9, 12], [12, 12], [12, 19]]",0.5
4299,"[9, 12, 12]","[[0, 9], [9, 12], [12, 12], [12, 19]]",0.25
4300,"[9, 12, 13]","[[0, 9], [9, 12], [12, 13], [13, 19]]",1.0
4301,"[9, 12, 13]","[[0, 9], [9, 12], [12, 13], [13, 19]]",0.75
4302,"[9, 12, 13]","[[0, 9], [9, 12], [12, 13], [13, 19]]",0.5
4303,"[9, 12, 13]","[[0, 9], [9, 12], [12, 13], [13, 19]]",0.25
4304,"[9, 12, 14]","[[0, 9], [9, 12], [12, 14], [14, 19]]",1.0
4305,"[9, 12, 14]","[[0, 9], [9, 12], [12, 14], [14, 19]]",0.75
4306,"[9, 12, 14]","[[0, 9], [9, 12], [12, 14], [14, 19]]",0.5
4307,"[9, 12, 14]","[[0, 9], [9, 12], [12, 14], [14, 19]]",0.25
4308,"[9, 12, 15]","[[0, 9], [9, 12], [12, 15], [15, 19]]",1.0
4309,"[9, 12, 15]","[[0, 9], [9, 12], [12, 15], [15, 19]]",0.75
4310,"[9, 12, 15]","[[0, 9], [9, 12], [12, 15], [15, 19]]",0.5
4311,"[9, 12, 15]","[[0, 9], [9, 12], [12, 15], [15, 19]]",0.25
4312,"[9, 12, 16]","[[0, 9], [9, 12], [12, 16], [16, 19]]",1.0
4313,"[9, 12, 16]","[[0, 9], [9, 12], [12, 16], [16, 19]]",0.75
4314,"[9, 12, 16]","[[0, 9], [9, 12], [12, 16], [16, 19]]",0.5
4315,"[9, 12, 16]","[[0, 9], [9, 12], [12, 16], [16, 19]]",0.25
4316,"[9, 12, 17]","[[0, 9], [9, 12], [12, 17], [17, 19]]",1.0
4317,"[9, 12, 17]","[[0, 9], [9, 12], [12, 17], [17, 19]]",0.75
4318,"[9, 12, 17]","[[0, 9], [9, 12], [12, 17], [17, 19]]",0.5
4319,"[9, 12, 17]","[[0, 9], [9, 12], [12, 17], [17, 19]]",0.25
4320,"[9, 12, 18]","[[0, 9], [9, 12], [12, 18], [18, 19]]",1.0
4321,"[9, 12, 18]","[[0, 9], [9, 12], [12, 18], [18, 19]]",0.75
4322,"[9, 12, 18]","[[0, 9], [9, 12], [12, 18], [18, 19]]",0.5
4323,"[9, 12, 18]","[[0, 9], [9, 12], [12, 18], [18, 19]]",0.25
4324,"[9, 12, 19]","[[0, 9], [9, 12], [12, 19], [19, 19]]",1.0
4325,"[9, 12, 19]","[[0, 9], [9, 12], [12, 19], [19, 19]]",0.75
4326,"[9, 12, 19]","[[0, 9], [9, 12], [12, 19], [19, 19]]",0.5
4327,"[9, 12, 19]","[[0, 9], [9, 12], [12, 19], [19, 19]]",0.25
4328,"[9, 13, 13]","[[0, 9], [9, 13], [13, 13], [13, 19]]",1.0
4329,"[9, 13, 13]","[[0, 9], [9, 13], [13, 13], [13, 19]]",0.75
4330,"[9, 13, 13]","[[0, 9], [9, 13], [13, 13], [13, 19]]",0.5
4331,"[9, 13, 13]","[[0, 9], [9, 13], [13, 13], [13, 19]]",0.25
4332,"[9, 13, 14]","[[0, 9], [9, 13], [13, 14], [14, 19]]",1.0
4333,"[9, 13, 14]","[[0, 9], [9, 13], [13, 14], [14, 19]]",0.75
4334,"[9, 13, 14]","[[0, 9], [9, 13], [13, 14], [14, 19]]",0.5
4335,"[9, 13, 14]","[[0, 9], [9, 13], [13, 14], [14, 19]]",0.25
4336,"[9, 13, 15]","[[0, 9], [9, 13], [13, 15], [15, 19]]",1.0
4337,"[9, 13, 15]","[[0, 9], [9, 13], [13, 15], [15, 19]]",0.75
4338,"[9, 13, 15]","[[0, 9], [9, 13], [13, 15], [15, 19]]",0.5
4339,"[9, 13, 15]","[[0, 9], [9, 13], [13, 15], [15, 19]]",0.25
4340,"[9, 13, 16]","[[0, 9], [9, 13], [13, 16], [16, 19]]",1.0
4341,"[9, 13, 16]","[[0, 9], [9, 13], [13, 16], [16, 19]]",0.75
4342,"[9, 13, 16]","[[0, 9], [9, 13], [13, 16], [16, 19]]",0.5
4343,"[9, 13, 16]","[[0, 9], [9, 13], [13, 16], [16, 19]]",0.25
4344,"[9, 13, 17]","[[0, 9], [9, 13], [13, 17], [17, 19]]",1.0
4345,"[9, 13, 17]","[[0, 9], [9, 13], [13, 17], [17, 19]]",0.75
4346,"[9, 13, 17]","[[0, 9], [9, 13], [13, 17], [17, 19]]",0.5
4347,"[9, 13, 17]","[[0, 9], [9, 13], [13, 17], [17, 19]]",0.25
4348,"[9, 13, 18]","[[0, 9], [9, 13], [13, 18], [18, 19]]",1.0
4349,"[9, 13, 18]","[[0, 9], [9, 13], [13, 18], [18, 19]]",0.75
4350,"[9, 13, 18]","[[0, 9], [9, 13], [13, 18], [18, 19]]",0.5
4351,"[9, 13, 18]","[[0, 9], [9, 13], [13, 18], [18, 19]]",0.25
4352,"[9, 13, 19]","[[0, 9], [9, 13], [13, 19], [19, 19]]",1.0
4353,"[9, 13, 19]","[[0, 9], [9, 13], [13, 19], [19, 19]]",0.75
4354,"[9, 13, 19]","[[0, 9], [9, 13], [13, 19], [19, 19]]",0.5
4355,"[9, 13, 19]","[[0, 9], [9, 13], [13, 19], [19, 19]]",0.25
4356,"[9, 14, 14]","[[0, 9], [9, 14], [14, 14], [14, 19]]",1.0
4357,"[9, 14, 14]","[[0, 9], [9, 14], [14, 14], [14, 19]]",0.75
4358,"[9, 14, 14]","[[0, 9], [9, 14], [14, 14], [14, 19]]",0.5
4359,"[9, 14, 14]","[[0, 9], [9, 14], [14, 14], [14, 19]]",0.25
4360,"[9, 14, 15]","[[0, 9], [9, 14], [14, 15], [15, 19]]",1.0
4361,"[9, 14, 15]","[[0, 9], [9, 14], [14, 15], [15, 19]]",0.75
4362,"[9, 14, 15]","[[0, 9], [9, 14], [14, 15], [15, 19]]",0.5
4363,"[9, 14, 15]","[[0, 9], [9, 14], [14, 15], [15, 19]]",0.25
4364,"[9, 14, 16]","[[0, 9], [9, 14], [14, 16], [16, 19]]",1.0
4365,"[9, 14, 16]","[[0, 9], [9, 14], [14, 16], [16, 19]]",0.75
4366,"[9, 14, 16]","[[0, 9], [9, 14], [14, 16], [16, 19]]",0.5
4367,"[9, 14, 16]","[[0, 9], [9, 14], [14, 16], [16, 19]]",0.25
4368,"[9, 14, 17]","[[0, 9], [9, 14], [14, 17], [17, 19]]",1.0
4369,"[9, 14, 17]","[[0, 9], [9, 14], [14, 17], [17, 19]]",0.75
4370,"[9, 14, 17]","[[0, 9], [9, 14], [14, 17], [17, 19]]",0.5
4371,"[9, 14, 17]","[[0, 9], [9, 14], [14, 17], [17, 19]]",0.25
4372,"[9, 14, 18]","[[0, 9], [9, 14], [14, 18], [18, 19]]",1.0
4373,"[9, 14, 18]","[[0, 9], [9, 14], [14, 18], [18, 19]]",0.75
4374,"[9, 14, 18]","[[0, 9], [9, 14], [14, 18], [18, 19]]",0.5
4375,"[9, 14, 18]","[[0, 9], [9, 14], [14, 18], [18, 19]]",0.25
4376,"[9, 14, 19]","[[0, 9], [9, 14], [14, 19], [19, 19]]",1.0
4377,"[9, 14, 19]","[[0, 9], [9, 14], [14, 19], [19, 19]]",0.75
4378,"[9, 14, 19]","[[0, 9], [9, 14], [14, 19], [19, 19]]",0.5
4379,"[9, 14, 19]","[[0, 9], [9, 14], [14, 19], [19, 19]]",0.25
4380,"[9, 15, 15]","[[0, 9], [9, 15], [15, 15], [15, 19]]",1.0
4381,"[9, 15, 15]","[[0, 9], [9, 15], [15, 15], [15, 19]]",0.75
4382,"[9, 15, 15]","[[0, 9], [9, 15], [15, 15], [15, 19]]",0.5
4383,"[9, 15, 15]","[[0, 9], [9, 15], [15, 15], [15, 19]]",0.25
4384,"[9, 15, 16]","[[0, 9], [9, 15], [15, 16], [16, 19]]",1.0
4385,"[9, 15, 16]","[[0, 9], [9, 15], [15, 16], [16, 19]]",0.75
4386,"[9, 15, 16]","[[0, 9], [9, 15], [15, 16], [16, 19]]",0.5
4387,"[9, 15, 16]","[[0, 9], [9, 15], [15, 16], [16, 19]]",0.25
4388,"[9, 15, 17]","[[0, 9], [9, 15], [15, 17], [17, 19]]",1.0
4389,"[9, 15, 17]","[[0, 9], [9, 15], [15, 17], [17, 19]]",0.75
4390,"[9, 15, 17]","[[0, 9], [9, 15], [15, 17], [17, 19]]",0.5
4391,"[9, 15, 17]","[[0, 9], [9, 15], [15, 17], [17, 19]]",0.25
4392,"[9, 15, 18]","[[0, 9], [9, 15], [15, 18], [18, 19]]",1.0
4393,"[9, 15, 18]","[[0, 9], [9, 15], [15, 18], [18, 19]]",0.75
4394,"[9, 15, 18]","[[0, 9], [9, 15], [15, 18], [18, 19]]",0.5
4395,"[9, 15, 18]","[[0, 9], [9, 15], [15, 18], [18, 19]]",0.25
4396,"[9, 15, 19]","[[0, 9], [9, 15], [15, 19], [19, 19]]",1.0
4397,"[9, 15, 19]","[[0, 9], [9, 15], [15, 19], [19, 19]]",0.75
4398,"[9, 15, 19]","[[0, 9], [9, 15], [15, 19], [19, 19]]",0.5
4399,"[9, 15, 19]","[[0, 9], [9, 15], [15, 19], [19, 19]]",0.25
4400,"[9, 16, 16]","[[0, 9], [9, 16], [16, 16], [16, 19]]",1.0
4401,"[9, 16, 16]","[[0, 9], [9, 16], [16, 16], [16, 19]]",0.75
4402,"[9, 16, 16]","[[0, 9], [9, 16], [16, 16], [16, 19]]",0.5
4403,"[9, 16, 16]","[[0, 9], [9, 16], [16, 16], [16, 19]]",0.25
4404,"[9, 16, 17]","[[0, 9], [9, 16], [16, 17], [17, 19]]",1.0
4405,"[9, 16, 17]","[[0, 9], [9, 16], [16, 17], [17, 19]]",0.75
4406,"[9, 16, 17]","[[0, 9], [9, 16], [16, 17], [17, 19]]",0.5
4407,"[9, 16, 17]","[[0, 9], [9, 16], [16, 17], [17, 19]]",0.25
4408,"[9, 16, 18]","[[0, 9], [9, 16], [16, 18], [18, 19]]",1.0
4409,"[9, 16, 18]","[[0, 9], [9, 16], [16, 18], [18, 19]]",0.75
4410,"[9, 16, 18]","[[0, 9], [9, 16], [16, 18], [18, 19]]",0.5
4411,"[9, 16, 18]","[[0, 9], [9, 16], [16, 18], [18, 19]]",0.25
4412,"[9, 16, 19]","[[0, 9], [9, 16], [16, 19], [19, 19]]",1.0
4413,"[9, 16, 19]","[[0, 9], [9, 16], [16, 19], [19, 19]]",0.75
4414,"[9, 16, 19]","[[0, 9], [9, 16], [16, 19], [19, 19]]",0.5
4415,"[9, 16, 19]","[[0, 9], [9, 16], [16, 19], [19, 19]]",0.25
4416,"[9, 17, 17]","[[0, 9], [9, 17], [17, 17], [17, 19]]",1.0
4417,"[9, 17, 17]","[[0, 9], [9, 17], [17, 17], [17, 19]]",0.75
4418,"[9, 17, 17]","[[0, 9], [9, 17], [17, 17], [17, 19]]",0.5
4419,"[9, 17, 17]","[[0, 9], [9, 17], [17, 17], [17, 19]]",0.25
4420,"[9, 17, 18]","[[0, 9], [9, 17], [17, 18], [18, 19]]",1.0
4421,"[9, 17, 18]","[[0, 9], [9, 17], [17, 18], [18, 19]]",0.75
4422,"[9, 17, 18]","[[0, 9], [9, 17], [17, 18], [18, 19]]",0.5
4423,"[9, 17, 18]","[[0, 9], [9, 17], [17, 18], [18, 19]]",0.25
4424,"[9, 17, 19]","[[0, 9], [9, 17], [17, 19], [19, 19]]",1.0
4425,"[9, 17, 19]","[[0, 9], [9, 17], [17, 19], [19, 19]]",0.75
4426,"[9, 17, 19]","[[0, 9], [9, 17], [17, 19], [19, 19]]",0.5
4427,"[9, 17, 19]","[[0, 9], [9, 17], [17, 19], [19, 19]]",0.25
4428,"[9, 18, 18]","[[0, 9], [9, 18], [18, 18], [18, 19]]",1.0
4429,"[9, 18, 18]","[[0, 9], [9, 18], [18, 18], [18, 19]]",0.75
4430,"[9, 18, 18]","[[0, 9], [9, 18], [18, 18], [18, 19]]",0.5
4431,"[9, 18, 18]","[[0, 9], [9, 18], [18, 18], [18, 19]]",0.25
4432,"[9, 18, 19]","[[0, 9], [9, 18], [18, 19], [19, 19]]",1.0
4433,"[9, 18, 19]","[[0, 9], [9, 18], [18, 19], [19, 19]]",0.75
4434,"[9, 18, 19]","[[0, 9], [9, 18], [18, 19], [19, 19]]",0.5
4435,"[9, 18, 19]","[[0, 9], [9, 18], [18, 19], [19, 19]]",0.25
4436,"[9, 19, 19]","[[0, 9], [9, 19], [19, 19], [19, 19]]",1.0
4437,"[9, 19, 19]","[[0, 9], [9, 19], [19, 19], [19, 19]]",0.75
4438,"[9, 19, 19]","[[0, 9], [9, 19], [19, 19], [19, 19]]",0.5
4439,"[9, 19, 19]","[[0, 9], [9, 19], [19, 19], [19, 19]]",0.25
4440,"[10, 10, 10]","[[0, 10], [10, 10], [10, 10], [10, 19]]",1.0
4441,"[10, 10, 10]","[[0, 10], [10, 10], [10, 10], [10, 19]]",0.75
4442,"[10, 10, 10]","[[0, 10], [10, 10], [10, 10], [10, 19]]",0.5
4443,"[10, 10, 10]","[[0, 10], [10, 10], [10, 10], [10, 19]]",0.25
4444,"[10, 10, 11]","[[0, 10], [10, 10], [10, 11], [11, 19]]",1.0
4445,"[10, 10, 11]","[[0, 10], [10, 10], [10, 11], [11, 19]]",0.75
4446,"[10, 10, 11]","[[0, 10], [10, 10], [10, 11], [11, 19]]",0.5
4447,"[10, 10, 11]","[[0, 10], [10, 10], [10, 11], [11, 19]]",0.25
4448,"[10, 10, 12]","[[0, 10], [10, 10], [10, 12], [12, 19]]",1.0
4449,"[10, 10, 12]","[[0, 10], [10, 10], [10, 12], [12, 19]]",0.75
4450,"[10, 10, 12]","[[0, 10], [10, 10], [10, 12], [12, 19]]",0.5
4451,"[10, 10, 12]","[[0, 10], [10, 10], [10, 12], [12, 19]]",0.25
4452,"[10, 10, 13]","[[0, 10], [10, 10], [10, 13], [13, 19]]",1.0
4453,"[10, 10, 13]","[[0, 10], [10, 10], [10, 13], [13, 19]]",0.75
4454,"[10, 10, 13]","[[0, 10], [10, 10], [10, 13], [13, 19]]",0.5
4455,"[10, 10, 13]","[[0, 10], [10, 10], [10, 13], [13, 19]]",0.25
4456,"[10, 10, 14]","[[0, 10], [10, 10], [10, 14], [14, 19]]",1.0
4457,"[10, 10, 14]","[[0, 10], [10, 10], [10, 14], [14, 19]]",0.75
4458,"[10, 10, 14]","[[0, 10], [10, 10], [10, 14], [14, 19]]",0.5
4459,"[10, 10, 14]","[[0, 10], [10, 10], [10, 14], [14, 19]]",0.25
4460,"[10, 10, 15]","[[0, 10], [10, 10], [10, 15], [15, 19]]",1.0
4461,"[10, 10, 15]","[[0, 10], [10, 10], [10, 15], [15, 19]]",0.75
4462,"[10, 10, 15]","[[0, 10], [10, 10], [10, 15], [15, 19]]",0.5
4463,"[10, 10, 15]","[[0, 10], [10, 10], [10, 15], [15, 19]]",0.25
4464,"[10, 10, 16]","[[0, 10], [10, 10], [10, 16], [16, 19]]",1.0
4465,"[10, 10, 16]","[[0, 10], [10, 10], [10, 16], [16, 19]]",0.75
4466,"[10, 10, 16]","[[0, 10], [10, 10], [10, 16], [16, 19]]",0.5
4467,"[10, 10, 16]","[[0, 10], [10, 10], [10, 16], [16, 19]]",0.25
4468,"[10, 10, 17]","[[0, 10], [10, 10], [10, 17], [17, 19]]",1.0
4469,"[10, 10, 17]","[[0, 10], [10, 10], [10, 17], [17, 19]]",0.75
4470,"[10, 10, 17]","[[0, 10], [10, 10], [10, 17], [17, 19]]",0.5
4471,"[10, 10, 17]","[[0, 10], [10, 10], [10, 17], [17, 19]]",0.25
4472,"[10, 10, 18]","[[0, 10], [10, 10], [10, 18], [18, 19]]",1.0
4473,"[10, 10, 18]","[[0, 10], [10, 10], [10, 18], [18, 19]]",0.75
4474,"[10, 10, 18]","[[0, 10], [10, 10], [10, 18], [18, 19]]",0.5
4475,"[10, 10, 18]","[[0, 10], [10, 10], [10, 18], [18, 19]]",0.25
4476,"[10, 10, 19]","[[0, 10], [10, 10], [10, 19], [19, 19]]",1.0
4477,"[10, 10, 19]","[[0, 10], [10, 10], [10, 19], [19, 19]]",0.75
4478,"[10, 10, 19]","[[0, 10], [10, 10], [10, 19], [19, 19]]",0.5
4479,"[10, 10, 19]","[[0, 10], [10, 10], [10, 19], [19, 19]]",0.25
4480,"[10, 11, 11]","[[0, 10], [10, 11], [11, 11], [11, 19]]",1.0
4481,"[10, 11, 11]","[[0, 10], [10, 11], [11, 11], [11, 19]]",0.75
4482,"[10, 11, 11]","[[0, 10], [10, 11], [11, 11], [11, 19]]",0.5
4483,"[10, 11, 11]","[[0, 10], [10, 11], [11, 11], [11, 19]]",0.25
4484,"[10, 11, 12]","[[0, 10], [10, 11], [11, 12], [12, 19]]",1.0
4485,"[10, 11, 12]","[[0, 10], [10, 11], [11, 12], [12, 19]]",0.75
4486,"[10, 11, 12]","[[0, 10], [10, 11], [11, 12], [12, 19]]",0.5
4487,"[10, 11, 12]","[[0, 10], [10, 11], [11, 12], [12, 19]]",0.25
4488,"[10, 11, 13]","[[0, 10], [10, 11], [11, 13], [13, 19]]",1.0
4489,"[10, 11, 13]","[[0, 10], [10, 11], [11, 13], [13, 19]]",0.75
4490,"[10, 11, 13]","[[0, 10], [10, 11], [11, 13], [13, 19]]",0.5
4491,"[10, 11, 13]","[[0, 10], [10, 11], [11, 13], [13, 19]]",0.25
4492,"[10, 11, 14]","[[0, 10], [10, 11], [11, 14], [14, 19]]",1.0
4493,"[10, 11, 14]","[[0, 10], [10, 11], [11, 14], [14, 19]]",0.75
4494,"[10, 11, 14]","[[0, 10], [10, 11], [11, 14], [14, 19]]",0.5
4495,"[10, 11, 14]","[[0, 10], [10, 11], [11, 14], [14, 19]]",0.25
4496,"[10, 11, 15]","[[0, 10], [10, 11], [11, 15], [15, 19]]",1.0
4497,"[10, 11, 15]","[[0, 10], [10, 11], [11, 15], [15, 19]]",0.75
4498,"[10, 11, 15]","[[0, 10], [10, 11], [11, 15], [15, 19]]",0.5
4499,"[10, 11, 15]","[[0, 10], [10, 11], [11, 15], [15, 19]]",0.25
4500,"[10, 11, 16]","[[0, 10], [10, 11], [11, 16], [16, 19]]",1.0
4501,"[10, 11, 16]","[[0, 10], [10, 11], [11, 16], [16, 19]]",0.75
4502,"[10, 11, 16]","[[0, 10], [10, 11], [11, 16], [16, 19]]",0.5
4503,"[10, 11, 16]","[[0, 10], [10, 11], [11, 16], [16, 19]]",0.25
4504,"[10, 11, 17]","[[0, 10], [10, 11], [11, 17], [17, 19]]",1.0
4505,"[10, 11, 17]","[[0, 10], [10, 11], [11, 17], [17, 19]]",0.75
4506,"[10, 11, 17]","[[0, 10], [10, 11], [11, 17], [17, 19]]",0.5
4507,"[10, 11, 17]","[[0, 10], [10, 11], [11, 17], [17, 19]]",0.25
4508,"[10, 11, 18]","[[0, 10], [10, 11], [11, 18], [18, 19]]",1.0
4509,"[10, 11, 18]","[[0, 10], [10, 11], [11, 18], [18, 19]]",0.75
4510,"[10, 11, 18]","[[0, 10], [10, 11], [11, 18], [18, 19]]",0.5
4511,"[10, 11, 18]","[[0, 10], [10, 11], [11, 18], [18, 19]]",0.25
4512,"[10, 11, 19]","[[0, 10], [10, 11], [11, 19], [19, 19]]",1.0
4513,"[10, 11, 19]","[[0, 10], [10, 11], [11, 19], [19, 19]]",0.75
4514,"[10, 11, 19]","[[0, 10], [10, 11], [11, 19], [19, 19]]",0.5
4515,"[10, 11, 19]","[[0, 10], [10, 11], [11, 19], [19, 19]]",0.25
4516,"[10, 12, 12]","[[0, 10], [10, 12], [12, 12], [12, 19]]",1.0
4517,"[10, 12, 12]","[[0, 10], [10, 12], [12, 12], [12, 19]]",0.75
4518,"[10, 12, 12]","[[0, 10], [10, 12], [12, 12], [12, 19]]",0.5
4519,"[10, 12, 12]","[[0, 10], [10, 12], [12, 12], [12, 19]]",0.25
4520,"[10, 12, 13]","[[0, 10], [10, 12], [12, 13], [13, 19]]",1.0
4521,"[10, 12, 13]","[[0, 10], [10, 12], [12, 13], [13, 19]]",0.75
4522,"[10, 12, 13]","[[0, 10], [10, 12], [12, 13], [13, 19]]",0.5
4523,"[10, 12, 13]","[[0, 10], [10, 12], [12, 13], [13, 19]]",0.25
4524,"[10, 12, 14]","[[0, 10], [10, 12], [12, 14], [14, 19]]",1.0
4525,"[10, 12, 14]","[[0, 10], [10, 12], [12, 14], [14, 19]]",0.75
4526,"[10, 12, 14]","[[0, 10], [10, 12], [12, 14], [14, 19]]",0.5
4527,"[10, 12, 14]","[[0, 10], [10, 12], [12, 14], [14, 19]]",0.25
4528,"[10, 12, 15]","[[0, 10], [10, 12], [12, 15], [15, 19]]",1.0
4529,"[10, 12, 15]","[[0, 10], [10, 12], [12, 15], [15, 19]]",0.75
4530,"[10, 12, 15]","[[0, 10], [10, 12], [12, 15], [15, 19]]",0.5
4531,"[10, 12, 15]","[[0, 10], [10, 12], [12, 15], [15, 19]]",0.25
4532,"[10, 12, 16]","[[0, 10], [10, 12], [12, 16], [16, 19]]",1.0
4533,"[10, 12, 16]","[[0, 10], [10, 12], [12, 16], [16, 19]]",0.75
4534,"[10, 12, 16]","[[0, 10], [10, 12], [12, 16], [16, 19]]",0.5
4535,"[10, 12, 16]","[[0, 10], [10, 12], [12, 16], [16, 19]]",0.25
4536,"[10, 12, 17]","[[0, 10], [10, 12], [12, 17], [17, 19]]",1.0
4537,"[10, 12, 17]","[[0, 10], [10, 12], [12, 17], [17, 19]]",0.75
4538,"[10, 12, 17]","[[0, 10], [10, 12], [12, 17], [17, 19]]",0.5
4539,"[10, 12, 17]","[[0, 10], [10, 12], [12, 17], [17, 19]]",0.25
4540,"[10, 12, 18]","[[0, 10], [10, 12], [12, 18], [18, 19]]",1.0
4541,"[10, 12, 18]","[[0, 10], [10, 12], [12, 18], [18, 19]]",0.75
4542,"[10, 12, 18]","[[0, 10], [10, 12], [12, 18], [18, 19]]",0.5
4543,"[10, 12, 18]","[[0, 10], [10, 12], [12, 18], [18, 19]]",0.25
4544,"[10, 12, 19]","[[0, 10], [10, 12], [12, 19], [19, 19]]",1.0
4545,"[10, 12, 19]","[[0, 10], [10, 12], [12, 19], [19, 19]]",0.75
4546,"[10, 12, 19]","[[0, 10], [10, 12], [12, 19], [19, 19]]",0.5
4547,"[10, 12, 19]","[[0, 10], [10, 12], [12, 19], [19, 19]]",0.25
4548,"[10, 13, 13]","[[0, 10], [10, 13], [13, 13], [13, 19]]",1.0
4549,"[10, 13, 13]","[[0, 10], [10, 13], [13, 13], [13, 19]]",0.75
4550,"[10, 13, 13]","[[0, 10], [10, 13], [13, 13], [13, 19]]",0.5
4551,"[10, 13, 13]","[[0, 10], [10, 13], [13, 13], [13, 19]]",0.25
4552,"[10, 13, 14]","[[0, 10], [10, 13], [13, 14], [14, 19]]",1.0
4553,"[10, 13, 14]","[[0, 10], [10, 13], [13, 14], [14, 19]]",0.75
4554,"[10, 13, 14]","[[0, 10], [10, 13], [13, 14], [14, 19]]",0.5
4555,"[10, 13, 14]","[[0, 10], [10, 13], [13, 14], [14, 19]]",0.25
4556,"[10, 13, 15]","[[0, 10], [10, 13], [13, 15], [15, 19]]",1.0
4557,"[10, 13, 15]","[[0, 10], [10, 13], [13, 15], [15, 19]]",0.75
4558,"[10, 13, 15]","[[0, 10], [10, 13], [13, 15], [15, 19]]",0.5
4559,"[10, 13, 15]","[[0, 10], [10, 13], [13, 15], [15, 19]]",0.25
4560,"[10, 13, 16]","[[0, 10], [10, 13], [13, 16], [16, 19]]",1.0
4561,"[10, 13, 16]","[[0, 10], [10, 13], [13, 16], [16, 19]]",0.75
4562,"[10, 13, 16]","[[0, 10], [10, 13], [13, 16], [16, 19]]",0.5
4563,"[10, 13, 16]","[[0, 10], [10, 13], [13, 16], [16, 19]]",0.25
4564,"[10, 13, 17]","[[0, 10], [10, 13], [13, 17], [17, 19]]",1.0
4565,"[10, 13, 17]","[[0, 10], [10, 13], [13, 17], [17, 19]]",0.75
4566,"[10, 13, 17]","[[0, 10], [10, 13], [13, 17], [17, 19]]",0.5
4567,"[10, 13, 17]","[[0, 10], [10, 13], [13, 17], [17, 19]]",0.25
4568,"[10, 13, 18]","[[0, 10], [10, 13], [13, 18], [18, 19]]",1.0
4569,"[10, 13, 18]","[[0, 10], [10, 13], [13, 18], [18, 19]]",0.75
4570,"[10, 13, 18]","[[0, 10], [10, 13], [13, 18], [18, 19]]",0.5
4571,"[10, 13, 18]","[[0, 10], [10, 13], [13, 18], [18, 19]]",0.25
4572,"[10, 13, 19]","[[0, 10], [10, 13], [13, 19], [19, 19]]",1.0
4573,"[10, 13, 19]","[[0, 10], [10, 13], [13, 19], [19, 19]]",0.75
4574,"[10, 13, 19]","[[0, 10], [10, 13], [13, 19], [19, 19]]",0.5
4575,"[10, 13, 19]","[[0, 10], [10, 13], [13, 19], [19, 19]]",0.25
4576,"[10, 14, 14]","[[0, 10], [10, 14], [14, 14], [14, 19]]",1.0
4577,"[10, 14, 14]","[[0, 10], [10, 14], [14, 14], [14, 19]]",0.75
4578,"[10, 14, 14]","[[0, 10], [10, 14], [14, 14], [14, 19]]",0.5
4579,"[10, 14, 14]","[[0, 10], [10, 14], [14, 14], [14, 19]]",0.25
4580,"[10, 14, 15]","[[0, 10], [10, 14], [14, 15], [15, 19]]",1.0
4581,"[10, 14, 15]","[[0, 10], [10, 14], [14, 15], [15, 19]]",0.75
4582,"[10, 14, 15]","[[0, 10], [10, 14], [14, 15], [15, 19]]",0.5
4583,"[10, 14, 15]","[[0, 10], [10, 14], [14, 15], [15, 19]]",0.25
4584,"[10, 14, 16]","[[0, 10], [10, 14], [14, 16], [16, 19]]",1.0
4585,"[10, 14, 16]","[[0, 10], [10, 14], [14, 16], [16, 19]]",0.75
4586,"[10, 14, 16]","[[0, 10], [10, 14], [14, 16], [16, 19]]",0.5
4587,"[10, 14, 16]","[[0, 10], [10, 14], [14, 16], [16, 19]]",0.25
4588,"[10, 14, 17]","[[0, 10], [10, 14], [14, 17], [17, 19]]",1.0
4589,"[10, 14, 17]","[[0, 10], [10, 14], [14, 17], [17, 19]]",0.75
4590,"[10, 14, 17]","[[0, 10], [10, 14], [14, 17], [17, 19]]",0.5
4591,"[10, 14, 17]","[[0, 10], [10, 14], [14, 17], [17, 19]]",0.25
4592,"[10, 14, 18]","[[0, 10], [10, 14], [14, 18], [18, 19]]",1.0
4593,"[10, 14, 18]","[[0, 10], [10, 14], [14, 18], [18, 19]]",0.75
4594,"[10, 14, 18]","[[0, 10], [10, 14], [14, 18], [18, 19]]",0.5
4595,"[10, 14, 18]","[[0, 10], [10, 14], [14, 18], [18, 19]]",0.25
4596,"[10, 14, 19]","[[0, 10], [10, 14], [14, 19], [19, 19]]",1.0
4597,"[10, 14, 19]","[[0, 10], [10, 14], [14, 19], [19, 19]]",0.75
4598,"[10, 14, 19]","[[0, 10], [10, 14], [14, 19], [19, 19]]",0.5
4599,"[10, 14, 19]","[[0, 10], [10, 14], [14, 19], [19, 19]]",0.25
4600,"[10, 15, 15]","[[0, 10], [10, 15], [15, 15], [15, 19]]",1.0
4601,"[10, 15, 15]","[[0, 10], [10, 15], [15, 15], [15, 19]]",0.75
4602,"[10, 15, 15]","[[0, 10], [10, 15], [15, 15], [15, 19]]",0.5
4603,"[10, 15, 15]","[[0, 10], [10, 15], [15, 15], [15, 19]]",0.25
4604,"[10, 15, 16]","[[0, 10], [10, 15], [15, 16], [16, 19]]",1.0
4605,"[10, 15, 16]","[[0, 10], [10, 15], [15, 16], [16, 19]]",0.75
4606,"[10, 15, 16]","[[0, 10], [10, 15], [15, 16], [16, 19]]",0.5
4607,"[10, 15, 16]","[[0, 10], [10, 15], [15, 16], [16, 19]]",0.25
4608,"[10, 15, 17]","[[0, 10], [10, 15], [15, 17], [17, 19]]",1.0
4609,"[10, 15, 17]","[[0, 10], [10, 15], [15, 17], [17, 19]]",0.75
4610,"[10, 15, 17]","[[0, 10], [10, 15], [15, 17], [17, 19]]",0.5
4611,"[10, 15, 17]","[[0, 10], [10, 15], [15, 17], [17, 19]]",0.25
4612,"[10, 15, 18]","[[0, 10], [10, 15], [15, 18], [18, 19]]",1.0
4613,"[10, 15, 18]","[[0, 10], [10, 15], [15, 18], [18, 19]]",0.75
4614,"[10, 15, 18]","[[0, 10], [10, 15], [15, 18], [18, 19]]",0.5
4615,"[10, 15, 18]","[[0, 10], [10, 15], [15, 18], [18, 19]]",0.25
4616,"[10, 15, 19]","[[0, 10], [10, 15], [15, 19], [19, 19]]",1.0
4617,"[10, 15, 19]","[[0, 10], [10, 15], [15, 19], [19, 19]]",0.75
4618,"[10, 15, 19]","[[0, 10], [10, 15], [15, 19], [19, 19]]",0.5
4619,"[10, 15, 19]","[[0, 10], [10, 15], [15, 19], [19, 19]]",0.25
4620,"[10, 16, 16]","[[0, 10], [10, 16], [16, 16], [16, 19]]",1.0
4621,"[10, 16, 16]","[[0, 10], [10, 16], [16, 16], [16, 19]]",0.75
4622,"[10, 16, 16]","[[0, 10], [10, 16], [16, 16], [16, 19]]",0.5
4623,"[10, 16, 16]","[[0, 10], [10, 16], [16, 16], [16, 19]]",0.25
4624,"[10, 16, 17]","[[0, 10], [10, 16], [16, 17], [17, 19]]",1.0
4625,"[10, 16, 17]","[[0, 10], [10, 16], [16, 17], [17, 19]]",0.75
4626,"[10, 16, 17]","[[0, 10], [10, 16], [16, 17], [17, 19]]",0.5
4627,"[10, 16, 17]","[[0, 10], [10, 16], [16, 17], [17, 19]]",0.25
4628,"[10, 16, 18]","[[0, 10], [10, 16], [16, 18], [18, 19]]",1.0
4629,"[10, 16, 18]","[[0, 10], [10, 16], [16, 18], [18, 19]]",0.75
4630,"[10, 16, 18]","[[0, 10], [10, 16], [16, 18], [18, 19]]",0.5
4631,"[10, 16, 18]","[[0, 10], [10, 16], [16, 18], [18, 19]]",0.25
4632,"[10, 16, 19]","[[0, 10], [10, 16], [16, 19], [19, 19]]",1.0
4633,"[10, 16, 19]","[[0, 10], [10, 16], [16, 19], [19, 19]]",0.75
4634,"[10, 16, 19]","[[0, 10], [10, 16], [16, 19], [19, 19]]",0.5
4635,"[10, 16, 19]","[[0, 10], [10, 16], [16, 19], [19, 19]]",0.25
4636,"[10, 17, 17]","[[0, 10], [10, 17], [17, 17], [17, 19]]",1.0
4637,"[10, 17, 17]","[[0, 10], [10, 17], [17, 17], [17, 19]]",0.75
4638,"[10, 17, 17]","[[0, 10], [10, 17], [17, 17], [17, 19]]",0.5
4639,"[10, 17, 17]","[[0, 10], [10, 17], [17, 17], [17, 19]]",0.25
4640,"[10, 17, 18]","[[0, 10], [10, 17], [17, 18], [18, 19]]",1.0
4641,"[10, 17, 18]","[[0, 10], [10, 17], [17, 18], [18, 19]]",0.75
4642,"[10, 17, 18]","[[0, 10], [10, 17], [17, 18], [18, 19]]",0.5
4643,"[10, 17, 18]","[[0, 10], [10, 17], [17, 18], [18, 19]]",0.25
4644,"[10, 17, 19]","[[0, 10], [10, 17], [17, 19], [19, 19]]",1.0
4645,"[10, 17, 19]","[[0, 10], [10, 17], [17, 19], [19, 19]]",0.75
4646,"[10, 17, 19]","[[0, 10], [10, 17], [17, 19], [19, 19]]",0.5
4647,"[10, 17, 19]","[[0, 10], [10, 17], [17, 19], [19, 19]]",0.25
4648,"[10, 18, 18]","[[0, 10], [10, 18], [18, 18], [18, 19]]",1.0
4649,"[10, 18, 18]","[[0, 10], [10, 18], [18, 18], [18, 19]]",0.75
4650,"[10, 18, 18]","[[0, 10], [10, 18], [18, 18], [18, 19]]",0.5
4651,"[10, 18, 18]","[[0, 10], [10, 18], [18, 18], [18, 19]]",0.25
4652,"[10, 18, 19]","[[0, 10], [10, 18], [18, 19], [19, 19]]",1.0
4653,"[10, 18, 19]","[[0, 10], [10, 18], [18, 19], [19, 19]]",0.75
4654,"[10, 18, 19]","[[0, 10], [10, 18], [18, 19], [19, 19]]",0.5
4655,"[10, 18, 19]","[[0, 10], [10, 18], [18, 19], [19, 19]]",0.25
4656,"[10, 19, 19]","[[0, 10], [10, 19], [19, 19], [19, 19]]",1.0
4657,"[10, 19, 19]","[[0, 10], [10, 19], [19, 19], [19, 19]]",0.75
4658,"[10, 19, 19]","[[0, 10], [10, 19], [19, 19], [19, 19]]",0.5
4659,"[10, 19, 19]","[[0, 10], [10, 19], [19, 19], [19, 19]]",0.25
4660,"[11, 11, 11]","[[0, 11], [11, 11], [11, 11], [11, 19]]",1.0
4661,"[11, 11, 11]","[[0, 11], [11, 11], [11, 11], [11, 19]]",0.75
4662,"[11, 11, 11]","[[0, 11], [11, 11], [11, 11], [11, 19]]",0.5
4663,"[11, 11, 11]","[[0, 11], [11, 11], [11, 11], [11, 19]]",0.25
4664,"[11, 11, 12]","[[0, 11], [11, 11], [11, 12], [12, 19]]",1.0
4665,"[11, 11, 12]","[[0, 11], [11, 11], [11, 12], [12, 19]]",0.75
4666,"[11, 11, 12]","[[0, 11], [11, 11], [11, 12], [12, 19]]",0.5
4667,"[11, 11, 12]","[[0, 11], [11, 11], [11, 12], [12, 19]]",0.25
4668,"[11, 11, 13]","[[0, 11], [11, 11], [11, 13], [13, 19]]",1.0
4669,"[11, 11, 13]","[[0, 11], [11, 11], [11, 13], [13, 19]]",0.75
4670,"[11, 11, 13]","[[0, 11], [11, 11], [11, 13], [13, 19]]",0.5
4671,"[11, 11, 13]","[[0, 11], [11, 11], [11, 13], [13, 19]]",0.25
4672,"[11, 11, 14]","[[0, 11], [11, 11], [11, 14], [14, 19]]",1.0
4673,"[11, 11, 14]","[[0, 11], [11, 11], [11, 14], [14, 19]]",0.75
4674,"[11, 11, 14]","[[0, 11], [11, 11], [11, 14], [14, 19]]",0.5
4675,"[11, 11, 14]","[[0, 11], [11, 11], [11, 14], [14, 19]]",0.25
4676,"[11, 11, 15]","[[0, 11], [11, 11], [11, 15], [15, 19]]",1.0
4677,"[11, 11, 15]","[[0, 11], [11, 11], [11, 15], [15, 19]]",0.75
4678,"[11, 11, 15]","[[0, 11], [11, 11], [11, 15], [15, 19]]",0.5
4679,"[11, 11, 15]","[[0, 11], [11, 11], [11, 15], [15, 19]]",0.25
4680,"[11, 11, 16]","[[0, 11], [11, 11], [11, 16], [16, 19]]",1.0
4681,"[11, 11, 16]","[[0, 11], [11, 11], [11, 16], [16, 19]]",0.75
4682,"[11, 11, 16]","[[0, 11], [11, 11], [11, 16], [16, 19]]",0.5
4683,"[11, 11, 16]","[[0, 11], [11, 11], [11, 16], [16, 19]]",0.25
4684,"[11, 11, 17]","[[0, 11], [11, 11], [11, 17], [17, 19]]",1.0
4685,"[11, 11, 17]","[[0, 11], [11, 11], [11, 17], [17, 19]]",0.75
4686,"[11, 11, 17]","[[0, 11], [11, 11], [11, 17], [17, 19]]",0.5
4687,"[11, 11, 17]","[[0, 11], [11, 11], [11, 17], [17, 19]]",0.25
4688,"[11, 11, 18]","[[0, 11], [11, 11], [11, 18], [18, 19]]",1.0
4689,"[11, 11, 18]","[[0, 11], [11, 11], [11, 18], [18, 19]]",0.75
4690,"[11, 11, 18]","[[0, 11], [11, 11], [11, 18], [18, 19]]",0.5
4691,"[11, 11, 18]","[[0, 11], [11, 11], [11, 18], [18, 19]]",0.25
4692,"[11, 11, 19]","[[0, 11], [11, 11], [11, 19], [19, 19]]",1.0
4693,"[11, 11, 19]","[[0, 11], [11, 11], [11, 19], [19, 19]]",0.75
4694,"[11, 11, 19]","[[0, 11], [11, 11], [11, 19], [19, 19]]",0.5
4695,"[11, 11, 19]","[[0, 11], [11, 11], [11, 19], [19, 19]]",0.25
4696,"[11, 12, 12]","[[0, 11], [11, 12], [12, 12], [12, 19]]",1.0
4697,"[11, 12, 12]","[[0, 11], [11, 12], [12, 12], [12, 19]]",0.75
4698,"[11, 12, 12]","[[0, 11], [11, 12], [12, 12], [12, 19]]",0.5
4699,"[11, 12, 12]","[[0, 11], [11, 12], [12, 12], [12, 19]]",0.25
4700,"[11, 12, 13]","[[0, 11], [11, 12], [12, 13], [13, 19]]",1.0
4701,"[11, 12, 13]","[[0, 11], [11, 12], [12, 13], [13, 19]]",0.75
4702,"[11, 12, 13]","[[0, 11], [11, 12], [12, 13], [13, 19]]",0.5
4703,"[11, 12, 13]","[[0, 11], [11, 12], [12, 13], [13, 19]]",0.25
4704,"[11, 12, 14]","[[0, 11], [11, 12], [12, 14], [14, 19]]",1.0
4705,"[11, 12, 14]","[[0, 11], [11, 12], [12, 14], [14, 19]]",0.75
4706,"[11, 12, 14]","[[0, 11], [11, 12], [12, 14], [14, 19]]",0.5
4707,"[11, 12, 14]","[[0, 11], [11, 12], [12, 14], [14, 19]]",0.25
4708,"[11, 12, 15]","[[0, 11], [11, 12], [12, 15], [15, 19]]",1.0
4709,"[11, 12, 15]","[[0, 11], [11, 12], [12, 15], [15, 19]]",0.75
4710,"[11, 12, 15]","[[0, 11], [11, 12], [12, 15], [15, 19]]",0.5
4711,"[11, 12, 15]","[[0, 11], [11, 12], [12, 15], [15, 19]]",0.25
4712,"[11, 12, 16]","[[0, 11], [11, 12], [12, 16], [16, 19]]",1.0
4713,"[11, 12, 16]","[[0, 11], [11, 12], [12, 16], [16, 19]]",0.75
4714,"[11, 12, 16]","[[0, 11], [11, 12], [12, 16], [16, 19]]",0.5
4715,"[11, 12, 16]","[[0, 11], [11, 12], [12, 16], [16, 19]]",0.25
4716,"[11, 12, 17]","[[0, 11], [11, 12], [12, 17], [17, 19]]",1.0
4717,"[11, 12, 17]","[[0, 11], [11, 12], [12, 17], [17, 19]]",0.75
4718,"[11, 12, 17]","[[0, 11], [11, 12], [12, 17], [17, 19]]",0.5
4719,"[11, 12, 17]","[[0, 11], [11, 12], [12, 17], [17, 19]]",0.25
4720,"[11, 12, 18]","[[0, 11], [11, 12], [12, 18], [18, 19]]",1.0
4721,"[11, 12, 18]","[[0, 11], [11, 12], [12, 18], [18, 19]]",0.75
4722,"[11, 12, 18]","[[0, 11], [11, 12], [12, 18], [18, 19]]",0.5
4723,"[11, 12, 18]","[[0, 11], [11, 12], [12, 18], [18, 19]]",0.25
4724,"[11, 12, 19]","[[0, 11], [11, 12], [12, 19], [19, 19]]",1.0
4725,"[11, 12, 19]","[[0, 11], [11, 12], [12, 19], [19, 19]]",0.75
4726,"[11, 12, 19]","[[0, 11], [11, 12], [12, 19], [19, 19]]",0.5
4727,"[11, 12, 19]","[[0, 11], [11, 12], [12, 19], [19, 19]]",0.25
4728,"[11, 13, 13]","[[0, 11], [11, 13], [13, 13], [13, 19]]",1.0
4729,"[11, 13, 13]","[[0, 11], [11, 13], [13, 13], [13, 19]]",0.75
4730,"[11, 13, 13]","[[0, 11], [11, 13], [13, 13], [13, 19]]",0.5
4731,"[11, 13, 13]","[[0, 11], [11, 13], [13, 13], [13, 19]]",0.25
4732,"[11, 13, 14]","[[0, 11], [11, 13], [13, 14], [14, 19]]",1.0
4733,"[11, 13, 14]","[[0, 11], [11, 13], [13, 14], [14, 19]]",0.75
4734,"[11, 13, 14]","[[0, 11], [11, 13], [13, 14], [14, 19]]",0.5
4735,"[11, 13, 14]","[[0, 11], [11, 13], [13, 14], [14, 19]]",0.25
4736,"[11, 13, 15]","[[0, 11], [11, 13], [13, 15], [15, 19]]",1.0
4737,"[11, 13, 15]","[[0, 11], [11, 13], [13, 15], [15, 19]]",0.75
4738,"[11, 13, 15]","[[0, 11], [11, 13], [13, 15], [15, 19]]",0.5
4739,"[11, 13, 15]","[[0, 11], [11, 13], [13, 15], [15, 19]]",0.25
4740,"[11, 13, 16]","[[0, 11], [11, 13], [13, 16], [16, 19]]",1.0
4741,"[11, 13, 16]","[[0, 11], [11, 13], [13, 16], [16, 19]]",0.75
4742,"[11, 13, 16]","[[0, 11], [11, 13], [13, 16], [16, 19]]",0.5
4743,"[11, 13, 16]","[[0, 11], [11, 13], [13, 16], [16, 19]]",0.25
4744,"[11, 13, 17]","[[0, 11], [11, 13], [13, 17], [17, 19]]",1.0
4745,"[11, 13, 17]","[[0, 11], [11, 13], [13, 17], [17, 19]]",0.75
4746,"[11, 13, 17]","[[0, 11], [11, 13], [13, 17], [17, 19]]",0.5
4747,"[11, 13, 17]","[[0, 11], [11, 13], [13, 17], [17, 19]]",0.25
4748,"[11, 13, 18]","[[0, 11], [11, 13], [13, 18], [18, 19]]",1.0
4749,"[11, 13, 18]","[[0, 11], [11, 13], [13, 18], [18, 19]]",0.75
4750,"[11, 13, 18]","[[0, 11], [11, 13], [13, 18], [18, 19]]",0.5
4751,"[11, 13, 18]","[[0, 11], [11, 13], [13, 18], [18, 19]]",0.25
4752,"[11, 13, 19]","[[0, 11], [11, 13], [13, 19], [19, 19]]",1.0
4753,"[11, 13, 19]","[[0, 11], [11, 13], [13, 19], [19, 19]]",0.75
4754,"[11, 13, 19]","[[0, 11], [11, 13], [13, 19], [19, 19]]",0.5
4755,"[11, 13, 19]","[[0, 11], [11, 13], [13, 19], [19, 19]]",0.25
4756,"[11, 14, 14]","[[0, 11], [11, 14], [14, 14], [14, 19]]",1.0
4757,"[11, 14, 14]","[[0, 11], [11, 14], [14, 14], [14, 19]]",0.75
4758,"[11, 14, 14]","[[0, 11], [11, 14], [14, 14], [14, 19]]",0.5
4759,"[11, 14, 14]","[[0, 11], [11, 14], [14, 14], [14, 19]]",0.25
4760,"[11, 14, 15]","[[0, 11], [11, 14], [14, 15], [15, 19]]",1.0
4761,"[11, 14, 15]","[[0, 11], [11, 14], [14, 15], [15, 19]]",0.75
4762,"[11, 14, 15]","[[0, 11], [11, 14], [14, 15], [15, 19]]",0.5
4763,"[11, 14, 15]","[[0, 11], [11, 14], [14, 15], [15, 19]]",0.25
4764,"[11, 14, 16]","[[0, 11], [11, 14], [14, 16], [16, 19]]",1.0
4765,"[11, 14, 16]","[[0, 11], [11, 14], [14, 16], [16, 19]]",0.75
4766,"[11, 14, 16]","[[0, 11], [11, 14], [14, 16], [16, 19]]",0.5
4767,"[11, 14, 16]","[[0, 11], [11, 14], [14, 16], [16, 19]]",0.25
4768,"[11, 14, 17]","[[0, 11], [11, 14], [14, 17], [17, 19]]",1.0
4769,"[11, 14, 17]","[[0, 11], [11, 14], [14, 17], [17, 19]]",0.75
4770,"[11, 14, 17]","[[0, 11], [11, 14], [14, 17], [17, 19]]",0.5
4771,"[11, 14, 17]","[[0, 11], [11, 14], [14, 17], [17, 19]]",0.25
4772,"[11, 14, 18]","[[0, 11], [11, 14], [14, 18], [18, 19]]",1.0
4773,"[11, 14, 18]","[[0, 11], [11, 14], [14, 18], [18, 19]]",0.75
4774,"[11, 14, 18]","[[0, 11], [11, 14], [14, 18], [18, 19]]",0.5
4775,"[11, 14, 18]","[[0, 11], [11, 14], [14, 18], [18, 19]]",0.25
4776,"[11, 14, 19]","[[0, 11], [11, 14], [14, 19], [19, 19]]",1.0
4777,"[11, 14, 19]","[[0, 11], [11, 14], [14, 19], [19, 19]]",0.75
4778,"[11, 14, 19]","[[0, 11], [11, 14], [14, 19], [19, 19]]",0.5
4779,"[11, 14, 19]","[[0, 11], [11, 14], [14, 19], [19, 19]]",0.25
4780,"[11, 15, 15]","[[0, 11], [11, 15], [15, 15], [15, 19]]",1.0
4781,"[11, 15, 15]","[[0, 11], [11, 15], [15, 15], [15, 19]]",0.75
4782,"[11, 15, 15]","[[0, 11], [11, 15], [15, 15], [15, 19]]",0.5
4783,"[11, 15, 15]","[[0, 11], [11, 15], [15, 15], [15, 19]]",0.25
4784,"[11, 15, 16]","[[0, 11], [11, 15], [15, 16], [16, 19]]",1.0
4785,"[11, 15, 16]","[[0, 11], [11, 15], [15, 16], [16, 19]]",0.75
4786,"[11, 15, 16]","[[0, 11], [11, 15], [15, 16], [16, 19]]",0.5
4787,"[11, 15, 16]","[[0, 11], [11, 15], [15, 16], [16, 19]]",0.25
4788,"[11, 15, 17]","[[0, 11], [11, 15], [15, 17], [17, 19]]",1.0
4789,"[11, 15, 17]","[[0, 11], [11, 15], [15, 17], [17, 19]]",0.75
4790,"[11, 15, 17]","[[0, 11], [11, 15], [15, 17], [17, 19]]",0.5
4791,"[11, 15, 17]","[[0, 11], [11, 15], [15, 17], [17, 19]]",0.25
4792,"[11, 15, 18]","[[0, 11], [11, 15], [15, 18], [18, 19]]",1.0
4793,"[11, 15, 18]","[[0, 11], [11, 15], [15, 18], [18, 19]]",0.75
4794,"[11, 15, 18]","[[0, 11], [11, 15], [15, 18], [18, 19]]",0.5
4795,"[11, 15, 18]","[[0, 11], [11, 15], [15, 18], [18, 19]]",0.25
4796,"[11, 15, 19]","[[0, 11], [11, 15], [15, 19], [19, 19]]",1.0
4797,"[11, 15, 19]","[[0, 11], [11, 15], [15, 19], [19, 19]]",0.75
4798,"[11, 15, 19]","[[0, 11], [11, 15], [15, 19], [19, 19]]",0.5
4799,"[11, 15, 19]","[[0, 11], [11, 15], [15, 19], [19, 19]]",0.25
4800,"[11, 16, 16]","[[0, 11], [11, 16], [16, 16], [16, 19]]",1.0
4801,"[11, 16, 16]","[[0, 11], [11, 16], [16, 16], [16, 19]]",0.75
4802,"[11, 16, 16]","[[0, 11], [11, 16], [16, 16], [16, 19]]",0.5
4803,"[11, 16, 16]","[[0, 11], [11, 16], [16, 16], [16, 19]]",0.25
4804,"[11, 16, 17]","[[0, 11], [11, 16], [16, 17], [17, 19]]",1.0
4805,"[11, 16, 17]","[[0, 11], [11, 16], [16, 17], [17, 19]]",0.75
4806,"[11, 16, 17]","[[0, 11], [11, 16], [16, 17], [17, 19]]",0.5
4807,"[11, 16, 17]","[[0, 11], [11, 16], [16, 17], [17, 19]]",0.25
4808,"[11, 16, 18]","[[0, 11], [11, 16], [16, 18], [18, 19]]",1.0
4809,"[11, 16, 18]","[[0, 11], [11, 16], [16, 18], [18, 19]]",0.75
4810,"[11, 16, 18]","[[0, 11], [11, 16], [16, 18], [18, 19]]",0.5
4811,"[11, 16, 18]","[[0, 11], [11, 16], [16, 18], [18, 19]]",0.25
4812,"[11, 16, 19]","[[0, 11], [11, 16], [16, 19], [19, 19]]",1.0
4813,"[11, 16, 19]","[[0, 11], [11, 16], [16, 19], [19, 19]]",0.75
4814,"[11, 16, 19]","[[0, 11], [11, 16], [16, 19], [19, 19]]",0.5
4815,"[11, 16, 19]","[[0, 11], [11, 16], [16, 19], [19, 19]]",0.25
4816,"[11, 17, 17]","[[0, 11], [11, 17], [17, 17], [17, 19]]",1.0
4817,"[11, 17, 17]","[[0, 11], [11, 17], [17, 17], [17, 19]]",0.75
4818,"[11, 17, 17]","[[0, 11], [11, 17], [17, 17], [17, 19]]",0.5
4819,"[11, 17, 17]","[[0, 11], [11, 17], [17, 17], [17, 19]]",0.25
4820,"[11, 17, 18]","[[0, 11], [11, 17], [17, 18], [18, 19]]",1.0
4821,"[11, 17, 18]","[[0, 11], [11, 17], [17, 18], [18, 19]]",0.75
4822,"[11, 17, 18]","[[0, 11], [11, 17], [17, 18], [18, 19]]",0.5
4823,"[11, 17, 18]","[[0, 11], [11, 17], [17, 18], [18, 19]]",0.25
4824,"[11, 17, 19]","[[0, 11], [11, 17], [17, 19], [19, 19]]",1.0
4825,"[11, 17, 19]","[[0, 11], [11, 17], [17, 19], [19, 19]]",0.75
4826,"[11, 17, 19]","[[0, 11], [11, 17], [17, 19], [19, 19]]",0.5
4827,"[11, 17, 19]","[[0, 11], [11, 17], [17, 19], [19, 19]]",0.25
4828,"[11, 18, 18]","[[0, 11], [11, 18], [18, 18], [18, 19]]",1.0
4829,"[11, 18, 18]","[[0, 11], [11, 18], [18, 18], [18, 19]]",0.75
4830,"[11, 18, 18]","[[0, 11], [11, 18], [18, 18], [18, 19]]",0.5
4831,"[11, 18, 18]","[[0, 11], [11, 18], [18, 18], [18, 19]]",0.25
4832,"[11, 18, 19]","[[0, 11], [11, 18], [18, 19], [19, 19]]",1.0
4833,"[11, 18, 19]","[[0, 11], [11, 18], [18, 19], [19, 19]]",0.75
4834,"[11, 18, 19]","[[0, 11], [11, 18], [18, 19], [19, 19]]",0.5
4835,"[11, 18, 19]","[[0, 11], [11, 18], [18, 19], [19, 19]]",0.25
4836,"[11, 19, 19]","[[0, 11], [11, 19], [19, 19], [19, 19]]",1.0
4837,"[11, 19, 19]","[[0, 11], [11, 19], [19, 19], [19, 19]]",0.75
4838,"[11, 19, 19]","[[0, 11], [11, 19], [19, 19], [19, 19]]",0.5
4839,"[11, 19, 19]","[[0, 11], [11, 19], [19, 19], [19, 19]]",0.25
4840,"[12, 12, 12]","[[0, 12], [12, 12], [12, 12], [12, 19]]",1.0
4841,"[12, 12, 12]","[[0, 12], [12, 12], [12, 12], [12, 19]]",0.75
4842,"[12, 12, 12]","[[0, 12], [12, 12], [12, 12], [12, 19]]",0.5
4843,"[12, 12, 12]","[[0, 12], [12, 12], [12, 12], [12, 19]]",0.25
4844,"[12, 12, 13]","[[0, 12], [12, 12], [12, 13], [13, 19]]",1.0
4845,"[12, 12, 13]","[[0, 12], [12, 12], [12, 13], [13, 19]]",0.75
4846,"[12, 12, 13]","[[0, 12], [12, 12], [12, 13], [13, 19]]",0.5
4847,"[12, 12, 13]","[[0, 12], [12, 12], [12, 13], [13, 19]]",0.25
4848,"[12, 12, 14]","[[0, 12], [12, 12], [12, 14], [14, 19]]",1.0
4849,"[12, 12, 14]","[[0, 12], [12, 12], [12, 14], [14, 19]]",0.75
4850,"[12, 12, 14]","[[0, 12], [12, 12], [12, 14], [14, 19]]",0.5
4851,"[12, 12, 14]","[[0, 12], [12, 12], [12, 14], [14, 19]]",0.25
4852,"[12, 12, 15]","[[0, 12], [12, 12], [12, 15], [15, 19]]",1.0
4853,"[12, 12, 15]","[[0, 12], [12, 12], [12, 15], [15, 19]]",0.75
4854,"[12, 12, 15]","[[0, 12], [12, 12], [12, 15], [15, 19]]",0.5
4855,"[12, 12, 15]","[[0, 12], [12, 12], [12, 15], [15, 19]]",0.25
4856,"[12, 12, 16]","[[0, 12], [12, 12], [12, 16], [16, 19]]",1.0
4857,"[12, 12, 16]","[[0, 12], [12, 12], [12, 16], [16, 19]]",0.75
4858,"[12, 12, 16]","[[0, 12], [12, 12], [12, 16], [16, 19]]",0.5
4859,"[12, 12, 16]","[[0, 12], [12, 12], [12, 16], [16, 19]]",0.25
4860,"[12, 12, 17]","[[0, 12], [12, 12], [12, 17], [17, 19]]",1.0
4861,"[12, 12, 17]","[[0, 12], [12, 12], [12, 17], [17, 19]]",0.75
4862,"[12, 12, 17]","[[0, 12], [12, 12], [12, 17], [17, 19]]",0.5
4863,"[12, 12, 17]","[[0, 12], [12, 12], [12, 17], [17, 19]]",0.25
4864,"[12, 12, 18]","[[0, 12], [12, 12], [12, 18], [18, 19]]",1.0
4865,"[12, 12, 18]","[[0, 12], [12, 12], [12, 18], [18, 19]]",0.75
4866,"[12, 12, 18]","[[0, 12], [12, 12], [12, 18], [18, 19]]",0.5
4867,"[12, 12, 18]","[[0, 12], [12, 12], [12, 18], [18, 19]]",0.25
4868,"[12, 12, 19]","[[0, 12], [12, 12], [12, 19], [19, 19]]",1.0
4869,"[12, 12, 19]","[[0, 12], [12, 12], [12, 19], [19, 19]]",0.75
4870,"[12, 12, 19]","[[0, 12], [12, 12], [12, 19], [19, 19]]",0.5
4871,"[12, 12, 19]","[[0, 12], [12, 12], [12, 19], [19, 19]]",0.25
4872,"[12, 13, 13]","[[0, 12], [12, 13], [13, 13], [13, 19]]",1.0
4873,"[12, 13, 13]","[[0, 12], [12, 13], [13, 13], [13, 19]]",0.75
4874,"[12, 13, 13]","[[0, 12], [12, 13], [13, 13], [13, 19]]",0.5
4875,"[12, 13, 13]","[[0, 12], [12, 13], [13, 13], [13, 19]]",0.25
4876,"[12, 13, 14]","[[0, 12], [12, 13], [13, 14], [14, 19]]",1.0
4877,"[12, 13, 14]","[[0, 12], [12, 13], [13, 14], [14, 19]]",0.75
4878,"[12, 13, 14]","[[0, 12], [12, 13], [13, 14], [14, 19]]",0.5
4879,"[12, 13, 14]","[[0, 12], [12, 13], [13, 14], [14, 19]]",0.25
4880,"[12, 13, 15]","[[0, 12], [12, 13], [13, 15], [15, 19]]",1.0
4881,"[12, 13, 15]","[[0, 12], [12, 13], [13, 15], [15, 19]]",0.75
4882,"[12, 13, 15]","[[0, 12], [12, 13], [13, 15], [15, 19]]",0.5
4883,"[12, 13, 15]","[[0, 12], [12, 13], [13, 15], [15, 19]]",0.25
4884,"[12, 13, 16]","[[0, 12], [12, 13], [13, 16], [16, 19]]",1.0
4885,"[12, 13, 16]","[[0, 12], [12, 13], [13, 16], [16, 19]]",0.75
4886,"[12, 13, 16]","[[0, 12], [12, 13], [13, 16], [16, 19]]",0.5
4887,"[12, 13, 16]","[[0, 12], [12, 13], [13, 16], [16, 19]]",0.25
4888,"[12, 13, 17]","[[0, 12], [12, 13], [13, 17], [17, 19]]",1.0
4889,"[12, 13, 17]","[[0, 12], [12, 13], [13, 17], [17, 19]]",0.75
4890,"[12, 13, 17]","[[0, 12], [12, 13], [13, 17], [17, 19]]",0.5
4891,"[12, 13, 17]","[[0, 12], [12, 13], [13, 17], [17, 19]]",0.25
4892,"[12, 13, 18]","[[0, 12], [12, 13], [13, 18], [18, 19]]",1.0
4893,"[12, 13, 18]","[[0, 12], [12, 13], [13, 18], [18, 19]]",0.75
4894,"[12, 13, 18]","[[0, 12], [12, 13], [13, 18], [18, 19]]",0.5
4895,"[12, 13, 18]","[[0, 12], [12, 13], [13, 18], [18, 19]]",0.25
4896,"[12, 13, 19]","[[0, 12], [12, 13], [13, 19], [19, 19]]",1.0
4897,"[12, 13, 19]","[[0, 12], [12, 13], [13, 19], [19, 19]]",0.75
4898,"[12, 13, 19]","[[0, 12], [12, 13], [13, 19], [19, 19]]",0.5
4899,"[12, 13, 19]","[[0, 12], [12, 13], [13, 19], [19, 19]]",0.25
4900,"[12, 14, 14]","[[0, 12], [12, 14], [14, 14], [14, 19]]",1.0
4901,"[12, 14, 14]","[[0, 12], [12, 14], [14, 14], [14, 19]]",0.75
4902,"[12, 14, 14]","[[0, 12], [12, 14], [14, 14], [14, 19]]",0.5
4903,"[12, 14, 14]","[[0, 12], [12, 14], [14, 14], [14, 19]]",0.25
4904,"[12, 14, 15]","[[0, 12], [12, 14], [14, 15], [15, 19]]",1.0
4905,"[12, 14, 15]","[[0, 12], [12, 14], [14, 15], [15, 19]]",0.75
4906,"[12, 14, 15]","[[0, 12], [12, 14], [14, 15], [15, 19]]",0.5
4907,"[12, 14, 15]","[[0, 12], [12, 14], [14, 15], [15, 19]]",0.25
4908,"[12, 14, 16]","[[0, 12], [12, 14], [14, 16], [16, 19]]",1.0
4909,"[12, 14, 16]","[[0, 12], [12, 14], [14, 16], [16, 19]]",0.75
4910,"[12, 14, 16]","[[0, 12], [12, 14], [14, 16], [16, 19]]",0.5
4911,"[12, 14, 16]","[[0, 12], [12, 14], [14, 16], [16, 19]]",0.25
4912,"[12, 14, 17]","[[0, 12], [12, 14], [14, 17], [17, 19]]",1.0
4913,"[12, 14, 17]","[[0, 12], [12, 14], [14, 17], [17, 19]]",0.75
4914,"[12, 14, 17]","[[0, 12], [12, 14], [14, 17], [17, 19]]",0.5
4915,"[12, 14, 17]","[[0, 12], [12, 14], [14, 17], [17, 19]]",0.25
4916,"[12, 14, 18]","[[0, 12], [12, 14], [14, 18], [18, 19]]",1.0
4917,"[12, 14, 18]","[[0, 12], [12, 14], [14, 18], [18, 19]]",0.75
4918,"[12, 14, 18]","[[0, 12], [12, 14], [14, 18], [18, 19]]",0.5
4919,"[12, 14, 18]","[[0, 12], [12, 14], [14, 18], [18, 19]]",0.25
4920,"[12, 14, 19]","[[0, 12], [12, 14], [14, 19], [19, 19]]",1.0
4921,"[12, 14, 19]","[[0, 12], [12, 14], [14, 19], [19, 19]]",0.75
4922,"[12, 14, 19]","[[0, 12], [12, 14], [14, 19], [19, 19]]",0.5
4923,"[12, 14, 19]","[[0, 12], [12, 14], [14, 19], [19, 19]]",0.25
4924,"[12, 15, 15]","[[0, 12], [12, 15], [15, 15], [15, 19]]",1.0
4925,"[12, 15, 15]","[[0, 12], [12, 15], [15, 15], [15, 19]]",0.75
4926,"[12, 15, 15]","[[0, 12], [12, 15], [15, 15], [15, 19]]",0.5
4927,"[12, 15, 15]","[[0, 12], [12, 15], [15, 15], [15, 19]]",0.25
4928,"[12, 15, 16]","[[0, 12], [12, 15], [15, 16], [16, 19]]",1.0
4929,"[12, 15, 16]","[[0, 12], [12, 15], [15, 16], [16, 19]]",0.75
4930,"[12, 15, 16]","[[0, 12], [12, 15], [15, 16], [16, 19]]",0.5
4931,"[12, 15, 16]","[[0, 12], [12, 15], [15, 16], [16, 19]]",0.25
4932,"[12, 15, 17]","[[0, 12], [12, 15], [15, 17], [17, 19]]",1.0
4933,"[12, 15, 17]","[[0, 12], [12, 15], [15, 17], [17, 19]]",0.75
4934,"[12, 15, 17]","[[0, 12], [12, 15], [15, 17], [17, 19]]",0.5
4935,"[12, 15, 17]","[[0, 12], [12, 15], [15, 17], [17, 19]]",0.25
4936,"[12, 15, 18]","[[0, 12], [12, 15], [15, 18], [18, 19]]",1.0
4937,"[12, 15, 18]","[[0, 12], [12, 15], [15, 18], [18, 19]]",0.75
4938,"[12, 15, 18]","[[0, 12], [12, 15], [15, 18], [18, 19]]",0.5
4939,"[12, 15, 18]","[[0, 12], [12, 15], [15, 18], [18, 19]]",0.25
4940,"[12, 15, 19]","[[0, 12], [12, 15], [15, 19], [19, 19]]",1.0
4941,"[12, 15, 19]","[[0, 12], [12, 15], [15, 19], [19, 19]]",0.75
4942,"[12, 15, 19]","[[0, 12], [12, 15], [15, 19], [19, 19]]",0.5
4943,"[12, 15, 19]","[[0, 12], [12, 15], [15, 19], [19, 19]]",0.25
4944,"[12, 16, 16]","[[0, 12], [12, 16], [16, 16], [16, 19]]",1.0
4945,"[12, 16, 16]","[[0, 12], [12, 16], [16, 16], [16, 19]]",0.75
4946,"[12, 16, 16]","[[0, 12], [12, 16], [16, 16], [16, 19]]",0.5
4947,"[12, 16, 16]","[[0, 12], [12, 16], [16, 16], [16, 19]]",0.25
4948,"[12, 16, 17]","[[0, 12], [12, 16], [16, 17], [17, 19]]",1.0
4949,"[12, 16, 17]","[[0, 12], [12, 16], [16, 17], [17, 19]]",0.75
4950,"[12, 16, 17]","[[0, 12], [12, 16], [16, 17], [17, 19]]",0.5
4951,"[12, 16, 17]","[[0, 12], [12, 16], [16, 17], [17, 19]]",0.25
4952,"[12, 16, 18]","[[0, 12], [12, 16], [16, 18], [18, 19]]",1.0
4953,"[12, 16, 18]","[[0, 12], [12, 16], [16, 18], [18, 19]]",0.75
4954,"[12, 16, 18]","[[0, 12], [12, 16], [16, 18], [18, 19]]",0.5
4955,"[12, 16, 18]","[[0, 12], [12, 16], [16, 18], [18, 19]]",0.25
4956,"[12, 16, 19]","[[0, 12], [12, 16], [16, 19], [19, 19]]",1.0
4957,"[12, 16, 19]","[[0, 12], [12, 16], [16, 19], [19, 19]]",0.75
4958,"[12, 16, 19]","[[0, 12], [12, 16], [16, 19], [19, 19]]",0.5
4959,"[12, 16, 19]","[[0, 12], [12, 16], [16, 19], [19, 19]]",0.25
4960,"[12, 17, 17]","[[0, 12], [12, 17], [17, 17], [17, 19]]",1.0
4961,"[12, 17, 17]","[[0, 12], [12, 17], [17, 17], [17, 19]]",0.75
4962,"[12, 17, 17]","[[0, 12], [12, 17], [17, 17], [17, 19]]",0.5
4963,"[12, 17, 17]","[[0, 12], [12, 17], [17, 17], [17, 19]]",0.25
4964,"[12, 17, 18]","[[0, 12], [12, 17], [17, 18], [18, 19]]",1.0
4965,"[12, 17, 18]","[[0, 12], [12, 17], [17, 18], [18, 19]]",0.75
4966,"[12, 17, 18]","[[0, 12], [12, 17], [17, 18], [18, 19]]",0.5
4967,"[12, 17, 18]","[[0, 12], [12, 17], [17, 18], [18, 19]]",0.25
4968,"[12, 17, 19]","[[0, 12], [12, 17], [17, 19], [19, 19]]",1.0
4969,"[12, 17, 19]","[[0, 12], [12, 17], [17, 19], [19, 19]]",0.75
4970,"[12, 17, 19]","[[0, 12], [12, 17], [17, 19], [19, 19]]",0.5
4971,"[12, 17, 19]","[[0, 12], [12, 17], [17, 19], [19, 19]]",0.25
4972,"[12, 18, 18]","[[0, 12], [12, 18], [18, 18], [18, 19]]",1.0
4973,"[12, 18, 18]","[[0, 12], [12, 18], [18, 18], [18, 19]]",0.75
4974,"[12, 18, 18]","[[0, 12], [12, 18], [18, 18], [18, 19]]",0.5
4975,"[12, 18, 18]","[[0, 12], [12, 18], [18, 18], [18, 19]]",0.25
4976,"[12, 18, 19]","[[0, 12], [12, 18], [18, 19], [19, 19]]",1.0
4977,"[12, 18, 19]","[[0, 12], [12, 18], [18, 19], [19, 19]]",0.75
4978,"[12, 18, 19]","[[0, 12], [12, 18], [18, 19], [19, 19]]",0.5
4979,"[12, 18, 19]","[[0, 12], [12, 18], [18, 19], [19, 19]]",0.25
4980,"[12, 19, 19]","[[0, 12], [12, 19], [19, 19], [19, 19]]",1.0
4981,"[12, 19, 19]","[[0, 12], [12, 19], [19, 19], [19, 19]]",0.75
4982,"[12, 19, 19]","[[0, 12], [12, 19], [19, 19], [19, 19]]",0.5
4983,"[12, 19, 19]","[[0, 12], [12, 19], [19, 19], [19, 19]]",0.25
4984,"[13, 13, 13]","[[0, 13], [13, 13], [13, 13], [13, 19]]",1.0
4985,"[13, 13, 13]","[[0, 13], [13, 13], [13, 13], [13, 19]]",0.75
4986,"[13, 13, 13]","[[0, 13], [13, 13], [13, 13], [13, 19]]",0.5
4987,"[13, 13, 13]","[[0, 13], [13, 13], [13, 13], [13, 19]]",0.25
4988,"[13, 13, 14]","[[0, 13], [13, 13], [13, 14], [14, 19]]",1.0
4989,"[13, 13, 14]","[[0, 13], [13, 13], [13, 14], [14, 19]]",0.75
4990,"[13, 13, 14]","[[0, 13], [13, 13], [13, 14], [14, 19]]",0.5
4991,"[13, 13, 14]","[[0, 13], [13, 13], [13, 14], [14, 19]]",0.25
4992,"[13, 13, 15]","[[0, 13], [13, 13], [13, 15], [15, 19]]",1.0
4993,"[13, 13, 15]","[[0, 13], [13, 13], [13, 15], [15, 19]]",0.75
4994,"[13, 13, 15]","[[0, 13], [13, 13], [13, 15], [15, 19]]",0.5
4995,"[13, 13, 15]","[[0, 13], [13, 13], [13, 15], [15, 19]]",0.25
4996,"[13, 13, 16]","[[0, 13], [13, 13], [13, 16], [16, 19]]",1.0
4997,"[13, 13, 16]","[[0, 13], [13, 13], [13, 16], [16, 19]]",0.75
4998,"[13, 13, 16]","[[0, 13], [13, 13], [13, 16], [16, 19]]",0.5
4999,"[13, 13, 16]","[[0, 13], [13, 13], [13, 16], [16, 19]]",0.25
5000,"[13, 13, 17]","[[0, 13], [13, 13], [13, 17], [17, 19]]",1.0
5001,"[13, 13, 17]","[[0, 13], [13, 13], [13, 17], [17, 19]]",0.75
5002,"[13, 13, 17]","[[0, 13], [13, 13], [13, 17], [17, 19]]",0.5
5003,"[13, 13, 17]","[[0, 13], [13, 13], [13, 17], [17, 19]]",0.25
5004,"[13, 13, 18]","[[0, 13], [13, 13], [13, 18], [18, 19]]",1.0
5005,"[13, 13, 18]","[[0, 13], [13, 13], [13, 18], [18, 19]]",0.75
5006,"[13, 13, 18]","[[0, 13], [13, 13], [13, 18], [18, 19]]",0.5
5007,"[13, 13, 18]","[[0, 13], [13, 13], [13, 18], [18, 19]]",0.25
5008,"[13, 13, 19]","[[0, 13], [13, 13], [13, 19], [19, 19]]",1.0
5009,"[13, 13, 19]","[[0, 13], [13, 13], [13, 19], [19, 19]]",0.75
5010,"[13, 13, 19]","[[0, 13], [13, 13], [13, 19], [19, 19]]",0.5
5011,"[13, 13, 19]","[[0, 13], [13, 13], [13, 19], [19, 19]]",0.25
5012,"[13, 14, 14]","[[0, 13], [13, 14], [14, 14], [14, 19]]",1.0
5013,"[13, 14, 14]","[[0, 13], [13, 14], [14, 14], [14, 19]]",0.75
5014,"[13, 14, 14]","[[0, 13], [13, 14], [14, 14], [14, 19]]",0.5
5015,"[13, 14, 14]","[[0, 13], [13, 14], [14, 14], [14, 19]]",0.25
5016,"[13, 14, 15]","[[0, 13], [13, 14], [14, 15], [15, 19]]",1.0
5017,"[13, 14, 15]","[[0, 13], [13, 14], [14, 15], [15, 19]]",0.75
5018,"[13, 14, 15]","[[0, 13], [13, 14], [14, 15], [15, 19]]",0.5
5019,"[13, 14, 15]","[[0, 13], [13, 14], [14, 15], [15, 19]]",0.25
5020,"[13, 14, 16]","[[0, 13], [13, 14], [14, 16], [16, 19]]",1.0
5021,"[13, 14, 16]","[[0, 13], [13, 14], [14, 16], [16, 19]]",0.75
5022,"[13, 14, 16]","[[0, 13], [13, 14], [14, 16], [16, 19]]",0.5
5023,"[13, 14, 16]","[[0, 13], [13, 14], [14, 16], [16, 19]]",0.25
5024,"[13, 14, 17]","[[0, 13], [13, 14], [14, 17], [17, 19]]",1.0
5025,"[13, 14, 17]","[[0, 13], [13, 14], [14, 17], [17, 19]]",0.75
5026,"[13, 14, 17]","[[0, 13], [13, 14], [14, 17], [17, 19]]",0.5
5027,"[13, 14, 17]","[[0, 13], [13, 14], [14, 17], [17, 19]]",0.25
5028,"[13, 14, 18]","[[0, 13], [13, 14], [14, 18], [18, 19]]",1.0
5029,"[13, 14, 18]","[[0, 13], [13, 14], [14, 18], [18, 19]]",0.75
5030,"[13, 14, 18]","[[0, 13], [13, 14], [14, 18], [18, 19]]",0.5
5031,"[13, 14, 18]","[[0, 13], [13, 14], [14, 18], [18, 19]]",0.25
5032,"[13, 14, 19]","[[0, 13], [13, 14], [14, 19], [19, 19]]",1.0
5033,"[13, 14, 19]","[[0, 13], [13, 14], [14, 19], [19, 19]]",0.75
5034,"[13, 14, 19]","[[0, 13], [13, 14], [14, 19], [19, 19]]",0.5
5035,"[13, 14, 19]","[[0, 13], [13, 14], [14, 19], [19, 19]]",0.25
5036,"[13, 15, 15]","[[0, 13], [13, 15], [15, 15], [15, 19]]",1.0
5037,"[13, 15, 15]","[[0, 13], [13, 15], [15, 15], [15, 19]]",0.75
5038,"[13, 15, 15]","[[0, 13], [13, 15], [15, 15], [15, 19]]",0.5
5039,"[13, 15, 15]","[[0, 13], [13, 15], [15, 15], [15, 19]]",0.25
5040,"[13, 15, 16]","[[0, 13], [13, 15], [15, 16], [16, 19]]",1.0
5041,"[13, 15, 16]","[[0, 13], [13, 15], [15, 16], [16, 19]]",0.75
5042,"[13, 15, 16]","[[0, 13], [13, 15], [15, 16], [16, 19]]",0.5
5043,"[13, 15, 16]","[[0, 13], [13, 15], [15, 16], [16, 19]]",0.25
5044,"[13, 15, 17]","[[0, 13], [13, 15], [15, 17], [17, 19]]",1.0
5045,"[13, 15, 17]","[[0, 13], [13, 15], [15, 17], [17, 19]]",0.75
5046,"[13, 15, 17]","[[0, 13], [13, 15], [15, 17], [17, 19]]",0.5
5047,"[13, 15, 17]","[[0, 13], [13, 15], [15, 17], [17, 19]]",0.25
5048,"[13, 15, 18]","[[0, 13], [13, 15], [15, 18], [18, 19]]",1.0
5049,"[13, 15, 18]","[[0, 13], [13, 15], [15, 18], [18, 19]]",0.75
5050,"[13, 15, 18]","[[0, 13], [13, 15], [15, 18], [18, 19]]",0.5
5051,"[13, 15, 18]","[[0, 13], [13, 15], [15, 18], [18, 19]]",0.25
5052,"[13, 15, 19]","[[0, 13], [13, 15], [15, 19], [19, 19]]",1.0
5053,"[13, 15, 19]","[[0, 13], [13, 15], [15, 19], [19, 19]]",0.75
5054,"[13, 15, 19]","[[0, 13], [13, 15], [15, 19], [19, 19]]",0.5
5055,"[13, 15, 19]","[[0, 13], [13, 15], [15, 19], [19, 19]]",0.25
5056,"[13, 16, 16]","[[0, 13], [13, 16], [16, 16], [16, 19]]",1.0
5057,"[13, 16, 16]","[[0, 13], [13, 16], [16, 16], [16, 19]]",0.75
5058,"[13, 16, 16]","[[0, 13], [13, 16], [16, 16], [16, 19]]",0.5
5059,"[13, 16, 16]","[[0, 13], [13, 16], [16, 16], [16, 19]]",0.25
5060,"[13, 16, 17]","[[0, 13], [13, 16], [16, 17], [17, 19]]",1.0
5061,"[13, 16, 17]","[[0, 13], [13, 16], [16, 17], [17, 19]]",0.75
5062,"[13, 16, 17]","[[0, 13], [13, 16], [16, 17], [17, 19]]",0.5
5063,"[13, 16, 17]","[[0, 13], [13, 16], [16, 17], [17, 19]]",0.25
5064,"[13, 16, 18]","[[0, 13], [13, 16], [16, 18], [18, 19]]",1.0
5065,"[13, 16, 18]","[[0, 13], [13, 16], [16, 18], [18, 19]]",0.75
5066,"[13, 16, 18]","[[0, 13], [13, 16], [16, 18], [18, 19]]",0.5
5067,"[13, 16, 18]","[[0, 13], [13, 16], [16, 18], [18, 19]]",0.25
5068,"[13, 16, 19]","[[0, 13], [13, 16], [16, 19], [19, 19]]",1.0
5069,"[13, 16, 19]","[[0, 13], [13, 16], [16, 19], [19, 19]]",0.75
5070,"[13, 16, 19]","[[0, 13], [13, 16], [16, 19], [19, 19]]",0.5
5071,"[13, 16, 19]","[[0, 13], [13, 16], [16, 19], [19, 19]]",0.25
5072,"[13, 17, 17]","[[0, 13], [13, 17], [17, 17], [17, 19]]",1.0
5073,"[13, 17, 17]","[[0, 13], [13, 17], [17, 17], [17, 19]]",0.75
5074,"[13, 17, 17]","[[0, 13], [13, 17], [17, 17], [17, 19]]",0.5
5075,"[13, 17, 17]","[[0, 13], [13, 17], [17, 17], [17, 19]]",0.25
5076,"[13, 17, 18]","[[0, 13], [13, 17], [17, 18], [18, 19]]",1.0
5077,"[13, 17, 18]","[[0, 13], [13, 17], [17, 18], [18, 19]]",0.75
5078,"[13, 17, 18]","[[0, 13], [13, 17], [17, 18], [18, 19]]",0.5
5079,"[13, 17, 18]","[[0, 13], [13, 17], [17, 18], [18, 19]]",0.25
5080,"[13, 17, 19]","[[0, 13], [13, 17], [17, 19], [19, 19]]",1.0
5081,"[13, 17, 19]","[[0, 13], [13, 17], [17, 19], [19, 19]]",0.75
5082,"[13, 17, 19]","[[0, 13], [13, 17], [17, 19], [19, 19]]",0.5
5083,"[13, 17, 19]","[[0, 13], [13, 17], [17, 19], [19, 19]]",0.25
5084,"[13, 18, 18]","[[0, 13], [13, 18], [18, 18], [18, 19]]",1.0
5085,"[13, 18, 18]","[[0, 13], [13, 18], [18, 18], [18, 19]]",0.75
5086,"[13, 18, 18]","[[0, 13], [13, 18], [18, 18], [18, 19]]",0.5
5087,"[13, 18, 18]","[[0, 13], [13, 18], [18, 18], [18, 19]]",0.25
5088,"[13, 18, 19]","[[0, 13], [13, 18], [18, 19], [19, 19]]",1.0
5089,"[13, 18, 19]","[[0, 13], [13, 18], [18, 19], [19, 19]]",0.75
5090,"[13, 18, 19]","[[0, 13], [13, 18], [18, 19], [19, 19]]",0.5
5091,"[13, 18, 19]","[[0, 13], [13, 18], [18, 19], [19, 19]]",0.25
5092,"[13, 19, 19]","[[0, 13], [13, 19], [19, 19], [19, 19]]",1.0
5093,"[13, 19, 19]","[[0, 13], [13, 19], [19, 19], [19, 19]]",0.75
5094,"[13, 19, 19]","[[0, 13], [13, 19], [19, 19], [19, 19]]",0.5
5095,"[13, 19, 19]","[[0, 13], [13, 19], [19, 19], [19, 19]]",0.25
5096,"[14, 14, 14]","[[0, 14], [14, 14], [14, 14], [14, 19]]",1.0
5097,"[14, 14, 14]","[[0, 14], [14, 14], [14, 14], [14, 19]]",0.75
5098,"[14, 14, 14]","[[0, 14], [14, 14], [14, 14], [14, 19]]",0.5
5099,"[14, 14, 14]","[[0, 14], [14, 14], [14, 14], [14, 19]]",0.25
5100,"[14, 14, 15]","[[0, 14], [14, 14], [14, 15], [15, 19]]",1.0
5101,"[14, 14, 15]","[[0, 14], [14, 14], [14, 15], [15, 19]]",0.75
5102,"[14, 14, 15]","[[0, 14], [14, 14], [14, 15], [15, 19]]",0.5
5103,"[14, 14, 15]","[[0, 14], [14, 14], [14, 15], [15, 19]]",0.25
5104,"[14, 14, 16]","[[0, 14], [14, 14], [14, 16], [16, 19]]",1.0
5105,"[14, 14, 16]","[[0, 14], [14, 14], [14, 16], [16, 19]]",0.75
5106,"[14, 14, 16]","[[0, 14], [14, 14], [14, 16], [16, 19]]",0.5
5107,"[14, 14, 16]","[[0, 14], [14, 14], [14, 16], [16, 19]]",0.25
5108,"[14, 14, 17]","[[0, 14], [14, 14], [14, 17], [17, 19]]",1.0
5109,"[14, 14, 17]","[[0, 14], [14, 14], [14, 17], [17, 19]]",0.75
5110,"[14, 14, 17]","[[0, 14], [14, 14], [14, 17], [17, 19]]",0.5
5111,"[14, 14, 17]","[[0, 14], [14, 14], [14, 17], [17, 19]]",0.25
5112,"[14, 14, 18]","[[0, 14], [14, 14], [14, 18], [18, 19]]",1.0
5113,"[14, 14, 18]","[[0, 14], [14, 14], [14, 18], [18, 19]]",0.75
5114,"[14, 14, 18]","[[0, 14], [14, 14], [14, 18], [18, 19]]",0.5
5115,"[14, 14, 18]","[[0, 14], [14, 14], [14, 18], [18, 19]]",0.25
5116,"[14, 14, 19]","[[0, 14], [14, 14], [14, 19], [19, 19]]",1.0
5117,"[14, 14, 19]","[[0, 14], [14, 14], [14, 19], [19, 19]]",0.75
5118,"[14, 14, 19]","[[0, 14], [14, 14], [14, 19], [19, 19]]",0.5
5119,"[14, 14, 19]","[[0, 14], [14, 14], [14, 19], [19, 19]]",0.25
5120,"[14, 15, 15]","[[0, 14], [14, 15], [15, 15], [15, 19]]",1.0
5121,"[14, 15, 15]","[[0, 14], [14, 15], [15, 15], [15, 19]]",0.75
5122,"[14, 15, 15]","[[0, 14], [14, 15], [15, 15], [15, 19]]",0.5
5123,"[14, 15, 15]","[[0, 14], [14, 15], [15, 15], [15, 19]]",0.25
5124,"[14, 15, 16]","[[0, 14], [14, 15], [15, 16], [16, 19]]",1.0
5125,"[14, 15, 16]","[[0, 14], [14, 15], [15, 16], [16, 19]]",0.75
5126,"[14, 15, 16]","[[0, 14], [14, 15], [15, 16], [16, 19]]",0.5
5127,"[14, 15, 16]","[[0, 14], [14, 15], [15, 16], [16, 19]]",0.25
5128,"[14, 15, 17]","[[0, 14], [14, 15], [15, 17], [17, 19]]",1.0
5129,"[14, 15, 17]","[[0, 14], [14, 15], [15, 17], [17, 19]]",0.75
5130,"[14, 15, 17]","[[0, 14], [14, 15], [15, 17], [17, 19]]",0.5
5131,"[14, 15, 17]","[[0, 14], [14, 15], [15, 17], [17, 19]]",0.25
5132,"[14, 15, 18]","[[0, 14], [14, 15], [15, 18], [18, 19]]",1.0
5133,"[14, 15, 18]","[[0, 14], [14, 15], [15, 18], [18, 19]]",0.75
5134,"[14, 15, 18]","[[0, 14], [14, 15], [15, 18], [18, 19]]",0.5
5135,"[14, 15, 18]","[[0, 14], [14, 15], [15, 18], [18, 19]]",0.25
5136,"[14, 15, 19]","[[0, 14], [14, 15], [15, 19], [19, 19]]",1.0
5137,"[14, 15, 19]","[[0, 14], [14, 15], [15, 19], [19, 19]]",0.75
5138,"[14, 15, 19]","[[0, 14], [14, 15], [15, 19], [19, 19]]",0.5
5139,"[14, 15, 19]","[[0, 14], [14, 15], [15, 19], [19, 19]]",0.25
5140,"[14, 16, 16]","[[0, 14], [14, 16], [16, 16], [16, 19]]",1.0
5141,"[14, 16, 16]","[[0, 14], [14, 16], [16, 16], [16, 19]]",0.75
5142,"[14, 16, 16]","[[0, 14], [14, 16], [16, 16], [16, 19]]",0.5
5143,"[14, 16, 16]","[[0, 14], [14, 16], [16, 16], [16, 19]]",0.25
5144,"[14, 16, 17]","[[0, 14], [14, 16], [16, 17], [17, 19]]",1.0
5145,"[14, 16, 17]","[[0, 14], [14, 16], [16, 17], [17, 19]]",0.75
5146,"[14, 16, 17]","[[0, 14], [14, 16], [16, 17], [17, 19]]",0.5
5147,"[14, 16, 17]","[[0, 14], [14, 16], [16, 17], [17, 19]]",0.25
5148,"[14, 16, 18]","[[0, 14], [14, 16], [16, 18], [18, 19]]",1.0
5149,"[14, 16, 18]","[[0, 14], [14, 16], [16, 18], [18, 19]]",0.75
5150,"[14, 16, 18]","[[0, 14], [14, 16], [16, 18], [18, 19]]",0.5
5151,"[14, 16, 18]","[[0, 14], [14, 16], [16, 18], [18, 19]]",0.25
5152,"[14, 16, 19]","[[0, 14], [14, 16], [16, 19], [19, 19]]",1.0
5153,"[14, 16, 19]","[[0, 14], [14, 16], [16, 19], [19, 19]]",0.75
5154,"[14, 16, 19]","[[0, 14], [14, 16], [16, 19], [19, 19]]",0.5
5155,"[14, 16, 19]","[[0, 14], [14, 16], [16, 19], [19, 19]]",0.25
5156,"[14, 17, 17]","[[0, 14], [14, 17], [17, 17], [17, 19]]",1.0
5157,"[14, 17, 17]","[[0, 14], [14, 17], [17, 17], [17, 19]]",0.75
5158,"[14, 17, 17]","[[0, 14], [14, 17], [17, 17], [17, 19]]",0.5
5159,"[14, 17, 17]","[[0, 14], [14, 17], [17, 17], [17, 19]]",0.25
5160,"[14, 17, 18]","[[0, 14], [14, 17], [17, 18], [18, 19]]",1.0
5161,"[14, 17, 18]","[[0, 14], [14, 17], [17, 18], [18, 19]]",0.75
5162,"[14, 17, 18]","[[0, 14], [14, 17], [17, 18], [18, 19]]",0.5
5163,"[14, 17, 18]","[[0, 14], [14, 17], [17, 18], [18, 19]]",0.25
5164,"[14, 17, 19]","[[0, 14], [14, 17], [17, 19], [19, 19]]",1.0
5165,"[14, 17, 19]","[[0, 14], [14, 17], [17, 19], [19, 19]]",0.75
5166,"[14, 17, 19]","[[0, 14], [14, 17], [17, 19], [19, 19]]",0.5
5167,"[14, 17, 19]","[[0, 14], [14, 17], [17, 19], [19, 19]]",0.25
5168,"[14, 18, 18]","[[0, 14], [14, 18], [18, 18], [18, 19]]",1.0
5169,"[14, 18, 18]","[[0, 14], [14, 18], [18, 18], [18, 19]]",0.75
5170,"[14, 18, 18]","[[0, 14], [14, 18], [18, 18], [18, 19]]",0.5
5171,"[14, 18, 18]","[[0, 14], [14, 18], [18, 18], [18, 19]]",0.25
5172,"[14, 18, 19]","[[0, 14], [14, 18], [18, 19], [19, 19]]",1.0
5173,"[14, 18, 19]","[[0, 14], [14, 18], [18, 19], [19, 19]]",0.75
5174,"[14, 18, 19]","[[0, 14], [14, 18], [18, 19], [19, 19]]",0.5
5175,"[14, 18, 19]","[[0, 14], [14, 18], [18, 19], [19, 19]]",0.25
5176,"[14, 19, 19]","[[0, 14], [14, 19], [19, 19], [19, 19]]",1.0
5177,"[14, 19, 19]","[[0, 14], [14, 19], [19, 19], [19, 19]]",0.75
5178,"[14, 19, 19]","[[0, 14], [14, 19], [19, 19], [19, 19]]",0.5
5179,"[14, 19, 19]","[[0, 14], [14, 19], [19, 19], [19, 19]]",0.25
5180,"[15, 15, 15]","[[0, 15], [15, 15], [15, 15], [15, 19]]",1.0
5181,"[15, 15, 15]","[[0, 15], [15, 15], [15, 15], [15, 19]]",0.75
5182,"[15, 15, 15]","[[0, 15], [15, 15], [15, 15], [15, 19]]",0.5
5183,"[15, 15, 15]","[[0, 15], [15, 15], [15, 15], [15, 19]]",0.25
5184,"[15, 15, 16]","[[0, 15], [15, 15], [15, 16], [16, 19]]",1.0
5185,"[15, 15, 16]","[[0, 15], [15, 15], [15, 16], [16, 19]]",0.75
5186,"[15, 15, 16]","[[0, 15], [15, 15], [15, 16], [16, 19]]",0.5
5187,"[15, 15, 16]","[[0, 15], [15, 15], [15, 16], [16, 19]]",0.25
5188,"[15, 15, 17]","[[0, 15], [15, 15], [15, 17], [17, 19]]",1.0
5189,"[15, 15, 17]","[[0, 15], [15, 15], [15, 17], [17, 19]]",0.75
5190,"[15, 15, 17]","[[0, 15], [15, 15], [15, 17], [17, 19]]",0.5
5191,"[15, 15, 17]","[[0, 15], [15, 15], [15, 17], [17, 19]]",0.25
5192,"[15, 15, 18]","[[0, 15], [15, 15], [15, 18], [18, 19]]",1.0
5193,"[15, 15, 18]","[[0, 15], [15, 15], [15, 18], [18, 19]]",0.75
5194,"[15, 15, 18]","[[0, 15], [15, 15], [15, 18], [18, 19]]",0.5
5195,"[15, 15, 18]","[[0, 15], [15, 15], [15, 18], [18, 19]]",0.25
5196,"[15, 15, 19]","[[0, 15], [15, 15], [15, 19], [19, 19]]",1.0
5197,"[15, 15, 19]","[[0, 15], [15, 15], [15, 19], [19, 19]]",0.75
5198,"[15, 15, 19]","[[0, 15], [15, 15], [15, 19], [19, 19]]",0.5
5199,"[15, 15, 19]","[[0, 15], [15, 15], [15, 19], [19, 19]]",0.25
5200,"[15, 16, 16]","[[0, 15], [15, 16], [16, 16], [16, 19]]",1.0
5201,"[15, 16, 16]","[[0, 15], [15, 16], [16, 16], [16, 19]]",0.75
5202,"[15, 16, 16]","[[0, 15], [15, 16], [16, 16], [16, 19]]",0.5
5203,"[15, 16, 16]","[[0, 15], [15, 16], [16, 16], [16, 19]]",0.25
5204,"[15, 16, 17]","[[0, 15], [15, 16], [16, 17], [17, 19]]",1.0
5205,"[15, 16, 17]","[[0, 15], [15, 16], [16, 17], [17, 19]]",0.75
5206,"[15, 16, 17]","[[0, 15], [15, 16], [16, 17], [17, 19]]",0.5
5207,"[15, 16, 17]","[[0, 15], [15, 16], [16, 17], [17, 19]]",0.25
5208,"[15, 16, 18]","[[0, 15], [15, 16], [16, 18], [18, 19]]",1.0
5209,"[15, 16, 18]","[[0, 15], [15, 16], [16, 18], [18, 19]]",0.75
5210,"[15, 16, 18]","[[0, 15], [15, 16], [16, 18], [18, 19]]",0.5
5211,"[15, 16, 18]","[[0, 15], [15, 16], [16, 18], [18, 19]]",0.25
5212,"[15, 16, 19]","[[0, 15], [15, 16], [16, 19], [19, 19]]",1.0
5213,"[15, 16, 19]","[[0, 15], [15, 16], [16, 19], [19, 19]]",0.75
5214,"[15, 16, 19]","[[0, 15], [15, 16], [16, 19], [19, 19]]",0.5
5215,"[15, 16, 19]","[[0, 15], [15, 16], [16, 19], [19, 19]]",0.25
5216,"[15, 17, 17]","[[0, 15], [15, 17], [17, 17], [17, 19]]",1.0
5217,"[15, 17, 17]","[[0, 15], [15, 17], [17, 17], [17, 19]]",0.75
5218,"[15, 17, 17]","[[0, 15], [15, 17], [17, 17], [17, 19]]",0.5
5219,"[15, 17, 17]","[[0, 15], [15, 17], [17, 17], [17, 19]]",0.25
5220,"[15, 17, 18]","[[0, 15], [15, 17], [17, 18], [18, 19]]",1.0
5221,"[15, 17, 18]","[[0, 15], [15, 17], [17, 18], [18, 19]]",0.75
5222,"[15, 17, 18]","[[0, 15], [15, 17], [17, 18], [18, 19]]",0.5
5223,"[15, 17, 18]","[[0, 15], [15, 17], [17, 18], [18, 19]]",0.25
5224,"[15, 17, 19]","[[0, 15], [15, 17], [17, 19], [19, 19]]",1.0
5225,"[15, 17, 19]","[[0, 15], [15, 17], [17, 19], [19, 19]]",0.75
5226,"[15, 17, 19]","[[0, 15], [15, 17], [17, 19], [19, 19]]",0.5
5227,"[15, 17, 19]","[[0, 15], [15, 17], [17, 19], [19, 19]]",0.25
5228,"[15, 18, 18]","[[0, 15], [15, 18], [18, 18], [18, 19]]",1.0
5229,"[15, 18, 18]","[[0, 15], [15, 18], [18, 18], [18, 19]]",0.75
5230,"[15, 18, 18]","[[0, 15], [15, 18], [18, 18], [18, 19]]",0.5
5231,"[15, 18, 18]","[[0, 15], [15, 18], [18, 18], [18, 19]]",0.25
5232,"[15, 18, 19]","[[0, 15], [15, 18], [18, 19], [19, 19]]",1.0
5233,"[15, 18, 19]","[[0, 15], [15, 18], [18, 19], [19, 19]]",0.75
5234,"[15, 18, 19]","[[0, 15], [15, 18], [18, 19], [19, 19]]",0.5
5235,"[15, 18, 19]","[[0, 15], [15, 18], [18, 19], [19, 19]]",0.25
5236,"[15, 19, 19]","[[0, 15], [15, 19], [19, 19], [19, 19]]",1.0
5237,"[15, 19, 19]","[[0, 15], [15, 19], [19, 19], [19, 19]]",0.75
5238,"[15, 19, 19]","[[0, 15], [15, 19], [19, 19], [19, 19]]",0.5
5239,"[15, 19, 19]","[[0, 15], [15, 19], [19, 19], [19, 19]]",0.25
5240,"[16, 16, 16]","[[0, 16], [16, 16], [16, 16], [16, 19]]",1.0
5241,"[16, 16, 16]","[[0, 16], [16, 16], [16, 16], [16, 19]]",0.75
5242,"[16, 16, 16]","[[0, 16], [16, 16], [16, 16], [16, 19]]",0.5
5243,"[16, 16, 16]","[[0, 16], [16, 16], [16, 16], [16, 19]]",0.25
5244,"[16, 16, 17]","[[0, 16], [16, 16], [16, 17], [17, 19]]",1.0
5245,"[16, 16, 17]","[[0, 16], [16, 16], [16, 17], [17, 19]]",0.75
5246,"[16, 16, 17]","[[0, 16], [16, 16], [16, 17], [17, 19]]",0.5
5247,"[16, 16, 17]","[[0, 16], [16, 16], [16, 17], [17, 19]]",0.25
5248,"[16, 16, 18]","[[0, 16], [16, 16], [16, 18], [18, 19]]",1.0
5249,"[16, 16, 18]","[[0, 16], [16, 16], [16, 18], [18, 19]]",0.75
5250,"[16, 16, 18]","[[0, 16], [16, 16], [16, 18], [18, 19]]",0.5
5251,"[16, 16, 18]","[[0, 16], [16, 16], [16, 18], [18, 19]]",0.25
5252,"[16, 16, 19]","[[0, 16], [16, 16], [16, 19], [19, 19]]",1.0
5253,"[16, 16, 19]","[[0, 16], [16, 16], [16, 19], [19, 19]]",0.75
5254,"[16, 16, 19]","[[0, 16], [16, 16], [16, 19], [19, 19]]",0.5
5255,"[16, 16, 19]","[[0, 16], [16, 16], [16, 19], [19, 19]]",0.25
5256,"[16, 17, 17]","[[0, 16], [16, 17], [17, 17], [17, 19]]",1.0
5257,"[16, 17, 17]","[[0, 16], [16, 17], [17, 17], [17, 19]]",0.75
5258,"[16, 17, 17]","[[0, 16], [16, 17], [17, 17], [17, 19]]",0.5
5259,"[16, 17, 17]","[[0, 16], [16, 17], [17, 17], [17, 19]]",0.25
5260,"[16, 17, 18]","[[0, 16], [16, 17], [17, 18], [18, 19]]",1.0
5261,"[16, 17, 18]","[[0, 16], [16, 17], [17, 18], [18, 19]]",0.75
5262,"[16, 17, 18]","[[0, 16], [16, 17], [17, 18], [18, 19]]",0.5
5263,"[16, 17, 18]","[[0, 16], [16, 17], [17, 18], [18, 19]]",0.25
5264,"[16, 17, 19]","[[0, 16], [16, 17], [17, 19], [19, 19]]",1.0
5265,"[16, 17, 19]","[[0, 16], [16, 17], [17, 19], [19, 19]]",0.75
5266,"[16, 17, 19]","[[0, 16], [16, 17], [17, 19], [19, 19]]",0.5
5267,"[16, 17, 19]","[[0, 16], [16, 17], [17, 19], [19, 19]]",0.25
5268,"[16, 18, 18]","[[0, 16], [16, 18], [18, 18], [18, 19]]",1.0
5269,"[16, 18, 18]","[[0, 16], [16, 18], [18, 18], [18, 19]]",0.75
5270,"[16, 18, 18]","[[0, 16], [16, 18], [18, 18], [18, 19]]",0.5
5271,"[16, 18, 18]","[[0, 16], [16, 18], [18, 18], [18, 19]]",0.25
5272,"[16, 18, 19]","[[0, 16], [16, 18], [18, 19], [19, 19]]",1.0
5273,"[16, 18, 19]","[[0, 16], [16, 18], [18, 19], [19, 19]]",0.75
5274,"[16, 18, 19]","[[0, 16], [16, 18], [18, 19], [19, 19]]",0.5
5275,"[16, 18, 19]","[[0, 16], [16, 18], [18, 19], [19, 19]]",0.25
5276,"[16, 19, 19]","[[0, 16], [16, 19], [19, 19], [19, 19]]",1.0
5277,"[16, 19, 19]","[[0, 16], [16, 19], [19, 19], [19, 19]]",0.75
5278,"[16, 19, 19]","[[0, 16], [16, 19], [19, 19], [19, 19]]",0.5
5279,"[16, 19, 19]","[[0, 16], [16, 19], [19, 19], [19, 19]]",0.25
5280,"[17, 17, 17]","[[0, 17], [17, 17], [17, 17], [17, 19]]",1.0
5281,"[17, 17, 17]","[[0, 17], [17, 17], [17, 17], [17, 19]]",0.75
5282,"[17, 17, 17]","[[0, 17], [17, 17], [17, 17], [17, 19]]",0.5
5283,"[17, 17, 17]","[[0, 17], [17, 17], [17, 17], [17, 19]]",0.25
5284,"[17, 17, 18]","[[0, 17], [17, 17], [17, 18], [18, 19]]",1.0
5285,"[17, 17, 18]","[[0, 17], [17, 17], [17, 18], [18, 19]]",0.75
5286,"[17, 17, 18]","[[0, 17], [17, 17], [17, 18], [18, 19]]",0.5
5287,"[17, 17, 18]","[[0, 17], [17, 17], [17, 18], [18, 19]]",0.25
5288,"[17, 17, 19]","[[0, 17], [17, 17], [17, 19], [19, 19]]",1.0
5289,"[17, 17, 19]","[[0, 17], [17, 17], [17, 19], [19, 19]]",0.75
5290,"[17, 17, 19]","[[0, 17], [17, 17], [17, 19], [19, 19]]",0.5
5291,"[17, 17, 19]","[[0, 17], [17, 17], [17, 19], [19, 19]]",0.25
5292,"[17, 18, 18]","[[0, 17], [17, 18], [18, 18], [18, 19]]",1.0
5293,"[17, 18, 18]","[[0, 17], [17, 18], [18, 18], [18, 19]]",0.75
5294,"[17, 18, 18]","[[0, 17], [17, 18], [18, 18], [18, 19]]",0.5
5295,"[17, 18, 18]","[[0, 17], [17, 18], [18, 18], [18, 19]]",0.25
5296,"[17, 18, 19]","[[0, 17], [17, 18], [18, 19], [19, 19]]",1.0
5297,"[17, 18, 19]","[[0, 17], [17, 18], [18, 19], [19, 19]]",0.75
5298,"[17, 18, 19]","[[0, 17], [17, 18], [18, 19], [19, 19]]",0.5
5299,"[17, 18, 19]","[[0, 17], [17, 18], [18, 19], [19, 19]]",0.25
5300,"[17, 19, 19]","[[0, 17], [17, 19], [19, 19], [19, 19]]",1.0
5301,"[17, 19, 19]","[[0, 17], [17, 19], [19, 19], [19, 19]]",0.75
5302,"[17, 19, 19]","[[0, 17], [17, 19], [19, 19], [19, 19]]",0.5
5303,"[17, 19, 19]","[[0, 17], [17, 19], [19, 19], [19, 19]]",0.25
5304,"[18, 18, 18]","[[0, 18], [18, 18], [18, 18], [18, 19]]",1.0
5305,"[18, 18, 18]","[[0, 18], [18, 18], [18, 18], [18, 19]]",0.75
5306,"[18, 18, 18]","[[0, 18], [18, 18], [18, 18], [18, 19]]",0.5
5307,"[18, 18, 18]","[[0, 18], [18, 18], [18, 18], [18, 19]]",0.25
5308,"[18, 18, 19]","[[0, 18], [18, 18], [18, 19], [19, 19]]",1.0
5309,"[18, 18, 19]","[[0, 18], [18, 18], [18, 19], [19, 19]]",0.75
5310,"[18, 18, 19]","[[0, 18], [18, 18], [18, 19], [19, 19]]",0.5
5311,"[18, 18, 19]","[[0, 18], [18, 18], [18, 19], [19, 19]]",0.25
5312,"[18, 19, 19]","[[0, 18], [18, 19], [19, 19], [19, 19]]",1.0
5313,"[18, 19, 19]","[[0, 18], [18, 19], [19, 19], [19, 19]]",0.75
5314,"[18, 19, 19]","[[0, 18], [18, 19], [19, 19], [19, 19]]",0.5
5315,"[18, 19, 19]","[[0, 18], [18, 19], [19, 19], [19, 19]]",0.25
5316,"[19, 19, 19]","[[0, 19], [19, 19], [19, 19], [19, 19]]",1.0
